[Licensing::Module] Trying to connect to existing licensing client channel...
[Licensing::IpcConnector] Successfully connected to: "LicenseClient-erik1984" at "2026-09-18T05:57:10.6375673Z"
Built from '6000.6/respin/6000.6.0f1-fa21a270ab12' branch; Version is '6000.6.0f1 (f7f8ed4d1e24) revision 16251117'; Using compiler version '194234433'; Build Type 'Release'
OS: 'Windows 11  (10.0.26200) Professional' Language: 'en' Physical Memory: 16075 MB
BatchMode: 1, IsHumanControllingUs: 0, StartBugReporterOnCrash: 0, Is64bit: 1
System  architecture: x64
Process architecture: x64
Date: 2026-09-18T05:57:10Z
[Licensing::Client] Code 10 while verifying Licensing Client signature (process Id: 17704, path: "C:/Program Files/Unity Hub/UnityLicensingClient_V1/Unity.Licensing.Client.exe")
[Licensing::Module] LicensingClient has failed validation; ignoring
[Licensing::Client] Handshaking with LicensingClient:
  Version:                 1.18.3+d7ffd15
  Session Id:              627eeb7416e643dd81ced8f0a8f3674b
  Correlation Id:          14e5c0213d83badbf2bb8aee405246a0
  External correlation Id: 3353192901675761843
  Machine Id:              EumUUpzsgCqVS6b43t6iMy9DaCM=
[Licensing::Module] Successfully connected to LicensingClient on channel: "LicenseClient-erik1984" (connect: 0.00s, validation: 0.00s, handshake: 0.10s)
[Licensing::IpcConnector] Successfully connected to: "LicenseClient-erik1984-notifications" at "2026-09-18T05:57:10.7387537Z"
[Licensing::Module] Licensing Background thread has ended after 0.10s

COMMAND LINE ARGUMENTS:
C:\Program Files\Unity\Hub\Editor\6000.6.0f1-x86_64\Editor\Unity.exe
-adb2
-batchMode
-noUpm
-name
AssetImportWorkerHW1
-projectPath
C:/Users/esims/OneDrive/Documents/GitHub/weektoo
-logFile
Logs/AssetImportWorkerHW1.log
-srvPort
56957
-parentPid
9100
-analyticsCloudUserId
20067644754863
-analyticsLocalProjectId
71cb909e73b7dae47a293d05996c17e1
-editorAnalyticsEnabled
1
-cbmEditorLicense
1c6b8508ebfd74f7a17143d78e08eb3fae8545cf
-cbmMachineId
EumUUpzsgCqVS6b43t6iMy9DaCM=
-noDiagnosticSwitchPersistentStore
-job-worker-count
3
-background-job-worker-count
8
-asset-garbage-collectors
1
-force-d3d12
-name
AssetImport
Successfully changed project path to: C:/Users/esims/OneDrive/Documents/GitHub/weektoo
C:/Users/esims/OneDrive/Documents/GitHub/weektoo
[UnityMemory] Configuration Parameters - Can be set up in boot.config
    "memorysetup-temp-allocator-size-gi-baking-worker=262144"
    "memorysetup-temp-allocator-size-gi-baking-worker=262144"
    "memorysetup-temp-allocator-size-gi-baking-worker=262144"
    "memorysetup-temp-allocator-size-gi-baking-worker=262144"
    "memorysetup-temp-allocator-size-gi-baking-worker=262144"
    "memorysetup-temp-allocator-size-nav-mesh-worker=65536"
    "memorysetup-temp-allocator-size-audio-worker=65536"
    "memorysetup-temp-allocator-size-cloud-worker=32768"
    "memorysetup-temp-allocator-size-gfx=262144"
    "memorysetup-remapper-allocator-initial-capacity=32768"
    "memorysetup-temp-allocator-size-preload-manager=33554432"
    "memorysetup-allocator-temp-initial-block-size-main=262144"
    "memorysetup-allocator-temp-initial-block-size-worker=262144"
    "memorysetup-temp-allocator-size-job-worker=262144"
    "memorysetup-temp-allocator-size-background-worker=32768"
    "memorysetup-bucket-allocator-granularity=16"
    "memorysetup-bucket-allocator-bucket-count=8"
    "memorysetup-bucket-allocator-block-size=33554432"
    "memorysetup-bucket-allocator-block-count=8"
    "memorysetup-main-allocator-block-size=16777216"
    "memorysetup-thread-allocator-block-size=16777216"
    "memorysetup-main-allocator-mimalloc-enabled=1"
    "memorysetup-gfx-main-allocator-block-size=16777216"
    "memorysetup-gfx-thread-allocator-block-size=16777216"
    "memorysetup-cache-allocator-block-size=4194304"
    "memorysetup-typetree-allocator-block-size=2097152"
    "memorysetup-profiler-bucket-allocator-granularity=16"
    "memorysetup-profiler-bucket-allocator-bucket-count=8"
    "memorysetup-profiler-bucket-allocator-block-size=33554432"
    "memorysetup-profiler-bucket-allocator-block-count=8"
    "memorysetup-profiler-allocator-block-size=16777216"
    "memorysetup-profiler-editor-allocator-block-size=1048576"
    "memorysetup-temp-allocator-size-main=16777216"
    "memorysetup-job-temp-allocator-block-size=2097152"
    "memorysetup-job-temp-allocator-block-size-background=1048576"
    "memorysetup-job-temp-allocator-reduction-small-platforms=262144"
Player connection [17784]  Target information:

Player connection [17784]  * "[IP] 172.24.160.1 [Port] 0 [Flags] 2 [Guid] 3338029612 [EditorId] 3338029612 [Version] 1048832 [Id] WindowsEditor(7,DESKTOP-20E1QAH) [Debug] 1 [PackageName] WindowsEditor [ProjectName] Editor" 

Player connection [17784]  * "[IP] 10.33.102.177 [Port] 0 [Flags] 2 [Guid] 3338029612 [EditorId] 3338029612 [Version] 1048832 [Id] WindowsEditor(7,DESKTOP-20E1QAH) [Debug] 1 [PackageName] WindowsEditor [ProjectName] Editor" 

Player connection [17784] Host joined multi-casting on [225.0.0.222:54997]...
Player connection [17784] Host joined alternative multi-casting on [225.0.0.222:34997]...
JobSystem: Creating JobQueue using job-worker-count value 3
Input System module state changed to: Initialized.
[Physics::Module] Initialized fallback backend.
[Physics::Module] Id: 0xdecafbad
Library Redirect Path: Library/
[Physics::Module] Selected backend.
[Physics::Module] Name: PhysX
[Physics::Module] Id: 0xf2b8ea05
[Physics::Module] SDK Version: 4.1.2
[Physics::Module] Integration Version: 1.0.0
[Physics::Module] Threading Mode: Multi-Threaded
Refreshing native plugins compatible for Editor in 11.23 ms, found 3 plugins.
Initialize engine version: 6000.6.0f1 (f7f8ed4d1e24)
[EntityIdStore] init: VM path (explicit commit), pageSize=4096, blockCount=1048576, entitiesPerBlock=256, slots reserved=4294967296 bytes
[Subsystems] Discovering subsystems at path C:/Program Files/Unity/Hub/Editor/6000.6.0f1-x86_64/Editor/Data/Resources/UnitySubsystems
[Subsystems] Discovering subsystems at path C:/Users/esims/OneDrive/Documents/GitHub/weektoo/Assets
Forcing GfxDevice: Direct3D 12
GfxDevice: creating device client; kGfxThreadingModeNonThreaded
d3d12: failed to query info queue interface (0x80004002).
Direct3D:
    Version:         Direct3D 12 [level 12.1]
    Renderer:        NVIDIA GeForce MX450 (ID=0x1f97)
    Vendor:          NVIDIA
    VRAM:            1906 MB
    App VRAM Budget: 1620 MB
    Driver:          32.0.15.5597
Initialize mono
Mono path[0] = 'C:/Program Files/Unity/Hub/Editor/6000.6.0f1-x86_64/Editor/Data/Managed'
Mono path[1] = 'C:/Program Files/Unity/Hub/Editor/6000.6.0f1-x86_64/Editor/Data/BCLExtensions/runtime/netstandard2.1'
Mono path[2] = 'C:/Program Files/Unity/Hub/Editor/6000.6.0f1-x86_64/Editor/Data/MonoBleedingEdge/lib/mono/unityjit-win32'
Mono config path = 'C:/Program Files/Unity/Hub/Editor/6000.6.0f1-x86_64/Editor/Data/MonoBleedingEdge/etc'
Using monoOptions --debugger-agent=transport=dt_socket,embedding=1,server=y,suspend=n,address=127.0.0.1:56884
CodeReloadManager initialized
Begin MonoManager ReloadAssembly
Registering precompiled unity dll's ...
Register platform support module: C:/Program Files/Unity/Hub/Editor/6000.6.0f1-x86_64/Editor/Data/PlaybackEngines/WindowsStandaloneSupport/UnityEditor.WindowsStandalone.Extensions.dll
Registered in 0.006620 seconds.
Native extension for WindowsStandalone target not found
Package Manager log level set to [2]
[Package Manager] Failed to launch server process. Reason: Unity was launched with the -noUpm command-line argument
[Package Manager] Unable to send message (not connected to server process).
[Package Manager] Cannot connect to Unity Package Manager local server
ScheduleIndexationOnStartup MainProcess:False IndexOnStartup:True
Scripting: successfully reloaded assembly
- Finished resetting the current domain, in  1.639 seconds
Domain Reload Profiling: 3736ms
	BeginReloadAssembly (265ms)
	RebuildCommonClasses (12ms)
	RebuildNativeTypeToScriptingClass (40ms)
	initialDomainReloadingComplete (195ms)
	LoadAllAssembliesAndSetupDomain (1580ms)
		LoadAssemblies (255ms)
		TypeCache.Refresh (985ms)
			TypeCache.ScanAssembly (933ms)
		AnalyzeDomain (3ms)
	FinalizeReload (1645ms)
		SetupLoadedEditorAssemblies (0ms)
			LogAssemblyErrors (5ms)
			InitializePlatformSupportModulesInManaged (5ms)
			BeforeProcessingInitializeOnLoad (324ms)
			ProcessInitializeOnLoadAttributes (345ms)
			ProcessInitializeOnLoadMethodAttributes (673ms)
Initializing Unity extensions:
[Licensing::Client] Successfully resolved entitlement details
[Licensing::Module] License group:
  Id: 20067644754863-UnityPersXXXX
  Product: Unity Personal
  Type: Assigned
  Expiration: Unlimited
========================================================================
Worker process is ready to serve import requests
Import Worker Mode flag is 0x00
Begin MonoManager ReloadAssembly
'Packages/com.unity.render-pipelines.core/Editor/Deprecated.cs' contains partial class of Unity.Object, exactly 1 of the partial classes needs to be in a file with the same filename. This is to know the one that can be referenced from ie. GameObjects
'Packages/com.unity.render-pipelines.core/Editor/Deprecated.cs' contains partial class of Unity.Object, exactly 1 of the partial classes needs to be in a file with the same filename. This is to know the one that can be referenced from ie. GameObjects
Refreshing native plugins compatible for Editor in 2.21 ms, found 3 plugins.
Native extension for WindowsStandalone target not found
[Package Manager] Failed to launch server process. Reason: Unity was launched with the -noUpm command-line argument
[Package Manager] Unable to send message (not connected to server process).
[Package Manager] Cannot connect to Unity Package Manager local server
[Package Manager] Failed to launch server process. Reason: Unity was launched with the -noUpm command-line argument
[Package Manager] Unable to send message (not connected to server process).
[Package Manager] Cannot connect to Unity Package Manager local server
ScheduleIndexationOnStartup MainProcess:False IndexOnStartup:True
Scripting: successfully reloaded assembly
- Finished resetting the current domain, in  1.430 seconds
Domain Reload Profiling: 3467ms
	BeginReloadAssembly (568ms)
		DisableScriptedObjects (40ms)
		CreateAndSetChildDomain (81ms)
	RebuildCommonClasses (20ms)
	RebuildNativeTypeToScriptingClass (44ms)
	initialDomainReloadingComplete (139ms)
	LoadAllAssembliesAndSetupDomain (1261ms)
		LoadAssemblies (740ms)
		TypeCache.Refresh (319ms)
			TypeCache.ScanAssembly (289ms)
		AnalyzeDomain (110ms)
			BuildScriptInfoCaches (100ms)
			ResolveRequiredComponents (8ms)
	FinalizeReload (1433ms)
		SetupLoadedEditorAssemblies (0ms)
			LogAssemblyErrors (7ms)
			InitializePlatformSupportModulesInManaged (3ms)
			BeforeProcessingInitializeOnLoad (206ms)
			ProcessInitializeOnLoadAttributes (564ms)
			ProcessInitializeOnLoadMethodAttributes (155ms)
			AfterProcessingInitializeOnLoad (19ms)
			EditorAssembliesLoaded (3ms)
		AwakeInstancesAfterBackupRestoration (19ms)
AcceleratorClientConnectionCallback - disconnected - :0
Launched and connected shader compiler UnityShaderCompiler.exe after 0.03 seconds
Refreshing native plugins compatible for Editor in 2.82 ms, found 3 plugins.
Unloading 24 Unused Serialized files (Serialized files now loaded: 0)
Unloading 4982 unused Assets / (5.8 MB). Loaded Objects now: 5901.
Memory consumption went from 303.2 MB to 297.5 MB.
Total: 13.841900 ms (FindLiveObjects: 1.460200 ms CreateObjectMapping: 1.322700 ms MarkObjects: 8.303400 ms  DeleteObjects: 2.410200 ms)

========================================================================
Received Prepare
AcceleratorClientConnectionCallback - disconnected - :0
'Packages/com.unity.render-pipelines.core/Editor/Deprecated.cs' contains partial class of Unity.Object, exactly 1 of the partial classes needs to be in a file with the same filename. This is to know the one that can be referenced from ie. GameObjects
'Packages/com.unity.render-pipelines.core/Editor/Deprecated.cs' contains partial class of Unity.Object, exactly 1 of the partial classes needs to be in a file with the same filename. This is to know the one that can be referenced from ie. GameObjects
Refreshing native plugins compatible for Editor in 5.38 ms, found 3 plugins.
Unloading 24 Unused Serialized files (Serialized files now loaded: 0)
Unloading 4971 unused Assets / (5.2 MB). Loaded Objects now: 5901.
Memory consumption went from 301.4 MB to 296.2 MB.
Total: 32.980600 ms (FindLiveObjects: 1.769100 ms CreateObjectMapping: 1.203100 ms MarkObjects: 26.143400 ms  DeleteObjects: 3.427000 ms)

Prepare: number of updated asset objects reloaded= 0
========================================================================
Received Import Request.
  Time of request: 2026-09-18T06:01:47.5817049Z
  Time since last request: 1420038.73679700004868 seconds.
  importAddress: GUID: 0147bc62fbb120546854fa4630e03d39 - Path: Assets/moveScript.cs - Importer: ScriptedImporter/UnityEditor.QuickSearchModule:UnityEditor.Search:ASIAI0B
Importing 'GUID: 0147bc62fbb120546854fa4630e03d39 - Path: Assets/moveScript.cs - Importer: ScriptedImporter/UnityEditor.QuickSearchModule:UnityEditor.Search:ASIAI0B' with importer (ScriptedImporter : UnityEditor.QuickSearchModule:UnityEditor.Search:ASIAI0B)
Imported 'GUID: 0147bc62fbb120546854fa4630e03d39' -> (Import Result ID: '473a1d004f078d43d946a7235b5d2397') in 0.219 seconds [static and dynamic dependencies]. Details - ImportResultOutputID=d0e05c9191ddbef3c8a84fbfcbf2f82b DependenciesID=304277b4f3f166ff104b8656a6140571 StaticDependenciesID=0952ed8039458dbe928b7a6a2743476c 
Number of updated asset objects reloaded before import = 0
Number of asset objects unloaded after import = 0
========================================================================
Received Prepare
AcceleratorClientConnectionCallback - disconnected - :0
'Packages/com.unity.render-pipelines.core/Editor/Deprecated.cs' contains partial class of Unity.Object, exactly 1 of the partial classes needs to be in a file with the same filename. This is to know the one that can be referenced from ie. GameObjects
'Packages/com.unity.render-pipelines.core/Editor/Deprecated.cs' contains partial class of Unity.Object, exactly 1 of the partial classes needs to be in a file with the same filename. This is to know the one that can be referenced from ie. GameObjects
Refreshing native plugins compatible for Editor in 3.47 ms, found 3 plugins.
Unloading 24 Unused Serialized files (Serialized files now loaded: 0)
Unloading 4971 unused Assets / (3.0 MB). Loaded Objects now: 5903.
Memory consumption went from 305.4 MB to 302.3 MB.
Total: 32.120500 ms (FindLiveObjects: 1.693900 ms CreateObjectMapping: 1.120300 ms MarkObjects: 24.803300 ms  DeleteObjects: 4.009100 ms)

Prepare: number of updated asset objects reloaded= 0
========================================================================
Received Prepare
AcceleratorClientConnectionCallback - disconnected - :0
'Packages/com.unity.render-pipelines.core/Editor/Deprecated.cs' contains partial class of Unity.Object, exactly 1 of the partial classes needs to be in a file with the same filename. This is to know the one that can be referenced from ie. GameObjects
'Packages/com.unity.render-pipelines.core/Editor/Deprecated.cs' contains partial class of Unity.Object, exactly 1 of the partial classes needs to be in a file with the same filename. This is to know the one that can be referenced from ie. GameObjects
Refreshing native plugins compatible for Editor in 2.37 ms, found 3 plugins.
Unloading 24 Unused Serialized files (Serialized files now loaded: 0)
Unloading 4971 unused Assets / (4.8 MB). Loaded Objects now: 5903.
Memory consumption went from 307.3 MB to 302.5 MB.
Total: 14.044700 ms (FindLiveObjects: 1.521600 ms CreateObjectMapping: 0.809300 ms MarkObjects: 9.707000 ms  DeleteObjects: 1.616000 ms)

Prepare: number of updated asset objects reloaded= 0
========================================================================
Received Prepare
AcceleratorClientConnectionCallback - disconnected - :0
'Packages/com.unity.render-pipelines.core/Editor/Deprecated.cs' contains partial class of Unity.Object, exactly 1 of the partial classes needs to be in a file with the same filename. This is to know the one that can be referenced from ie. GameObjects
'Packages/com.unity.render-pipelines.core/Editor/Deprecated.cs' contains partial class of Unity.Object, exactly 1 of the partial classes needs to be in a file with the same filename. This is to know the one that can be referenced from ie. GameObjects
Refreshing native plugins compatible for Editor in 3.07 ms, found 3 plugins.
Unloading 24 Unused Serialized files (Serialized files now loaded: 0)
Unloading 4971 unused Assets / (5.5 MB). Loaded Objects now: 5903.
Memory consumption went from 309.2 MB to 303.7 MB.
Total: 15.695600 ms (FindLiveObjects: 1.340900 ms CreateObjectMapping: 0.944400 ms MarkObjects: 11.292400 ms  DeleteObjects: 1.709800 ms)

Prepare: number of updated asset objects reloaded= 0
========================================================================
Received Prepare
AcceleratorClientConnectionCallback - disconnected - :0
'Packages/com.unity.render-pipelines.core/Editor/Deprecated.cs' contains partial class of Unity.Object, exactly 1 of the partial classes needs to be in a file with the same filename. This is to know the one that can be referenced from ie. GameObjects
'Packages/com.unity.render-pipelines.core/Editor/Deprecated.cs' contains partial class of Unity.Object, exactly 1 of the partial classes needs to be in a file with the same filename. This is to know the one that can be referenced from ie. GameObjects
Refreshing native plugins compatible for Editor in 4.10 ms, found 3 plugins.
Unloading 24 Unused Serialized files (Serialized files now loaded: 0)
Unloading 4971 unused Assets / (5.6 MB). Loaded Objects now: 5903.
Memory consumption went from 311.1 MB to 305.5 MB.
Total: 16.616000 ms (FindLiveObjects: 1.506900 ms CreateObjectMapping: 1.044300 ms MarkObjects: 11.253400 ms  DeleteObjects: 2.380200 ms)

Prepare: number of updated asset objects reloaded= 0
========================================================================
Received Prepare
AcceleratorClientConnectionCallback - disconnected - :0
[Licensing::Client] Successfully resolved entitlement details
Begin MonoManager ReloadAssembly
'Packages/com.unity.render-pipelines.core/Editor/Deprecated.cs' contains partial class of Unity.Object, exactly 1 of the partial classes needs to be in a file with the same filename. This is to know the one that can be referenced from ie. GameObjects
'Packages/com.unity.render-pipelines.core/Editor/Deprecated.cs' contains partial class of Unity.Object, exactly 1 of the partial classes needs to be in a file with the same filename. This is to know the one that can be referenced from ie. GameObjects
Refreshing native plugins compatible for Editor in 2.82 ms, found 3 plugins.
Native extension for WindowsStandalone target not found
[Package Manager] Failed to launch server process. Reason: Unity was launched with the -noUpm command-line argument
[Package Manager] Unable to send message (not connected to server process).
[Package Manager] Cannot connect to Unity Package Manager local server
[Package Manager] Failed to launch server process. Reason: Unity was launched with the -noUpm command-line argument
[Package Manager] Unable to send message (not connected to server process).
[Package Manager] Cannot connect to Unity Package Manager local server
ScheduleIndexationOnStartup MainProcess:False IndexOnStartup:True
Scripting: successfully reloaded assembly
- Finished resetting the current domain, in  2.320 seconds
Domain Reload Profiling: 5233ms
	BeginReloadAssembly (1039ms)
		ExecutionOrderSort (7ms)
		DisableScriptedObjects (80ms)
		CreateAndSetChildDomain (315ms)
	RebuildCommonClasses (17ms)
	RebuildNativeTypeToScriptingClass (46ms)
	initialDomainReloadingComplete (152ms)
	LoadAllAssembliesAndSetupDomain (1657ms)
		LoadAssemblies (1013ms)
		TypeCache.Refresh (39ms)
		AnalyzeDomain (487ms)
			BuildScriptInfoCaches (453ms)
			ResolveRequiredComponents (16ms)
	FinalizeReload (2322ms)
		SetupLoadedEditorAssemblies (0ms)
			LogAssemblyErrors (6ms)
			InitializePlatformSupportModulesInManaged (5ms)
			BeforeProcessingInitializeOnLoad (289ms)
			ProcessInitializeOnLoadAttributes (518ms)
			ProcessInitializeOnLoadMethodAttributes (157ms)
			AfterProcessingInitializeOnLoad (16ms)
		AwakeInstancesAfterBackupRestoration (31ms)
Refreshing native plugins compatible for Editor in 2.60 ms, found 3 plugins.
Unloading 24 Unused Serialized files (Serialized files now loaded: 0)
Unloading 4980 unused Assets / (6.1 MB). Loaded Objects now: 5953.
Memory consumption went from 322.6 MB to 316.5 MB.
Total: 18.458000 ms (FindLiveObjects: 1.928100 ms CreateObjectMapping: 1.016200 ms MarkObjects: 12.699100 ms  DeleteObjects: 2.376900 ms)

Prepare: number of updated asset objects reloaded= 0
========================================================================
Received Prepare
AcceleratorClientConnectionCallback - disconnected - :0
[Licensing::Client] Successfully resolved entitlement details
Begin MonoManager ReloadAssembly
'Packages/com.unity.render-pipelines.core/Editor/Deprecated.cs' contains partial class of Unity.Object, exactly 1 of the partial classes needs to be in a file with the same filename. This is to know the one that can be referenced from ie. GameObjects
'Packages/com.unity.render-pipelines.core/Editor/Deprecated.cs' contains partial class of Unity.Object, exactly 1 of the partial classes needs to be in a file with the same filename. This is to know the one that can be referenced from ie. GameObjects
Refreshing native plugins compatible for Editor in 3.84 ms, found 3 plugins.
Native extension for WindowsStandalone target not found
[Package Manager] Failed to launch server process. Reason: Unity was launched with the -noUpm command-line argument
[Package Manager] Unable to send message (not connected to server process).
[Package Manager] Cannot connect to Unity Package Manager local server
[Package Manager] Failed to launch server process. Reason: Unity was launched with the -noUpm command-line argument
[Package Manager] Unable to send message (not connected to server process).
[Package Manager] Cannot connect to Unity Package Manager local server
ScheduleIndexationOnStartup MainProcess:False IndexOnStartup:True
Scripting: successfully reloaded assembly
- Finished resetting the current domain, in  2.267 seconds
Domain Reload Profiling: 4468ms
	BeginReloadAssembly (662ms)
		DisableScriptedObjects (25ms)
		CreateAndSetChildDomain (113ms)
	RebuildCommonClasses (28ms)
	RebuildNativeTypeToScriptingClass (54ms)
	initialDomainReloadingComplete (151ms)
	LoadAllAssembliesAndSetupDomain (1305ms)
		LoadAssemblies (896ms)
		TypeCache.Refresh (22ms)
		AnalyzeDomain (359ms)
			BuildScriptInfoCaches (345ms)
			ResolveRequiredComponents (9ms)
	FinalizeReload (2269ms)
		SetupLoadedEditorAssemblies (0ms)
			LogAssemblyErrors (4ms)
			InitializePlatformSupportModulesInManaged (8ms)
			BeforeProcessingInitializeOnLoad (445ms)
			ProcessInitializeOnLoadAttributes (982ms)
			ProcessInitializeOnLoadMethodAttributes (214ms)
			AfterProcessingInitializeOnLoad (25ms)
			EditorAssembliesLoaded (3ms)
		AwakeInstancesAfterBackupRestoration (59ms)
Refreshing native plugins compatible for Editor in 5.00 ms, found 3 plugins.
Unloading 24 Unused Serialized files (Serialized files now loaded: 0)
Unloading 4980 unused Assets / (4.9 MB). Loaded Objects now: 5956.
Memory consumption went from 325.3 MB to 320.4 MB.
Total: 17.267500 ms (FindLiveObjects: 1.708100 ms CreateObjectMapping: 1.272700 ms MarkObjects: 11.388900 ms  DeleteObjects: 2.391600 ms)

Prepare: number of updated asset objects reloaded= 0
========================================================================
Received Prepare
AcceleratorClientConnectionCallback - disconnected - :0
[Licensing::Client] Successfully resolved entitlement details
Begin MonoManager ReloadAssembly
'Packages/com.unity.render-pipelines.core/Editor/Deprecated.cs' contains partial class of Unity.Object, exactly 1 of the partial classes needs to be in a file with the same filename. This is to know the one that can be referenced from ie. GameObjects
'Packages/com.unity.render-pipelines.core/Editor/Deprecated.cs' contains partial class of Unity.Object, exactly 1 of the partial classes needs to be in a file with the same filename. This is to know the one that can be referenced from ie. GameObjects
Refreshing native plugins compatible for Editor in 2.29 ms, found 3 plugins.
Native extension for WindowsStandalone target not found
[Package Manager] Failed to launch server process. Reason: Unity was launched with the -noUpm command-line argument
[Package Manager] Unable to send message (not connected to server process).
[Package Manager] Cannot connect to Unity Package Manager local server
[Package Manager] Failed to launch server process. Reason: Unity was launched with the -noUpm command-line argument
[Package Manager] Unable to send message (not connected to server process).
[Package Manager] Cannot connect to Unity Package Manager local server
ScheduleIndexationOnStartup MainProcess:False IndexOnStartup:True
Scripting: successfully reloaded assembly
- Finished resetting the current domain, in  1.476 seconds
Domain Reload Profiling: 3403ms
	BeginReloadAssembly (605ms)
		DisableScriptedObjects (26ms)
		CreateAndSetChildDomain (110ms)
	RebuildCommonClasses (31ms)
	RebuildNativeTypeToScriptingClass (60ms)
	initialDomainReloadingComplete (164ms)
	LoadAllAssembliesAndSetupDomain (1065ms)
		LoadAssemblies (680ms)
		TypeCache.Refresh (19ms)
		AnalyzeDomain (329ms)
			BuildScriptInfoCaches (317ms)
			ResolveRequiredComponents (8ms)
	FinalizeReload (1478ms)
		SetupLoadedEditorAssemblies (0ms)
			LogAssemblyErrors (3ms)
			InitializePlatformSupportModulesInManaged (4ms)
			BeforeProcessingInitializeOnLoad (227ms)
			ProcessInitializeOnLoadAttributes (505ms)
			ProcessInitializeOnLoadMethodAttributes (165ms)
			AfterProcessingInitializeOnLoad (21ms)
			EditorAssembliesLoaded (3ms)
		AwakeInstancesAfterBackupRestoration (49ms)
Refreshing native plugins compatible for Editor in 2.89 ms, found 3 plugins.
Unloading 24 Unused Serialized files (Serialized files now loaded: 0)
Unloading 4980 unused Assets / (5.3 MB). Loaded Objects now: 5959.
Memory consumption went from 327.3 MB to 322.0 MB.
Total: 16.471500 ms (FindLiveObjects: 1.444300 ms CreateObjectMapping: 1.037800 ms MarkObjects: 11.440800 ms  DeleteObjects: 2.134100 ms)

Prepare: number of updated asset objects reloaded= 0
========================================================================
Received Prepare
AcceleratorClientConnectionCallback - disconnected - :0
[Licensing::Client] Successfully resolved entitlement details
Begin MonoManager ReloadAssembly
'Packages/com.unity.render-pipelines.core/Editor/Deprecated.cs' contains partial class of Unity.Object, exactly 1 of the partial classes needs to be in a file with the same filename. This is to know the one that can be referenced from ie. GameObjects
'Packages/com.unity.render-pipelines.core/Editor/Deprecated.cs' contains partial class of Unity.Object, exactly 1 of the partial classes needs to be in a file with the same filename. This is to know the one that can be referenced from ie. GameObjects
Refreshing native plugins compatible for Editor in 2.23 ms, found 3 plugins.
Native extension for WindowsStandalone target not found
[Package Manager] Failed to launch server process. Reason: Unity was launched with the -noUpm command-line argument
[Package Manager] Unable to send message (not connected to server process).
[Package Manager] Cannot connect to Unity Package Manager local server
[Package Manager] Failed to launch server process. Reason: Unity was launched with the -noUpm command-line argument
[Package Manager] Unable to send message (not connected to server process).
[Package Manager] Cannot connect to Unity Package Manager local server
ScheduleIndexationOnStartup MainProcess:False IndexOnStartup:True
Scripting: successfully reloaded assembly
- Finished resetting the current domain, in  1.633 seconds
Domain Reload Profiling: 3469ms
	BeginReloadAssembly (574ms)
		DisableScriptedObjects (27ms)
		CreateAndSetChildDomain (108ms)
	RebuildCommonClasses (25ms)
	RebuildNativeTypeToScriptingClass (38ms)
	initialDomainReloadingComplete (133ms)
	LoadAllAssembliesAndSetupDomain (1063ms)
		LoadAssemblies (681ms)
		TypeCache.Refresh (20ms)
		AnalyzeDomain (314ms)
			BuildScriptInfoCaches (304ms)
			ResolveRequiredComponents (7ms)
	FinalizeReload (1636ms)
		SetupLoadedEditorAssemblies (0ms)
			LogAssemblyErrors (3ms)
			InitializePlatformSupportModulesInManaged (3ms)
			BeforeProcessingInitializeOnLoad (235ms)
			ProcessInitializeOnLoadAttributes (630ms)
			ProcessInitializeOnLoadMethodAttributes (192ms)
			AfterProcessingInitializeOnLoad (21ms)
			EditorAssembliesLoaded (4ms)
		AwakeInstancesAfterBackupRestoration (56ms)
Refreshing native plugins compatible for Editor in 2.76 ms, found 3 plugins.
Unloading 24 Unused Serialized files (Serialized files now loaded: 0)
Unloading 4980 unused Assets / (4.8 MB). Loaded Objects now: 5962.
Memory consumption went from 329.6 MB to 324.8 MB.
Total: 13.527200 ms (FindLiveObjects: 1.333800 ms CreateObjectMapping: 0.634100 ms MarkObjects: 9.235100 ms  DeleteObjects: 1.930400 ms)

Prepare: number of updated asset objects reloaded= 0
========================================================================
Received Prepare
AcceleratorClientConnectionCallback - disconnected - :0
[Licensing::Client] Successfully resolved entitlement details
Begin MonoManager ReloadAssembly
'Packages/com.unity.render-pipelines.core/Editor/Deprecated.cs' contains partial class of Unity.Object, exactly 1 of the partial classes needs to be in a file with the same filename. This is to know the one that can be referenced from ie. GameObjects
'Packages/com.unity.render-pipelines.core/Editor/Deprecated.cs' contains partial class of Unity.Object, exactly 1 of the partial classes needs to be in a file with the same filename. This is to know the one that can be referenced from ie. GameObjects
Refreshing native plugins compatible for Editor in 2.84 ms, found 3 plugins.
Native extension for WindowsStandalone target not found
[Package Manager] Failed to launch server process. Reason: Unity was launched with the -noUpm command-line argument
[Package Manager] Unable to send message (not connected to server process).
[Package Manager] Cannot connect to Unity Package Manager local server
[Package Manager] Failed to launch server process. Reason: Unity was launched with the -noUpm command-line argument
[Package Manager] Unable to send message (not connected to server process).
[Package Manager] Cannot connect to Unity Package Manager local server
ScheduleIndexationOnStartup MainProcess:False IndexOnStartup:True
Scripting: successfully reloaded assembly
- Finished resetting the current domain, in  1.317 seconds
Domain Reload Profiling: 3108ms
	BeginReloadAssembly (546ms)
		DisableScriptedObjects (24ms)
		CreateAndSetChildDomain (111ms)
	RebuildCommonClasses (24ms)
	RebuildNativeTypeToScriptingClass (45ms)
	initialDomainReloadingComplete (138ms)
	LoadAllAssembliesAndSetupDomain (1037ms)
		LoadAssemblies (629ms)
		TypeCache.Refresh (21ms)
		AnalyzeDomain (333ms)
			BuildScriptInfoCaches (324ms)
			ResolveRequiredComponents (6ms)
	FinalizeReload (1319ms)
		SetupLoadedEditorAssemblies (0ms)
			LogAssemblyErrors (4ms)
			InitializePlatformSupportModulesInManaged (3ms)
			BeforeProcessingInitializeOnLoad (194ms)
			ProcessInitializeOnLoadAttributes (466ms)
			ProcessInitializeOnLoadMethodAttributes (167ms)
			AfterProcessingInitializeOnLoad (21ms)
			EditorAssembliesLoaded (3ms)
		AwakeInstancesAfterBackupRestoration (42ms)
Refreshing native plugins compatible for Editor in 2.08 ms, found 3 plugins.
Unloading 24 Unused Serialized files (Serialized files now loaded: 0)
Unloading 4980 unused Assets / (5.2 MB). Loaded Objects now: 5965.
Memory consumption went from 332.9 MB to 327.7 MB.
Total: 10.825400 ms (FindLiveObjects: 1.288800 ms CreateObjectMapping: 0.748200 ms MarkObjects: 6.479900 ms  DeleteObjects: 1.946200 ms)

Prepare: number of updated asset objects reloaded= 0
========================================================================
Received Prepare
AcceleratorClientConnectionCallback - disconnected - :0
Begin MonoManager ReloadAssembly
'Packages/com.unity.render-pipelines.core/Editor/Deprecated.cs' contains partial class of Unity.Object, exactly 1 of the partial classes needs to be in a file with the same filename. This is to know the one that can be referenced from ie. GameObjects
'Packages/com.unity.render-pipelines.core/Editor/Deprecated.cs' contains partial class of Unity.Object, exactly 1 of the partial classes needs to be in a file with the same filename. This is to know the one that can be referenced from ie. GameObjects
Refreshing native plugins compatible for Editor in 2.34 ms, found 3 plugins.
Native extension for WindowsStandalone target not found
[Package Manager] Failed to launch server process. Reason: Unity was launched with the -noUpm command-line argument
[Package Manager] Unable to send message (not connected to server process).
[Package Manager] Cannot connect to Unity Package Manager local server
[Package Manager] Failed to launch server process. Reason: Unity was launched with the -noUpm command-line argument
[Package Manager] Unable to send message (not connected to server process).
[Package Manager] Cannot connect to Unity Package Manager local server
ScheduleIndexationOnStartup MainProcess:False IndexOnStartup:True
Scripting: successfully reloaded assembly
- Finished resetting the current domain, in  1.343 seconds
Domain Reload Profiling: 3595ms
	BeginReloadAssembly (567ms)
		DisableScriptedObjects (21ms)
		CreateAndSetChildDomain (98ms)
	RebuildCommonClasses (25ms)
	RebuildNativeTypeToScriptingClass (49ms)
	initialDomainReloadingComplete (163ms)
	LoadAllAssembliesAndSetupDomain (1446ms)
		LoadAssemblies (842ms)
		TypeCache.Refresh (22ms)
		AnalyzeDomain (493ms)
			BuildScriptInfoCaches (481ms)
			ResolveRequiredComponents (9ms)
	FinalizeReload (1345ms)
		SetupLoadedEditorAssemblies (0ms)
			LogAssemblyErrors (8ms)
			InitializePlatformSupportModulesInManaged (5ms)
			BeforeProcessingInitializeOnLoad (218ms)
			ProcessInitializeOnLoadAttributes (435ms)
			ProcessInitializeOnLoadMethodAttributes (139ms)
			AfterProcessingInitializeOnLoad (17ms)
			EditorAssembliesLoaded (3ms)
		AwakeInstancesAfterBackupRestoration (46ms)
Refreshing native plugins compatible for Editor in 2.71 ms, found 3 plugins.
Unloading 24 Unused Serialized files (Serialized files now loaded: 0)
Unloading 4980 unused Assets / (4.3 MB). Loaded Objects now: 5968.
Memory consumption went from 336.1 MB to 331.8 MB.
Total: 10.876400 ms (FindLiveObjects: 1.393200 ms CreateObjectMapping: 0.529100 ms MarkObjects: 7.177700 ms  DeleteObjects: 1.436500 ms)

Prepare: number of updated asset objects reloaded= 0
========================================================================
Received Prepare
AcceleratorClientConnectionCallback - disconnected - :0
[Licensing::Client] Successfully resolved entitlement details
Begin MonoManager ReloadAssembly
'Packages/com.unity.render-pipelines.core/Editor/Deprecated.cs' contains partial class of Unity.Object, exactly 1 of the partial classes needs to be in a file with the same filename. This is to know the one that can be referenced from ie. GameObjects
'Packages/com.unity.render-pipelines.core/Editor/Deprecated.cs' contains partial class of Unity.Object, exactly 1 of the partial classes needs to be in a file with the same filename. This is to know the one that can be referenced from ie. GameObjects
Refreshing native plugins compatible for Editor in 2.69 ms, found 3 plugins.
Native extension for WindowsStandalone target not found
[Package Manager] Failed to launch server process. Reason: Unity was launched with the -noUpm command-line argument
[Package Manager] Unable to send message (not connected to server process).
[Package Manager] Cannot connect to Unity Package Manager local server
[Package Manager] Failed to launch server process. Reason: Unity was launched with the -noUpm command-line argument
[Package Manager] Unable to send message (not connected to server process).
[Package Manager] Cannot connect to Unity Package Manager local server
ScheduleIndexationOnStartup MainProcess:False IndexOnStartup:True
Scripting: successfully reloaded assembly
- Finished resetting the current domain, in  1.226 seconds
Domain Reload Profiling: 3054ms
	BeginReloadAssembly (637ms)
		DisableScriptedObjects (26ms)
		CreateAndSetChildDomain (98ms)
	RebuildCommonClasses (28ms)
	RebuildNativeTypeToScriptingClass (50ms)
	initialDomainReloadingComplete (139ms)
	LoadAllAssembliesAndSetupDomain (972ms)
		LoadAssemblies (642ms)
		TypeCache.Refresh (19ms)
		AnalyzeDomain (288ms)
			BuildScriptInfoCaches (278ms)
			ResolveRequiredComponents (7ms)
	FinalizeReload (1227ms)
		SetupLoadedEditorAssemblies (0ms)
			LogAssemblyErrors (3ms)
			InitializePlatformSupportModulesInManaged (3ms)
			BeforeProcessingInitializeOnLoad (183ms)
			ProcessInitializeOnLoadAttributes (440ms)
			ProcessInitializeOnLoadMethodAttributes (147ms)
			AfterProcessingInitializeOnLoad (16ms)
			EditorAssembliesLoaded (3ms)
		AwakeInstancesAfterBackupRestoration (40ms)
Refreshing native plugins compatible for Editor in 3.66 ms, found 3 plugins.
Unloading 24 Unused Serialized files (Serialized files now loaded: 0)
Unloading 4980 unused Assets / (4.3 MB). Loaded Objects now: 5971.
Memory consumption went from 339.2 MB to 334.9 MB.
Total: 15.071200 ms (FindLiveObjects: 1.718400 ms CreateObjectMapping: 1.366900 ms MarkObjects: 9.988400 ms  DeleteObjects: 1.644000 ms)

Prepare: number of updated asset objects reloaded= 0
========================================================================
Received Prepare
AcceleratorClientConnectionCallback - disconnected - :0
[Licensing::Client] Successfully resolved entitlement details
Begin MonoManager ReloadAssembly
'Packages/com.unity.render-pipelines.core/Editor/Deprecated.cs' contains partial class of Unity.Object, exactly 1 of the partial classes needs to be in a file with the same filename. This is to know the one that can be referenced from ie. GameObjects
'Packages/com.unity.render-pipelines.core/Editor/Deprecated.cs' contains partial class of Unity.Object, exactly 1 of the partial classes needs to be in a file with the same filename. This is to know the one that can be referenced from ie. GameObjects
Refreshing native plugins compatible for Editor in 2.68 ms, found 3 plugins.
Native extension for WindowsStandalone target not found
[Package Manager] Failed to launch server process. Reason: Unity was launched with the -noUpm command-line argument
[Package Manager] Unable to send message (not connected to server process).
[Package Manager] Cannot connect to Unity Package Manager local server
[Package Manager] Failed to launch server process. Reason: Unity was launched with the -noUpm command-line argument
[Package Manager] Unable to send message (not connected to server process).
[Package Manager] Cannot connect to Unity Package Manager local server
ScheduleIndexationOnStartup MainProcess:False IndexOnStartup:True
Scripting: successfully reloaded assembly
- Finished resetting the current domain, in  1.307 seconds
Domain Reload Profiling: 3024ms
	BeginReloadAssembly (536ms)
		DisableScriptedObjects (35ms)
		CreateAndSetChildDomain (103ms)
	RebuildCommonClasses (19ms)
	RebuildNativeTypeToScriptingClass (38ms)
	initialDomainReloadingComplete (120ms)
	LoadAllAssembliesAndSetupDomain (1002ms)
		LoadAssemblies (642ms)
		TypeCache.Refresh (18ms)
		AnalyzeDomain (297ms)
			BuildScriptInfoCaches (285ms)
			ResolveRequiredComponents (8ms)
	FinalizeReload (1309ms)
		SetupLoadedEditorAssemblies (0ms)
			LogAssemblyErrors (3ms)
			InitializePlatformSupportModulesInManaged (3ms)
			BeforeProcessingInitializeOnLoad (218ms)
			ProcessInitializeOnLoadAttributes (460ms)
			ProcessInitializeOnLoadMethodAttributes (147ms)
			AfterProcessingInitializeOnLoad (14ms)
		AwakeInstancesAfterBackupRestoration (40ms)
Refreshing native plugins compatible for Editor in 2.09 ms, found 3 plugins.
Unloading 24 Unused Serialized files (Serialized files now loaded: 0)
Unloading 4980 unused Assets / (5.4 MB). Loaded Objects now: 5974.
Memory consumption went from 342.7 MB to 337.3 MB.
Total: 10.407900 ms (FindLiveObjects: 1.262100 ms CreateObjectMapping: 0.841000 ms MarkObjects: 6.185500 ms  DeleteObjects: 1.787500 ms)

Prepare: number of updated asset objects reloaded= 0
========================================================================
Received Prepare
AcceleratorClientConnectionCallback - disconnected - :0
'Packages/com.unity.render-pipelines.core/Editor/Deprecated.cs' contains partial class of Unity.Object, exactly 1 of the partial classes needs to be in a file with the same filename. This is to know the one that can be referenced from ie. GameObjects
'Packages/com.unity.render-pipelines.core/Editor/Deprecated.cs' contains partial class of Unity.Object, exactly 1 of the partial classes needs to be in a file with the same filename. This is to know the one that can be referenced from ie. GameObjects
Refreshing native plugins compatible for Editor in 2.29 ms, found 3 plugins.
Unloading 24 Unused Serialized files (Serialized files now loaded: 0)
Unloading 4971 unused Assets / (5.2 MB). Loaded Objects now: 5974.
Memory consumption went from 344.8 MB to 339.6 MB.
Total: 14.034000 ms (FindLiveObjects: 1.327300 ms CreateObjectMapping: 1.113300 ms MarkObjects: 9.803100 ms  DeleteObjects: 1.446100 ms)

Prepare: number of updated asset objects reloaded= 0
========================================================================
Received Prepare
AcceleratorClientConnectionCallback - disconnected - :0
[Licensing::Client] Successfully resolved entitlement details
Begin MonoManager ReloadAssembly
'Packages/com.unity.render-pipelines.core/Editor/Deprecated.cs' contains partial class of Unity.Object, exactly 1 of the partial classes needs to be in a file with the same filename. This is to know the one that can be referenced from ie. GameObjects
'Packages/com.unity.render-pipelines.core/Editor/Deprecated.cs' contains partial class of Unity.Object, exactly 1 of the partial classes needs to be in a file with the same filename. This is to know the one that can be referenced from ie. GameObjects
Refreshing native plugins compatible for Editor in 6.20 ms, found 3 plugins.
Native extension for WindowsStandalone target not found
[Package Manager] Failed to launch server process. Reason: Unity was launched with the -noUpm command-line argument
[Package Manager] Unable to send message (not connected to server process).
[Package Manager] Cannot connect to Unity Package Manager local server
[Package Manager] Failed to launch server process. Reason: Unity was launched with the -noUpm command-line argument
[Package Manager] Unable to send message (not connected to server process).
[Package Manager] Cannot connect to Unity Package Manager local server
ScheduleIndexationOnStartup MainProcess:False IndexOnStartup:True
Scripting: successfully reloaded assembly
- Finished resetting the current domain, in  2.232 seconds
Domain Reload Profiling: 4599ms
	BeginReloadAssembly (753ms)
		DisableScriptedObjects (34ms)
		CreateAndSetChildDomain (136ms)
	RebuildCommonClasses (35ms)
	RebuildNativeTypeToScriptingClass (72ms)
	initialDomainReloadingComplete (188ms)
	LoadAllAssembliesAndSetupDomain (1317ms)
		LoadAssemblies (866ms)
		TypeCache.Refresh (24ms)
		AnalyzeDomain (334ms)
			BuildScriptInfoCaches (317ms)
			ResolveRequiredComponents (11ms)
	FinalizeReload (2235ms)
		SetupLoadedEditorAssemblies (0ms)
			LogAssemblyErrors (8ms)
			InitializePlatformSupportModulesInManaged (4ms)
			BeforeProcessingInitializeOnLoad (318ms)
			ProcessInitializeOnLoadAttributes (878ms)
			ProcessInitializeOnLoadMethodAttributes (222ms)
			AfterProcessingInitializeOnLoad (42ms)
			EditorAssembliesLoaded (12ms)
		AwakeInstancesAfterBackupRestoration (113ms)
Refreshing native plugins compatible for Editor in 4.12 ms, found 3 plugins.
Unloading 24 Unused Serialized files (Serialized files now loaded: 0)
Unloading 4980 unused Assets / (4.9 MB). Loaded Objects now: 5977.
Memory consumption went from 347.5 MB to 342.5 MB.
Total: 20.399200 ms (FindLiveObjects: 2.292000 ms CreateObjectMapping: 2.347200 ms MarkObjects: 13.020400 ms  DeleteObjects: 2.351900 ms)

Prepare: number of updated asset objects reloaded= 0
========================================================================
Received Prepare
AcceleratorClientConnectionCallback - disconnected - :0
[Licensing::Client] Successfully resolved entitlement details
Begin MonoManager ReloadAssembly
'Packages/com.unity.render-pipelines.core/Editor/Deprecated.cs' contains partial class of Unity.Object, exactly 1 of the partial classes needs to be in a file with the same filename. This is to know the one that can be referenced from ie. GameObjects
'Packages/com.unity.render-pipelines.core/Editor/Deprecated.cs' contains partial class of Unity.Object, exactly 1 of the partial classes needs to be in a file with the same filename. This is to know the one that can be referenced from ie. GameObjects
Refreshing native plugins compatible for Editor in 2.75 ms, found 3 plugins.
Native extension for WindowsStandalone target not found
[Package Manager] Failed to launch server process. Reason: Unity was launched with the -noUpm command-line argument
[Package Manager] Unable to send message (not connected to server process).
[Package Manager] Cannot connect to Unity Package Manager local server
[Package Manager] Failed to launch server process. Reason: Unity was launched with the -noUpm command-line argument
[Package Manager] Unable to send message (not connected to server process).
[Package Manager] Cannot connect to Unity Package Manager local server
ScheduleIndexationOnStartup MainProcess:False IndexOnStartup:True
Scripting: successfully reloaded assembly
- Finished resetting the current domain, in  1.435 seconds
Domain Reload Profiling: 3516ms
	BeginReloadAssembly (565ms)
		DisableScriptedObjects (37ms)
		CreateAndSetChildDomain (107ms)
	RebuildCommonClasses (21ms)
	RebuildNativeTypeToScriptingClass (35ms)
	initialDomainReloadingComplete (120ms)
	LoadAllAssembliesAndSetupDomain (1339ms)
		LoadAssemblies (718ms)
		TypeCache.Refresh (21ms)
		AnalyzeDomain (477ms)
			BuildScriptInfoCaches (466ms)
			ResolveRequiredComponents (7ms)
	FinalizeReload (1437ms)
		SetupLoadedEditorAssemblies (0ms)
			LogAssemblyErrors (4ms)
			InitializePlatformSupportModulesInManaged (3ms)
			BeforeProcessingInitializeOnLoad (238ms)
			ProcessInitializeOnLoadAttributes (488ms)
			ProcessInitializeOnLoadMethodAttributes (168ms)
			AfterProcessingInitializeOnLoad (22ms)
		AwakeInstancesAfterBackupRestoration (53ms)
Refreshing native plugins compatible for Editor in 2.19 ms, found 3 plugins.
Unloading 24 Unused Serialized files (Serialized files now loaded: 0)
Unloading 4980 unused Assets / (4.9 MB). Loaded Objects now: 5980.
Memory consumption went from 350.5 MB to 345.6 MB.
Total: 15.154000 ms (FindLiveObjects: 1.895800 ms CreateObjectMapping: 0.945100 ms MarkObjects: 9.548700 ms  DeleteObjects: 2.354500 ms)

Prepare: number of updated asset objects reloaded= 0
========================================================================
Received Prepare
AcceleratorClientConnectionCallback - disconnected - :0
[Licensing::Client] Successfully resolved entitlement details
Begin MonoManager ReloadAssembly
'Packages/com.unity.render-pipelines.core/Editor/Deprecated.cs' contains partial class of Unity.Object, exactly 1 of the partial classes needs to be in a file with the same filename. This is to know the one that can be referenced from ie. GameObjects
'Packages/com.unity.render-pipelines.core/Editor/Deprecated.cs' contains partial class of Unity.Object, exactly 1 of the partial classes needs to be in a file with the same filename. This is to know the one that can be referenced from ie. GameObjects
Refreshing native plugins compatible for Editor in 3.46 ms, found 3 plugins.
Native extension for WindowsStandalone target not found
[Package Manager] Failed to launch server process. Reason: Unity was launched with the -noUpm command-line argument
[Package Manager] Unable to send message (not connected to server process).
[Package Manager] Cannot connect to Unity Package Manager local server
[Package Manager] Failed to launch server process. Reason: Unity was launched with the -noUpm command-line argument
[Package Manager] Unable to send message (not connected to server process).
[Package Manager] Cannot connect to Unity Package Manager local server
ScheduleIndexationOnStartup MainProcess:False IndexOnStartup:True
Scripting: successfully reloaded assembly
- Finished resetting the current domain, in  1.330 seconds
Domain Reload Profiling: 3162ms
	BeginReloadAssembly (579ms)
		DisableScriptedObjects (22ms)
		CreateAndSetChildDomain (104ms)
	RebuildCommonClasses (28ms)
	RebuildNativeTypeToScriptingClass (48ms)
	initialDomainReloadingComplete (132ms)
	LoadAllAssembliesAndSetupDomain (1045ms)
		LoadAssemblies (661ms)
		TypeCache.Refresh (18ms)
		AnalyzeDomain (341ms)
			BuildScriptInfoCaches (330ms)
			ResolveRequiredComponents (7ms)
	FinalizeReload (1331ms)
		SetupLoadedEditorAssemblies (0ms)
			LogAssemblyErrors (4ms)
			InitializePlatformSupportModulesInManaged (3ms)
			BeforeProcessingInitializeOnLoad (189ms)
			ProcessInitializeOnLoadAttributes (461ms)
			ProcessInitializeOnLoadMethodAttributes (164ms)
			AfterProcessingInitializeOnLoad (23ms)
			EditorAssembliesLoaded (3ms)
		AwakeInstancesAfterBackupRestoration (49ms)
Refreshing native plugins compatible for Editor in 2.69 ms, found 3 plugins.
Unloading 24 Unused Serialized files (Serialized files now loaded: 0)
Unloading 4980 unused Assets / (4.9 MB). Loaded Objects now: 5983.
Memory consumption went from 353.5 MB to 348.6 MB.
Total: 12.764700 ms (FindLiveObjects: 1.746100 ms CreateObjectMapping: 1.108700 ms MarkObjects: 7.409800 ms  DeleteObjects: 2.105200 ms)

Prepare: number of updated asset objects reloaded= 0
========================================================================
Received Prepare
AcceleratorClientConnectionCallback - disconnected - :0
[Licensing::Client] Successfully resolved entitlement details
Begin MonoManager ReloadAssembly
'Packages/com.unity.render-pipelines.core/Editor/Deprecated.cs' contains partial class of Unity.Object, exactly 1 of the partial classes needs to be in a file with the same filename. This is to know the one that can be referenced from ie. GameObjects
'Packages/com.unity.render-pipelines.core/Editor/Deprecated.cs' contains partial class of Unity.Object, exactly 1 of the partial classes needs to be in a file with the same filename. This is to know the one that can be referenced from ie. GameObjects
Refreshing native plugins compatible for Editor in 3.24 ms, found 3 plugins.
Native extension for WindowsStandalone target not found
[Package Manager] Failed to launch server process. Reason: Unity was launched with the -noUpm command-line argument
[Package Manager] Unable to send message (not connected to server process).
[Package Manager] Cannot connect to Unity Package Manager local server
[Package Manager] Failed to launch server process. Reason: Unity was launched with the -noUpm command-line argument
[Package Manager] Unable to send message (not connected to server process).
[Package Manager] Cannot connect to Unity Package Manager local server
ScheduleIndexationOnStartup MainProcess:False IndexOnStartup:True
Scripting: successfully reloaded assembly
- Finished resetting the current domain, in  1.505 seconds
Domain Reload Profiling: 3439ms
	BeginReloadAssembly (494ms)
		DisableScriptedObjects (24ms)
		CreateAndSetChildDomain (95ms)
	RebuildCommonClasses (24ms)
	RebuildNativeTypeToScriptingClass (43ms)
	initialDomainReloadingComplete (126ms)
	LoadAllAssembliesAndSetupDomain (1245ms)
		LoadAssemblies (591ms)
		TypeCache.Refresh (22ms)
		AnalyzeDomain (394ms)
			BuildScriptInfoCaches (353ms)
			ResolveRequiredComponents (37ms)
	FinalizeReload (1507ms)
		SetupLoadedEditorAssemblies (0ms)
			LogAssemblyErrors (4ms)
			InitializePlatformSupportModulesInManaged (4ms)
			BeforeProcessingInitializeOnLoad (245ms)
			ProcessInitializeOnLoadAttributes (513ms)
			ProcessInitializeOnLoadMethodAttributes (188ms)
			AfterProcessingInitializeOnLoad (18ms)
		AwakeInstancesAfterBackupRestoration (55ms)
Refreshing native plugins compatible for Editor in 2.32 ms, found 3 plugins.
Unloading 24 Unused Serialized files (Serialized files now loaded: 0)
Unloading 4980 unused Assets / (5.3 MB). Loaded Objects now: 5986.
Memory consumption went from 356.4 MB to 351.0 MB.
Total: 12.867800 ms (FindLiveObjects: 1.398400 ms CreateObjectMapping: 0.935000 ms MarkObjects: 7.999600 ms  DeleteObjects: 2.156400 ms)

Prepare: number of updated asset objects reloaded= 0
========================================================================
Received Prepare
AcceleratorClientConnectionCallback - disconnected - :0
[Licensing::Client] Successfully resolved entitlement details
Begin MonoManager ReloadAssembly
'Packages/com.unity.render-pipelines.core/Editor/Deprecated.cs' contains partial class of Unity.Object, exactly 1 of the partial classes needs to be in a file with the same filename. This is to know the one that can be referenced from ie. GameObjects
'Packages/com.unity.render-pipelines.core/Editor/Deprecated.cs' contains partial class of Unity.Object, exactly 1 of the partial classes needs to be in a file with the same filename. This is to know the one that can be referenced from ie. GameObjects
Refreshing native plugins compatible for Editor in 2.01 ms, found 3 plugins.
Native extension for WindowsStandalone target not found
[Package Manager] Failed to launch server process. Reason: Unity was launched with the -noUpm command-line argument
[Package Manager] Unable to send message (not connected to server process).
[Package Manager] Cannot connect to Unity Package Manager local server
[Package Manager] Failed to launch server process. Reason: Unity was launched with the -noUpm command-line argument
[Package Manager] Unable to send message (not connected to server process).
[Package Manager] Cannot connect to Unity Package Manager local server
ScheduleIndexationOnStartup MainProcess:False IndexOnStartup:True
Scripting: successfully reloaded assembly
- Finished resetting the current domain, in  1.134 seconds
Domain Reload Profiling: 2887ms
	BeginReloadAssembly (513ms)
		DisableScriptedObjects (23ms)
		CreateAndSetChildDomain (97ms)
	RebuildCommonClasses (18ms)
	RebuildNativeTypeToScriptingClass (40ms)
	initialDomainReloadingComplete (143ms)
	LoadAllAssembliesAndSetupDomain (1038ms)
		LoadAssemblies (659ms)
		TypeCache.Refresh (23ms)
		AnalyzeDomain (300ms)
			BuildScriptInfoCaches (288ms)
			ResolveRequiredComponents (8ms)
	FinalizeReload (1135ms)
		SetupLoadedEditorAssemblies (0ms)
			LogAssemblyErrors (4ms)
			BeforeProcessingInitializeOnLoad (172ms)
			ProcessInitializeOnLoadAttributes (391ms)
			ProcessInitializeOnLoadMethodAttributes (145ms)
			AfterProcessingInitializeOnLoad (16ms)
		AwakeInstancesAfterBackupRestoration (32ms)
Refreshing native plugins compatible for Editor in 2.17 ms, found 3 plugins.
Unloading 24 Unused Serialized files (Serialized files now loaded: 0)
Unloading 4980 unused Assets / (4.2 MB). Loaded Objects now: 5989.
Memory consumption went from 359.4 MB to 355.1 MB.
Total: 9.377400 ms (FindLiveObjects: 1.293300 ms CreateObjectMapping: 0.523100 ms MarkObjects: 5.952700 ms  DeleteObjects: 1.275600 ms)

Prepare: number of updated asset objects reloaded= 0
========================================================================
Received Prepare
AcceleratorClientConnectionCallback - disconnected - :0
Begin MonoManager ReloadAssembly
'Packages/com.unity.render-pipelines.core/Editor/Deprecated.cs' contains partial class of Unity.Object, exactly 1 of the partial classes needs to be in a file with the same filename. This is to know the one that can be referenced from ie. GameObjects
'Packages/com.unity.render-pipelines.core/Editor/Deprecated.cs' contains partial class of Unity.Object, exactly 1 of the partial classes needs to be in a file with the same filename. This is to know the one that can be referenced from ie. GameObjects
Refreshing native plugins compatible for Editor in 2.34 ms, found 3 plugins.
Native extension for WindowsStandalone target not found
[Package Manager] Failed to launch server process. Reason: Unity was launched with the -noUpm command-line argument
[Package Manager] Unable to send message (not connected to server process).
[Package Manager] Cannot connect to Unity Package Manager local server
[Package Manager] Failed to launch server process. Reason: Unity was launched with the -noUpm command-line argument
[Package Manager] Unable to send message (not connected to server process).
[Package Manager] Cannot connect to Unity Package Manager local server
ScheduleIndexationOnStartup MainProcess:False IndexOnStartup:True
Scripting: successfully reloaded assembly
- Finished resetting the current domain, in  1.399 seconds
Domain Reload Profiling: 3170ms
	BeginReloadAssembly (521ms)
		DisableScriptedObjects (21ms)
		CreateAndSetChildDomain (95ms)
	RebuildCommonClasses (18ms)
	RebuildNativeTypeToScriptingClass (46ms)
	initialDomainReloadingComplete (132ms)
	LoadAllAssembliesAndSetupDomain (1053ms)
		LoadAssemblies (678ms)
		TypeCache.Refresh (21ms)
		AnalyzeDomain (309ms)
			BuildScriptInfoCaches (298ms)
			ResolveRequiredComponents (7ms)
	FinalizeReload (1400ms)
		SetupLoadedEditorAssemblies (0ms)
			LogAssemblyErrors (5ms)
			InitializePlatformSupportModulesInManaged (4ms)
			BeforeProcessingInitializeOnLoad (202ms)
			ProcessInitializeOnLoadAttributes (485ms)
			ProcessInitializeOnLoadMethodAttributes (173ms)
			AfterProcessingInitializeOnLoad (23ms)
		AwakeInstancesAfterBackupRestoration (37ms)
Refreshing native plugins compatible for Editor in 2.36 ms, found 3 plugins.
Unloading 24 Unused Serialized files (Serialized files now loaded: 0)
Unloading 4980 unused Assets / (5.2 MB). Loaded Objects now: 5992.
Memory consumption went from 362.4 MB to 357.2 MB.
Total: 10.486700 ms (FindLiveObjects: 1.301500 ms CreateObjectMapping: 0.814800 ms MarkObjects: 6.699100 ms  DeleteObjects: 1.335000 ms)

Prepare: number of updated asset objects reloaded= 0
========================================================================
Received Prepare
AcceleratorClientConnectionCallback - disconnected - :0
[Licensing::Client] Successfully resolved entitlement details
Begin MonoManager ReloadAssembly
'Packages/com.unity.render-pipelines.core/Editor/Deprecated.cs' contains partial class of Unity.Object, exactly 1 of the partial classes needs to be in a file with the same filename. This is to know the one that can be referenced from ie. GameObjects
'Packages/com.unity.render-pipelines.core/Editor/Deprecated.cs' contains partial class of Unity.Object, exactly 1 of the partial classes needs to be in a file with the same filename. This is to know the one that can be referenced from ie. GameObjects
Native extension for WindowsStandalone target not found
[Package Manager] Failed to launch server process. Reason: Unity was launched with the -noUpm command-line argument
[Package Manager] Unable to send message (not connected to server process).
[Package Manager] Cannot connect to Unity Package Manager local server
[Package Manager] Failed to launch server process. Reason: Unity was launched with the -noUpm command-line argument
[Package Manager] Unable to send message (not connected to server process).
[Package Manager] Cannot connect to Unity Package Manager local server
ScheduleIndexationOnStartup MainProcess:False IndexOnStartup:True
Scripting: successfully reloaded assembly
- Finished resetting the current domain, in  1.237 seconds
Domain Reload Profiling: 3064ms
	BeginReloadAssembly (584ms)
		DisableScriptedObjects (25ms)
		CreateAndSetChildDomain (106ms)
	RebuildCommonClasses (40ms)
	RebuildNativeTypeToScriptingClass (64ms)
	initialDomainReloadingComplete (141ms)
	LoadAllAssembliesAndSetupDomain (995ms)
		LoadAssemblies (675ms)
		TypeCache.Refresh (16ms)
		AnalyzeDomain (284ms)
			BuildScriptInfoCaches (272ms)
			ResolveRequiredComponents (8ms)
	FinalizeReload (1239ms)
		SetupLoadedEditorAssemblies (0ms)
			LogAssemblyErrors (4ms)
			InitializePlatformSupportModulesInManaged (3ms)
			BeforeProcessingInitializeOnLoad (180ms)
			ProcessInitializeOnLoadAttributes (468ms)
			ProcessInitializeOnLoadMethodAttributes (137ms)
			AfterProcessingInitializeOnLoad (18ms)
		AwakeInstancesAfterBackupRestoration (38ms)
Refreshing native plugins compatible for Editor in 2.05 ms, found 3 plugins.
Unloading 24 Unused Serialized files (Serialized files now loaded: 0)
Unloading 4980 unused Assets / (6.3 MB). Loaded Objects now: 5995.
Memory consumption went from 365.2 MB to 358.9 MB.
Total: 11.938900 ms (FindLiveObjects: 1.310700 ms CreateObjectMapping: 0.897000 ms MarkObjects: 7.203800 ms  DeleteObjects: 2.173300 ms)

Prepare: number of updated asset objects reloaded= 0
========================================================================
Received Prepare
AcceleratorClientConnectionCallback - disconnected - :0
[Licensing::Client] Successfully resolved entitlement details
Begin MonoManager ReloadAssembly
'Packages/com.unity.render-pipelines.core/Editor/Deprecated.cs' contains partial class of Unity.Object, exactly 1 of the partial classes needs to be in a file with the same filename. This is to know the one that can be referenced from ie. GameObjects
'Packages/com.unity.render-pipelines.core/Editor/Deprecated.cs' contains partial class of Unity.Object, exactly 1 of the partial classes needs to be in a file with the same filename. This is to know the one that can be referenced from ie. GameObjects
Refreshing native plugins compatible for Editor in 2.21 ms, found 3 plugins.
Native extension for WindowsStandalone target not found
[Package Manager] Failed to launch server process. Reason: Unity was launched with the -noUpm command-line argument
[Package Manager] Unable to send message (not connected to server process).
[Package Manager] Cannot connect to Unity Package Manager local server
[Package Manager] Failed to launch server process. Reason: Unity was launched with the -noUpm command-line argument
[Package Manager] Unable to send message (not connected to server process).
[Package Manager] Cannot connect to Unity Package Manager local server
ScheduleIndexationOnStartup MainProcess:False IndexOnStartup:True
Scripting: successfully reloaded assembly
- Finished resetting the current domain, in  1.158 seconds
Domain Reload Profiling: 2726ms
	BeginReloadAssembly (481ms)
		DisableScriptedObjects (23ms)
		CreateAndSetChildDomain (101ms)
	RebuildCommonClasses (14ms)
	RebuildNativeTypeToScriptingClass (41ms)
	initialDomainReloadingComplete (110ms)
	LoadAllAssembliesAndSetupDomain (921ms)
		LoadAssemblies (547ms)
		TypeCache.Refresh (19ms)
		AnalyzeDomain (286ms)
			BuildScriptInfoCaches (277ms)
			ResolveRequiredComponents (6ms)
	FinalizeReload (1159ms)
		SetupLoadedEditorAssemblies (0ms)
			LogAssemblyErrors (3ms)
			InitializePlatformSupportModulesInManaged (3ms)
			BeforeProcessingInitializeOnLoad (184ms)
			ProcessInitializeOnLoadAttributes (395ms)
			ProcessInitializeOnLoadMethodAttributes (144ms)
			AfterProcessingInitializeOnLoad (15ms)
		AwakeInstancesAfterBackupRestoration (37ms)
Refreshing native plugins compatible for Editor in 2.34 ms, found 3 plugins.
Unloading 24 Unused Serialized files (Serialized files now loaded: 0)
Unloading 4980 unused Assets / (6.5 MB). Loaded Objects now: 5998.
Memory consumption went from 368.3 MB to 361.9 MB.
Total: 12.113100 ms (FindLiveObjects: 1.300300 ms CreateObjectMapping: 0.476400 ms MarkObjects: 7.907400 ms  DeleteObjects: 2.091500 ms)

Prepare: number of updated asset objects reloaded= 0
========================================================================
Received Prepare
AcceleratorClientConnectionCallback - disconnected - :0
[Licensing::Client] Successfully resolved entitlement details
Begin MonoManager ReloadAssembly
'Packages/com.unity.render-pipelines.core/Editor/Deprecated.cs' contains partial class of Unity.Object, exactly 1 of the partial classes needs to be in a file with the same filename. This is to know the one that can be referenced from ie. GameObjects
'Packages/com.unity.render-pipelines.core/Editor/Deprecated.cs' contains partial class of Unity.Object, exactly 1 of the partial classes needs to be in a file with the same filename. This is to know the one that can be referenced from ie. GameObjects
Refreshing native plugins compatible for Editor in 2.09 ms, found 3 plugins.
Native extension for WindowsStandalone target not found
[Package Manager] Failed to launch server process. Reason: Unity was launched with the -noUpm command-line argument
[Package Manager] Unable to send message (not connected to server process).
[Package Manager] Cannot connect to Unity Package Manager local server
[Package Manager] Failed to launch server process. Reason: Unity was launched with the -noUpm command-line argument
[Package Manager] Unable to send message (not connected to server process).
[Package Manager] Cannot connect to Unity Package Manager local server
ScheduleIndexationOnStartup MainProcess:False IndexOnStartup:True
Scripting: successfully reloaded assembly
- Finished resetting the current domain, in  1.349 seconds
Domain Reload Profiling: 3304ms
	BeginReloadAssembly (558ms)
		DisableScriptedObjects (27ms)
		CreateAndSetChildDomain (117ms)
	RebuildCommonClasses (23ms)
	RebuildNativeTypeToScriptingClass (38ms)
	initialDomainReloadingComplete (145ms)
	LoadAllAssembliesAndSetupDomain (1190ms)
		LoadAssemblies (619ms)
		TypeCache.Refresh (23ms)
		AnalyzeDomain (411ms)
			BuildScriptInfoCaches (398ms)
			ResolveRequiredComponents (9ms)
	FinalizeReload (1350ms)
		SetupLoadedEditorAssemblies (0ms)
			LogAssemblyErrors (5ms)
			BeforeProcessingInitializeOnLoad (194ms)
			ProcessInitializeOnLoadAttributes (487ms)
			ProcessInitializeOnLoadMethodAttributes (173ms)
			AfterProcessingInitializeOnLoad (17ms)
		AwakeInstancesAfterBackupRestoration (44ms)
Refreshing native plugins compatible for Editor in 3.10 ms, found 3 plugins.
Unloading 24 Unused Serialized files (Serialized files now loaded: 0)
Unloading 4980 unused Assets / (5.1 MB). Loaded Objects now: 6001.
Memory consumption went from 371.5 MB to 366.3 MB.
Total: 14.156100 ms (FindLiveObjects: 1.357700 ms CreateObjectMapping: 1.306700 ms MarkObjects: 9.279800 ms  DeleteObjects: 1.846700 ms)

Prepare: number of updated asset objects reloaded= 0
========================================================================
Received Prepare
AcceleratorClientConnectionCallback - disconnected - :0
[Licensing::Client] Successfully resolved entitlement details
Begin MonoManager ReloadAssembly
'Packages/com.unity.render-pipelines.core/Editor/Deprecated.cs' contains partial class of Unity.Object, exactly 1 of the partial classes needs to be in a file with the same filename. This is to know the one that can be referenced from ie. GameObjects
'Packages/com.unity.render-pipelines.core/Editor/Deprecated.cs' contains partial class of Unity.Object, exactly 1 of the partial classes needs to be in a file with the same filename. This is to know the one that can be referenced from ie. GameObjects
Native extension for WindowsStandalone target not found
[Package Manager] Failed to launch server process. Reason: Unity was launched with the -noUpm command-line argument
[Package Manager] Unable to send message (not connected to server process).
[Package Manager] Cannot connect to Unity Package Manager local server
[Package Manager] Failed to launch server process. Reason: Unity was launched with the -noUpm command-line argument
[Package Manager] Unable to send message (not connected to server process).
[Package Manager] Cannot connect to Unity Package Manager local server
ScheduleIndexationOnStartup MainProcess:False IndexOnStartup:True
Scripting: successfully reloaded assembly
- Finished resetting the current domain, in  1.257 seconds
Domain Reload Profiling: 2947ms
	BeginReloadAssembly (464ms)
		DisableScriptedObjects (23ms)
		CreateAndSetChildDomain (95ms)
	RebuildCommonClasses (21ms)
	RebuildNativeTypeToScriptingClass (37ms)
	initialDomainReloadingComplete (128ms)
	LoadAllAssembliesAndSetupDomain (1038ms)
		LoadAssemblies (606ms)
		TypeCache.Refresh (20ms)
		AnalyzeDomain (316ms)
			BuildScriptInfoCaches (305ms)
			ResolveRequiredComponents (8ms)
	FinalizeReload (1259ms)
		SetupLoadedEditorAssemblies (0ms)
			LogAssemblyErrors (5ms)
			InitializePlatformSupportModulesInManaged (3ms)
			BeforeProcessingInitializeOnLoad (207ms)
			ProcessInitializeOnLoadAttributes (420ms)
			ProcessInitializeOnLoadMethodAttributes (155ms)
			AfterProcessingInitializeOnLoad (18ms)
		AwakeInstancesAfterBackupRestoration (48ms)
Refreshing native plugins compatible for Editor in 2.41 ms, found 3 plugins.
Unloading 24 Unused Serialized files (Serialized files now loaded: 0)
Unloading 4980 unused Assets / (6.4 MB). Loaded Objects now: 6004.
Memory consumption went from 374.3 MB to 367.9 MB.
Total: 13.213400 ms (FindLiveObjects: 1.321600 ms CreateObjectMapping: 0.900300 ms MarkObjects: 8.555100 ms  DeleteObjects: 2.091800 ms)

Prepare: number of updated asset objects reloaded= 0
========================================================================
Received Prepare
AcceleratorClientConnectionCallback - disconnected - :0
[Licensing::Client] Successfully resolved entitlement details
Begin MonoManager ReloadAssembly
'Packages/com.unity.render-pipelines.core/Editor/Deprecated.cs' contains partial class of Unity.Object, exactly 1 of the partial classes needs to be in a file with the same filename. This is to know the one that can be referenced from ie. GameObjects
'Packages/com.unity.render-pipelines.core/Editor/Deprecated.cs' contains partial class of Unity.Object, exactly 1 of the partial classes needs to be in a file with the same filename. This is to know the one that can be referenced from ie. GameObjects
Refreshing native plugins compatible for Editor in 3.34 ms, found 3 plugins.
Native extension for WindowsStandalone target not found
[Package Manager] Failed to launch server process. Reason: Unity was launched with the -noUpm command-line argument
[Package Manager] Unable to send message (not connected to server process).
[Package Manager] Cannot connect to Unity Package Manager local server
[Package Manager] Failed to launch server process. Reason: Unity was launched with the -noUpm command-line argument
[Package Manager] Unable to send message (not connected to server process).
[Package Manager] Cannot connect to Unity Package Manager local server
ScheduleIndexationOnStartup MainProcess:False IndexOnStartup:True
Scripting: successfully reloaded assembly
- Finished resetting the current domain, in  1.310 seconds
Domain Reload Profiling: 2995ms
	BeginReloadAssembly (477ms)
		DisableScriptedObjects (22ms)
		CreateAndSetChildDomain (96ms)
	RebuildCommonClasses (17ms)
	RebuildNativeTypeToScriptingClass (42ms)
	initialDomainReloadingComplete (114ms)
	LoadAllAssembliesAndSetupDomain (1033ms)
		LoadAssemblies (600ms)
		TypeCache.Refresh (22ms)
		AnalyzeDomain (316ms)
			BuildScriptInfoCaches (307ms)
			ResolveRequiredComponents (7ms)
	FinalizeReload (1312ms)
		SetupLoadedEditorAssemblies (0ms)
			LogAssemblyErrors (5ms)
			InitializePlatformSupportModulesInManaged (3ms)
			BeforeProcessingInitializeOnLoad (207ms)
			ProcessInitializeOnLoadAttributes (454ms)
			ProcessInitializeOnLoadMethodAttributes (159ms)
			AfterProcessingInitializeOnLoad (16ms)
		AwakeInstancesAfterBackupRestoration (48ms)
Refreshing native plugins compatible for Editor in 3.19 ms, found 3 plugins.
Unloading 24 Unused Serialized files (Serialized files now loaded: 0)
Unloading 4980 unused Assets / (4.7 MB). Loaded Objects now: 6007.
Memory consumption went from 376.8 MB to 372.1 MB.
Total: 16.975600 ms (FindLiveObjects: 1.523900 ms CreateObjectMapping: 1.278400 ms MarkObjects: 11.074100 ms  DeleteObjects: 2.739000 ms)

Prepare: number of updated asset objects reloaded= 0
========================================================================
Received Prepare
AcceleratorClientConnectionCallback - disconnected - :0
[Licensing::Client] Successfully resolved entitlement details
Begin MonoManager ReloadAssembly
'Packages/com.unity.render-pipelines.core/Editor/Deprecated.cs' contains partial class of Unity.Object, exactly 1 of the partial classes needs to be in a file with the same filename. This is to know the one that can be referenced from ie. GameObjects
'Packages/com.unity.render-pipelines.core/Editor/Deprecated.cs' contains partial class of Unity.Object, exactly 1 of the partial classes needs to be in a file with the same filename. This is to know the one that can be referenced from ie. GameObjects
Refreshing native plugins compatible for Editor in 5.34 ms, found 3 plugins.
Native extension for WindowsStandalone target not found
[Package Manager] Failed to launch server process. Reason: Unity was launched with the -noUpm command-line argument
[Package Manager] Unable to send message (not connected to server process).
[Package Manager] Cannot connect to Unity Package Manager local server
[Package Manager] Failed to launch server process. Reason: Unity was launched with the -noUpm command-line argument
[Package Manager] Unable to send message (not connected to server process).
[Package Manager] Cannot connect to Unity Package Manager local server
ScheduleIndexationOnStartup MainProcess:False IndexOnStartup:True
Scripting: successfully reloaded assembly
- Finished resetting the current domain, in  1.656 seconds
Domain Reload Profiling: 4408ms
	BeginReloadAssembly (972ms)
		DisableScriptedObjects (179ms)
		CreateAndSetChildDomain (193ms)
	RebuildCommonClasses (21ms)
	RebuildNativeTypeToScriptingClass (36ms)
	initialDomainReloadingComplete (151ms)
	LoadAllAssembliesAndSetupDomain (1571ms)
		LoadAssemblies (891ms)
		TypeCache.Refresh (34ms)
		AnalyzeDomain (364ms)
			BuildScriptInfoCaches (348ms)
			ResolveRequiredComponents (9ms)
	FinalizeReload (1658ms)
		SetupLoadedEditorAssemblies (0ms)
			LogAssemblyErrors (7ms)
			InitializePlatformSupportModulesInManaged (4ms)
			BeforeProcessingInitializeOnLoad (228ms)
			ProcessInitializeOnLoadAttributes (707ms)
			ProcessInitializeOnLoadMethodAttributes (184ms)
			AfterProcessingInitializeOnLoad (24ms)
			EditorAssembliesLoaded (3ms)
		AwakeInstancesAfterBackupRestoration (52ms)
Refreshing native plugins compatible for Editor in 3.23 ms, found 3 plugins.
Unloading 24 Unused Serialized files (Serialized files now loaded: 0)
Unloading 4980 unused Assets / (4.8 MB). Loaded Objects now: 6010.
Memory consumption went from 379.4 MB to 374.7 MB.
Total: 14.901400 ms (FindLiveObjects: 2.013100 ms CreateObjectMapping: 1.237100 ms MarkObjects: 9.018400 ms  DeleteObjects: 2.267500 ms)

Prepare: number of updated asset objects reloaded= 0
========================================================================
Received Prepare
AcceleratorClientConnectionCallback - disconnected - :0
[Licensing::Client] Successfully resolved entitlement details
Begin MonoManager ReloadAssembly
'Packages/com.unity.render-pipelines.core/Editor/Deprecated.cs' contains partial class of Unity.Object, exactly 1 of the partial classes needs to be in a file with the same filename. This is to know the one that can be referenced from ie. GameObjects
'Packages/com.unity.render-pipelines.core/Editor/Deprecated.cs' contains partial class of Unity.Object, exactly 1 of the partial classes needs to be in a file with the same filename. This is to know the one that can be referenced from ie. GameObjects
Native extension for WindowsStandalone target not found
[Package Manager] Failed to launch server process. Reason: Unity was launched with the -noUpm command-line argument
[Package Manager] Unable to send message (not connected to server process).
[Package Manager] Cannot connect to Unity Package Manager local server
[Package Manager] Failed to launch server process. Reason: Unity was launched with the -noUpm command-line argument
[Package Manager] Unable to send message (not connected to server process).
[Package Manager] Cannot connect to Unity Package Manager local server
ScheduleIndexationOnStartup MainProcess:False IndexOnStartup:True
Scripting: successfully reloaded assembly
- Finished resetting the current domain, in  1.191 seconds
Domain Reload Profiling: 3173ms
	BeginReloadAssembly (592ms)
		DisableScriptedObjects (27ms)
		CreateAndSetChildDomain (115ms)
	RebuildCommonClasses (26ms)
	RebuildNativeTypeToScriptingClass (48ms)
	initialDomainReloadingComplete (148ms)
	LoadAllAssembliesAndSetupDomain (1166ms)
		LoadAssemblies (766ms)
		TypeCache.Refresh (23ms)
		AnalyzeDomain (327ms)
			BuildScriptInfoCaches (315ms)
			ResolveRequiredComponents (9ms)
	FinalizeReload (1192ms)
		SetupLoadedEditorAssemblies (0ms)
			LogAssemblyErrors (5ms)
			InitializePlatformSupportModulesInManaged (3ms)
			BeforeProcessingInitializeOnLoad (187ms)
			ProcessInitializeOnLoadAttributes (434ms)
			ProcessInitializeOnLoadMethodAttributes (136ms)
			AfterProcessingInitializeOnLoad (15ms)
		AwakeInstancesAfterBackupRestoration (34ms)
Refreshing native plugins compatible for Editor in 3.10 ms, found 3 plugins.
Unloading 24 Unused Serialized files (Serialized files now loaded: 0)
Unloading 4980 unused Assets / (4.8 MB). Loaded Objects now: 6013.
Memory consumption went from 382.3 MB to 377.5 MB.
Total: 11.118600 ms (FindLiveObjects: 1.395300 ms CreateObjectMapping: 1.109300 ms MarkObjects: 6.404900 ms  DeleteObjects: 1.869800 ms)

Prepare: number of updated asset objects reloaded= 0
========================================================================
Received Prepare
AcceleratorClientConnectionCallback - disconnected - :0
[Licensing::Client] Successfully resolved entitlement details
Begin MonoManager ReloadAssembly
'Packages/com.unity.render-pipelines.core/Editor/Deprecated.cs' contains partial class of Unity.Object, exactly 1 of the partial classes needs to be in a file with the same filename. This is to know the one that can be referenced from ie. GameObjects
'Packages/com.unity.render-pipelines.core/Editor/Deprecated.cs' contains partial class of Unity.Object, exactly 1 of the partial classes needs to be in a file with the same filename. This is to know the one that can be referenced from ie. GameObjects
Refreshing native plugins compatible for Editor in 3.63 ms, found 3 plugins.
Native extension for WindowsStandalone target not found
[Package Manager] Failed to launch server process. Reason: Unity was launched with the -noUpm command-line argument
[Package Manager] Unable to send message (not connected to server process).
[Package Manager] Cannot connect to Unity Package Manager local server
[Package Manager] Failed to launch server process. Reason: Unity was launched with the -noUpm command-line argument
[Package Manager] Unable to send message (not connected to server process).
[Package Manager] Cannot connect to Unity Package Manager local server
ScheduleIndexationOnStartup MainProcess:False IndexOnStartup:True
Scripting: successfully reloaded assembly
- Finished resetting the current domain, in  1.309 seconds
Domain Reload Profiling: 3106ms
	BeginReloadAssembly (598ms)
		DisableScriptedObjects (30ms)
		CreateAndSetChildDomain (119ms)
	RebuildCommonClasses (25ms)
	RebuildNativeTypeToScriptingClass (52ms)
	initialDomainReloadingComplete (120ms)
	LoadAllAssembliesAndSetupDomain (1000ms)
		LoadAssemblies (648ms)
		TypeCache.Refresh (20ms)
		AnalyzeDomain (272ms)
			BuildScriptInfoCaches (264ms)
			ResolveRequiredComponents (6ms)
	FinalizeReload (1311ms)
		SetupLoadedEditorAssemblies (0ms)
			LogAssemblyErrors (6ms)
			InitializePlatformSupportModulesInManaged (3ms)
			BeforeProcessingInitializeOnLoad (206ms)
			ProcessInitializeOnLoadAttributes (481ms)
			ProcessInitializeOnLoadMethodAttributes (154ms)
			AfterProcessingInitializeOnLoad (14ms)
		AwakeInstancesAfterBackupRestoration (38ms)
Refreshing native plugins compatible for Editor in 2.52 ms, found 3 plugins.
Unloading 24 Unused Serialized files (Serialized files now loaded: 0)
Unloading 4980 unused Assets / (5.3 MB). Loaded Objects now: 6016.
Memory consumption went from 385.2 MB to 379.8 MB.
Total: 16.599900 ms (FindLiveObjects: 1.470600 ms CreateObjectMapping: 1.033500 ms MarkObjects: 11.539300 ms  DeleteObjects: 2.211900 ms)

Prepare: number of updated asset objects reloaded= 0
========================================================================
Received Prepare
AcceleratorClientConnectionCallback - disconnected - :0
[Licensing::Client] Successfully resolved entitlement details
Begin MonoManager ReloadAssembly
'Packages/com.unity.render-pipelines.core/Editor/Deprecated.cs' contains partial class of Unity.Object, exactly 1 of the partial classes needs to be in a file with the same filename. This is to know the one that can be referenced from ie. GameObjects
'Packages/com.unity.render-pipelines.core/Editor/Deprecated.cs' contains partial class of Unity.Object, exactly 1 of the partial classes needs to be in a file with the same filename. This is to know the one that can be referenced from ie. GameObjects
Native extension for WindowsStandalone target not found
[Package Manager] Failed to launch server process. Reason: Unity was launched with the -noUpm command-line argument
[Package Manager] Unable to send message (not connected to server process).
[Package Manager] Cannot connect to Unity Package Manager local server
[Package Manager] Failed to launch server process. Reason: Unity was launched with the -noUpm command-line argument
[Package Manager] Unable to send message (not connected to server process).
[Package Manager] Cannot connect to Unity Package Manager local server
ScheduleIndexationOnStartup MainProcess:False IndexOnStartup:True
Scripting: successfully reloaded assembly
- Finished resetting the current domain, in  1.147 seconds
Domain Reload Profiling: 2889ms
	BeginReloadAssembly (567ms)
		DisableScriptedObjects (27ms)
		CreateAndSetChildDomain (103ms)
	RebuildCommonClasses (26ms)
	RebuildNativeTypeToScriptingClass (45ms)
	initialDomainReloadingComplete (145ms)
	LoadAllAssembliesAndSetupDomain (957ms)
		LoadAssemblies (618ms)
		TypeCache.Refresh (20ms)
		AnalyzeDomain (272ms)
			BuildScriptInfoCaches (263ms)
			ResolveRequiredComponents (6ms)
	FinalizeReload (1149ms)
		SetupLoadedEditorAssemblies (0ms)
			LogAssemblyErrors (4ms)
			InitializePlatformSupportModulesInManaged (4ms)
			BeforeProcessingInitializeOnLoad (173ms)
			ProcessInitializeOnLoadAttributes (418ms)
			ProcessInitializeOnLoadMethodAttributes (131ms)
			AfterProcessingInitializeOnLoad (14ms)
		AwakeInstancesAfterBackupRestoration (35ms)
Refreshing native plugins compatible for Editor in 2.82 ms, found 3 plugins.
Unloading 24 Unused Serialized files (Serialized files now loaded: 0)
Unloading 4980 unused Assets / (5.4 MB). Loaded Objects now: 6019.
Memory consumption went from 388.2 MB to 382.7 MB.
Total: 11.590300 ms (FindLiveObjects: 1.377100 ms CreateObjectMapping: 0.943200 ms MarkObjects: 7.463800 ms  DeleteObjects: 1.459800 ms)

Prepare: number of updated asset objects reloaded= 0
========================================================================
Received Prepare
AcceleratorClientConnectionCallback - disconnected - :0
'Packages/com.unity.render-pipelines.core/Editor/Deprecated.cs' contains partial class of Unity.Object, exactly 1 of the partial classes needs to be in a file with the same filename. This is to know the one that can be referenced from ie. GameObjects
'Packages/com.unity.render-pipelines.core/Editor/Deprecated.cs' contains partial class of Unity.Object, exactly 1 of the partial classes needs to be in a file with the same filename. This is to know the one that can be referenced from ie. GameObjects
Refreshing native plugins compatible for Editor in 4.08 ms, found 3 plugins.
Unloading 24 Unused Serialized files (Serialized files now loaded: 0)
Unloading 4972 unused Assets / (4.9 MB). Loaded Objects now: 6020.
Memory consumption went from 390.2 MB to 385.3 MB.
Total: 18.085600 ms (FindLiveObjects: 1.614200 ms CreateObjectMapping: 1.177700 ms MarkObjects: 12.462600 ms  DeleteObjects: 2.395200 ms)

Prepare: number of updated asset objects reloaded= 0
========================================================================
Received Import Request.
  Time of request: 2026-09-18T07:59:12.2936817Z
  Time since last request: 7044.46351090000007 seconds.
  importAddress: GUID: de94257a25e11af49862382686b5e5ca - Path: Assets/WinConditiom.cs - Importer: PreviewImporter
Importing 'GUID: de94257a25e11af49862382686b5e5ca - Path: Assets/WinConditiom.cs - Importer: PreviewImporter' with importer (PreviewImporter)
Imported 'GUID: de94257a25e11af49862382686b5e5ca' -> (Import Result ID: '28bd3b38ab777795328910606d33cb4b') in 0.030 seconds [static and dynamic dependencies]. Details - ImportResultOutputID=9331f5ad5e66ed776f07239ca993ca4f DependenciesID=867283cb1719a218388c4c94b0f248ff StaticDependenciesID=96e059b85bf81dc06db806e3cb868f81 
Number of updated asset objects reloaded before import = 0
Number of asset objects unloaded after import = 0
========================================================================
Received Prepare
AcceleratorClientConnectionCallback - disconnected - :0
[Licensing::Client] Successfully resolved entitlement details
Begin MonoManager ReloadAssembly
'Packages/com.unity.render-pipelines.core/Editor/Deprecated.cs' contains partial class of Unity.Object, exactly 1 of the partial classes needs to be in a file with the same filename. This is to know the one that can be referenced from ie. GameObjects
'Packages/com.unity.render-pipelines.core/Editor/Deprecated.cs' contains partial class of Unity.Object, exactly 1 of the partial classes needs to be in a file with the same filename. This is to know the one that can be referenced from ie. GameObjects
Refreshing native plugins compatible for Editor in 2.08 ms, found 3 plugins.
Native extension for WindowsStandalone target not found
[Package Manager] Failed to launch server process. Reason: Unity was launched with the -noUpm command-line argument
[Package Manager] Unable to send message (not connected to server process).
[Package Manager] Cannot connect to Unity Package Manager local server
[Package Manager] Failed to launch server process. Reason: Unity was launched with the -noUpm command-line argument
[Package Manager] Unable to send message (not connected to server process).
[Package Manager] Cannot connect to Unity Package Manager local server
ScheduleIndexationOnStartup MainProcess:False IndexOnStartup:True
Scripting: successfully reloaded assembly
- Finished resetting the current domain, in  1.558 seconds
Domain Reload Profiling: 3241ms
	BeginReloadAssembly (526ms)
		DisableScriptedObjects (31ms)
		CreateAndSetChildDomain (102ms)
	RebuildCommonClasses (22ms)
	RebuildNativeTypeToScriptingClass (31ms)
	initialDomainReloadingComplete (136ms)
	LoadAllAssembliesAndSetupDomain (965ms)
		LoadAssemblies (626ms)
		TypeCache.Refresh (17ms)
		AnalyzeDomain (269ms)
			BuildScriptInfoCaches (257ms)
			ResolveRequiredComponents (8ms)
	FinalizeReload (1560ms)
		SetupLoadedEditorAssemblies (0ms)
			LogAssemblyErrors (3ms)
			InitializePlatformSupportModulesInManaged (4ms)
			BeforeProcessingInitializeOnLoad (251ms)
			ProcessInitializeOnLoadAttributes (577ms)
			ProcessInitializeOnLoadMethodAttributes (246ms)
			AfterProcessingInitializeOnLoad (26ms)
			EditorAssembliesLoaded (3ms)
		AwakeInstancesAfterBackupRestoration (53ms)
Refreshing native plugins compatible for Editor in 3.13 ms, found 3 plugins.
Unloading 24 Unused Serialized files (Serialized files now loaded: 0)
Unloading 4981 unused Assets / (5.0 MB). Loaded Objects now: 6023.
Memory consumption went from 390.8 MB to 385.8 MB.
Total: 17.366100 ms (FindLiveObjects: 1.637900 ms CreateObjectMapping: 1.224200 ms MarkObjects: 11.602100 ms  DeleteObjects: 2.459100 ms)

Prepare: number of updated asset objects reloaded= 0
========================================================================
Received Import Request.
  Time of request: 2026-09-18T07:59:26.0113812Z
  Time since last request: 13.5862393 seconds.
  importAddress: GUID: de94257a25e11af49862382686b5e5ca - Path: Assets/WinConditiom.cs - Importer: PreviewImporter
Importing 'GUID: de94257a25e11af49862382686b5e5ca - Path: Assets/WinConditiom.cs - Importer: PreviewImporter' with importer (PreviewImporter)
Imported 'GUID: de94257a25e11af49862382686b5e5ca' -> (Import Result ID: '72619a192965abe465c798eaff995ce7') in 0.154 seconds [static and dynamic dependencies]. Details - ImportResultOutputID=9331f5ad5e66ed776f07239ca993ca4f DependenciesID=8e005d67a62b477aec5cba0088127e92 StaticDependenciesID=96e059b85bf81dc06db806e3cb868f81 
Number of updated asset objects reloaded before import = 0
Number of asset objects unloaded after import = 0
========================================================================
Received Prepare
AcceleratorClientConnectionCallback - disconnected - :0
[Licensing::Client] Successfully resolved entitlement details
Begin MonoManager ReloadAssembly
'Packages/com.unity.render-pipelines.core/Editor/Deprecated.cs' contains partial class of Unity.Object, exactly 1 of the partial classes needs to be in a file with the same filename. This is to know the one that can be referenced from ie. GameObjects
'Packages/com.unity.render-pipelines.core/Editor/Deprecated.cs' contains partial class of Unity.Object, exactly 1 of the partial classes needs to be in a file with the same filename. This is to know the one that can be referenced from ie. GameObjects
Refreshing native plugins compatible for Editor in 2.08 ms, found 3 plugins.
Native extension for WindowsStandalone target not found
[Package Manager] Failed to launch server process. Reason: Unity was launched with the -noUpm command-line argument
[Package Manager] Unable to send message (not connected to server process).
[Package Manager] Cannot connect to Unity Package Manager local server
[Package Manager] Failed to launch server process. Reason: Unity was launched with the -noUpm command-line argument
[Package Manager] Unable to send message (not connected to server process).
[Package Manager] Cannot connect to Unity Package Manager local server
ScheduleIndexationOnStartup MainProcess:False IndexOnStartup:True
Scripting: successfully reloaded assembly
- Finished resetting the current domain, in  1.497 seconds
Domain Reload Profiling: 4297ms
	BeginReloadAssembly (913ms)
		DisableScriptedObjects (131ms)
		CreateAndSetChildDomain (199ms)
	RebuildCommonClasses (23ms)
	RebuildNativeTypeToScriptingClass (38ms)
	initialDomainReloadingComplete (161ms)
	LoadAllAssembliesAndSetupDomain (1663ms)
		LoadAssemblies (960ms)
		TypeCache.Refresh (30ms)
		AnalyzeDomain (373ms)
			BuildScriptInfoCaches (351ms)
			ResolveRequiredComponents (12ms)
	FinalizeReload (1499ms)
		SetupLoadedEditorAssemblies (0ms)
			LogAssemblyErrors (6ms)
			InitializePlatformSupportModulesInManaged (4ms)
			BeforeProcessingInitializeOnLoad (321ms)
			ProcessInitializeOnLoadAttributes (496ms)
			ProcessInitializeOnLoadMethodAttributes (166ms)
			AfterProcessingInitializeOnLoad (17ms)
			EditorAssembliesLoaded (3ms)
		AwakeInstancesAfterBackupRestoration (55ms)
Refreshing native plugins compatible for Editor in 3.57 ms, found 3 plugins.
Unloading 24 Unused Serialized files (Serialized files now loaded: 0)
Unloading 4981 unused Assets / (4.8 MB). Loaded Objects now: 6026.
Memory consumption went from 339.4 MB to 334.6 MB.
Total: 15.888200 ms (FindLiveObjects: 2.110400 ms CreateObjectMapping: 1.316100 ms MarkObjects: 10.080800 ms  DeleteObjects: 2.014700 ms)

Prepare: number of updated asset objects reloaded= 0
========================================================================
Received Prepare
AcceleratorClientConnectionCallback - disconnected - :0
'Packages/com.unity.render-pipelines.core/Editor/Deprecated.cs' contains partial class of Unity.Object, exactly 1 of the partial classes needs to be in a file with the same filename. This is to know the one that can be referenced from ie. GameObjects
'Packages/com.unity.render-pipelines.core/Editor/Deprecated.cs' contains partial class of Unity.Object, exactly 1 of the partial classes needs to be in a file with the same filename. This is to know the one that can be referenced from ie. GameObjects
Refreshing native plugins compatible for Editor in 2.83 ms, found 3 plugins.
Unloading 24 Unused Serialized files (Serialized files now loaded: 0)
Unloading 4972 unused Assets / (6.5 MB). Loaded Objects now: 6026.
Memory consumption went from 341.4 MB to 334.9 MB.
Total: 14.757300 ms (FindLiveObjects: 1.474900 ms CreateObjectMapping: 0.972200 ms MarkObjects: 9.284800 ms  DeleteObjects: 2.660100 ms)

Prepare: number of updated asset objects reloaded= 0
========================================================================
Received Prepare
AcceleratorClientConnectionCallback - disconnected - :0
[Licensing::Client] Successfully resolved entitlement details
Begin MonoManager ReloadAssembly
'Packages/com.unity.render-pipelines.core/Editor/Deprecated.cs' contains partial class of Unity.Object, exactly 1 of the partial classes needs to be in a file with the same filename. This is to know the one that can be referenced from ie. GameObjects
'Packages/com.unity.render-pipelines.core/Editor/Deprecated.cs' contains partial class of Unity.Object, exactly 1 of the partial classes needs to be in a file with the same filename. This is to know the one that can be referenced from ie. GameObjects
Refreshing native plugins compatible for Editor in 2.66 ms, found 3 plugins.
Native extension for WindowsStandalone target not found
[Package Manager] Failed to launch server process. Reason: Unity was launched with the -noUpm command-line argument
[Package Manager] Unable to send message (not connected to server process).
[Package Manager] Cannot connect to Unity Package Manager local server
[Package Manager] Failed to launch server process. Reason: Unity was launched with the -noUpm command-line argument
[Package Manager] Unable to send message (not connected to server process).
[Package Manager] Cannot connect to Unity Package Manager local server
ScheduleIndexationOnStartup MainProcess:False IndexOnStartup:True
Scripting: successfully reloaded assembly
- Finished resetting the current domain, in  1.745 seconds
Domain Reload Profiling: 3764ms
	BeginReloadAssembly (567ms)
		DisableScriptedObjects (23ms)
		CreateAndSetChildDomain (103ms)
	RebuildCommonClasses (24ms)
	RebuildNativeTypeToScriptingClass (47ms)
	initialDomainReloadingComplete (135ms)
	LoadAllAssembliesAndSetupDomain (1243ms)
		LoadAssemblies (736ms)
		TypeCache.Refresh (18ms)
		AnalyzeDomain (442ms)
			BuildScriptInfoCaches (429ms)
			ResolveRequiredComponents (9ms)
	FinalizeReload (1747ms)
		SetupLoadedEditorAssemblies (0ms)
			LogAssemblyErrors (4ms)
			InitializePlatformSupportModulesInManaged (4ms)
			BeforeProcessingInitializeOnLoad (263ms)
			ProcessInitializeOnLoadAttributes (681ms)
			ProcessInitializeOnLoadMethodAttributes (210ms)
			AfterProcessingInitializeOnLoad (28ms)
			EditorAssembliesLoaded (4ms)
		AwakeInstancesAfterBackupRestoration (65ms)
Refreshing native plugins compatible for Editor in 4.27 ms, found 3 plugins.
Unloading 24 Unused Serialized files (Serialized files now loaded: 0)
Unloading 4981 unused Assets / (4.7 MB). Loaded Objects now: 6029.
Memory consumption went from 344.0 MB to 339.3 MB.
Total: 21.491200 ms (FindLiveObjects: 1.836800 ms CreateObjectMapping: 2.617700 ms MarkObjects: 13.530000 ms  DeleteObjects: 2.945400 ms)

Prepare: number of updated asset objects reloaded= 0
========================================================================
Received Prepare
AcceleratorClientConnectionCallback - disconnected - :0
[Licensing::Client] Successfully resolved entitlement details
Begin MonoManager ReloadAssembly
'Packages/com.unity.render-pipelines.core/Editor/Deprecated.cs' contains partial class of Unity.Object, exactly 1 of the partial classes needs to be in a file with the same filename. This is to know the one that can be referenced from ie. GameObjects
'Packages/com.unity.render-pipelines.core/Editor/Deprecated.cs' contains partial class of Unity.Object, exactly 1 of the partial classes needs to be in a file with the same filename. This is to know the one that can be referenced from ie. GameObjects
Refreshing native plugins compatible for Editor in 2.40 ms, found 3 plugins.
Native extension for WindowsStandalone target not found
[Package Manager] Failed to launch server process. Reason: Unity was launched with the -noUpm command-line argument
[Package Manager] Unable to send message (not connected to server process).
[Package Manager] Cannot connect to Unity Package Manager local server
[Package Manager] Failed to launch server process. Reason: Unity was launched with the -noUpm command-line argument
[Package Manager] Unable to send message (not connected to server process).
[Package Manager] Cannot connect to Unity Package Manager local server
ScheduleIndexationOnStartup MainProcess:False IndexOnStartup:True
Scripting: successfully reloaded assembly
- Finished resetting the current domain, in  1.544 seconds
Domain Reload Profiling: 3543ms
	BeginReloadAssembly (601ms)
		DisableScriptedObjects (23ms)
		CreateAndSetChildDomain (128ms)
	RebuildCommonClasses (21ms)
	RebuildNativeTypeToScriptingClass (43ms)
	initialDomainReloadingComplete (130ms)
	LoadAllAssembliesAndSetupDomain (1200ms)
		LoadAssemblies (748ms)
		TypeCache.Refresh (22ms)
		AnalyzeDomain (323ms)
			BuildScriptInfoCaches (312ms)
			ResolveRequiredComponents (8ms)
	FinalizeReload (1547ms)
		SetupLoadedEditorAssemblies (0ms)
			LogAssemblyErrors (5ms)
			InitializePlatformSupportModulesInManaged (3ms)
			BeforeProcessingInitializeOnLoad (200ms)
			ProcessInitializeOnLoadAttributes (529ms)
			ProcessInitializeOnLoadMethodAttributes (186ms)
			AfterProcessingInitializeOnLoad (28ms)
			EditorAssembliesLoaded (3ms)
		AwakeInstancesAfterBackupRestoration (117ms)
Refreshing native plugins compatible for Editor in 3.32 ms, found 3 plugins.
Unloading 24 Unused Serialized files (Serialized files now loaded: 0)
Unloading 4981 unused Assets / (4.9 MB). Loaded Objects now: 6032.
Memory consumption went from 346.9 MB to 342.0 MB.
Total: 19.659400 ms (FindLiveObjects: 1.647400 ms CreateObjectMapping: 1.328800 ms MarkObjects: 13.714700 ms  DeleteObjects: 2.577300 ms)

Prepare: number of updated asset objects reloaded= 0
========================================================================
Received Prepare
AcceleratorClientConnectionCallback - disconnected - :0
[Licensing::Client] Successfully resolved entitlement details
Begin MonoManager ReloadAssembly
'Packages/com.unity.render-pipelines.core/Editor/Deprecated.cs' contains partial class of Unity.Object, exactly 1 of the partial classes needs to be in a file with the same filename. This is to know the one that can be referenced from ie. GameObjects
'Packages/com.unity.render-pipelines.core/Editor/Deprecated.cs' contains partial class of Unity.Object, exactly 1 of the partial classes needs to be in a file with the same filename. This is to know the one that can be referenced from ie. GameObjects
Refreshing native plugins compatible for Editor in 2.85 ms, found 3 plugins.
Native extension for WindowsStandalone target not found
[Package Manager] Failed to launch server process. Reason: Unity was launched with the -noUpm command-line argument
[Package Manager] Unable to send message (not connected to server process).
[Package Manager] Cannot connect to Unity Package Manager local server
[Package Manager] Failed to launch server process. Reason: Unity was launched with the -noUpm command-line argument
[Package Manager] Unable to send message (not connected to server process).
[Package Manager] Cannot connect to Unity Package Manager local server
ScheduleIndexationOnStartup MainProcess:False IndexOnStartup:True
Scripting: successfully reloaded assembly
- Finished resetting the current domain, in  1.143 seconds
Domain Reload Profiling: 3587ms
	BeginReloadAssembly (879ms)
		DisableScriptedObjects (87ms)
		CreateAndSetChildDomain (218ms)
	RebuildCommonClasses (27ms)
	RebuildNativeTypeToScriptingClass (55ms)
	initialDomainReloadingComplete (222ms)
	LoadAllAssembliesAndSetupDomain (1259ms)
		LoadAssemblies (863ms)
		TypeCache.Refresh (32ms)
		AnalyzeDomain (373ms)
			BuildScriptInfoCaches (358ms)
			ResolveRequiredComponents (10ms)
	FinalizeReload (1144ms)
		SetupLoadedEditorAssemblies (0ms)
			LogAssemblyErrors (4ms)
			BeforeProcessingInitializeOnLoad (182ms)
			ProcessInitializeOnLoadAttributes (387ms)
			ProcessInitializeOnLoadMethodAttributes (137ms)
			AfterProcessingInitializeOnLoad (17ms)
		AwakeInstancesAfterBackupRestoration (44ms)
Refreshing native plugins compatible for Editor in 2.70 ms, found 3 plugins.
Unloading 24 Unused Serialized files (Serialized files now loaded: 0)
Unloading 4981 unused Assets / (5.3 MB). Loaded Objects now: 6035.
Memory consumption went from 349.7 MB to 344.5 MB.
Total: 11.138000 ms (FindLiveObjects: 1.320700 ms CreateObjectMapping: 0.508200 ms MarkObjects: 6.896300 ms  DeleteObjects: 2.095100 ms)

Prepare: number of updated asset objects reloaded= 0
========================================================================
Received Prepare
AcceleratorClientConnectionCallback - disconnected - :0
[Licensing::Client] Successfully resolved entitlement details
Begin MonoManager ReloadAssembly
'Packages/com.unity.render-pipelines.core/Editor/Deprecated.cs' contains partial class of Unity.Object, exactly 1 of the partial classes needs to be in a file with the same filename. This is to know the one that can be referenced from ie. GameObjects
'Packages/com.unity.render-pipelines.core/Editor/Deprecated.cs' contains partial class of Unity.Object, exactly 1 of the partial classes needs to be in a file with the same filename. This is to know the one that can be referenced from ie. GameObjects
Refreshing native plugins compatible for Editor in 2.36 ms, found 3 plugins.
Native extension for WindowsStandalone target not found
[Package Manager] Failed to launch server process. Reason: Unity was launched with the -noUpm command-line argument
[Package Manager] Unable to send message (not connected to server process).
[Package Manager] Cannot connect to Unity Package Manager local server
[Package Manager] Failed to launch server process. Reason: Unity was launched with the -noUpm command-line argument
[Package Manager] Unable to send message (not connected to server process).
[Package Manager] Cannot connect to Unity Package Manager local server
ScheduleIndexationOnStartup MainProcess:False IndexOnStartup:True
Scripting: successfully reloaded assembly
- Finished resetting the current domain, in  1.376 seconds
Domain Reload Profiling: 3067ms
	BeginReloadAssembly (485ms)
		DisableScriptedObjects (19ms)
		CreateAndSetChildDomain (101ms)
	RebuildCommonClasses (15ms)
	RebuildNativeTypeToScriptingClass (32ms)
	initialDomainReloadingComplete (126ms)
	LoadAllAssembliesAndSetupDomain (1032ms)
		LoadAssemblies (596ms)
		TypeCache.Refresh (24ms)
		AnalyzeDomain (305ms)
			BuildScriptInfoCaches (292ms)
			ResolveRequiredComponents (8ms)
	FinalizeReload (1378ms)
		SetupLoadedEditorAssemblies (0ms)
			LogAssemblyErrors (3ms)
			InitializePlatformSupportModulesInManaged (3ms)
			BeforeProcessingInitializeOnLoad (184ms)
			ProcessInitializeOnLoadAttributes (608ms)
			ProcessInitializeOnLoadMethodAttributes (134ms)
			AfterProcessingInitializeOnLoad (15ms)
		AwakeInstancesAfterBackupRestoration (35ms)
Refreshing native plugins compatible for Editor in 2.87 ms, found 3 plugins.
Unloading 24 Unused Serialized files (Serialized files now loaded: 0)
Unloading 4981 unused Assets / (4.8 MB). Loaded Objects now: 6038.
Memory consumption went from 352.8 MB to 348.0 MB.
Total: 14.031100 ms (FindLiveObjects: 1.869200 ms CreateObjectMapping: 1.359800 ms MarkObjects: 8.228000 ms  DeleteObjects: 2.209900 ms)

Prepare: number of updated asset objects reloaded= 0
========================================================================
Received Prepare
AcceleratorClientConnectionCallback - disconnected - :0
[Licensing::Client] Successfully resolved entitlement details
Begin MonoManager ReloadAssembly
'Packages/com.unity.render-pipelines.core/Editor/Deprecated.cs' contains partial class of Unity.Object, exactly 1 of the partial classes needs to be in a file with the same filename. This is to know the one that can be referenced from ie. GameObjects
'Packages/com.unity.render-pipelines.core/Editor/Deprecated.cs' contains partial class of Unity.Object, exactly 1 of the partial classes needs to be in a file with the same filename. This is to know the one that can be referenced from ie. GameObjects
Native extension for WindowsStandalone target not found
[Package Manager] Failed to launch server process. Reason: Unity was launched with the -noUpm command-line argument
[Package Manager] Unable to send message (not connected to server process).
[Package Manager] Cannot connect to Unity Package Manager local server
[Package Manager] Failed to launch server process. Reason: Unity was launched with the -noUpm command-line argument
[Package Manager] Unable to send message (not connected to server process).
[Package Manager] Cannot connect to Unity Package Manager local server
ScheduleIndexationOnStartup MainProcess:False IndexOnStartup:True
Scripting: successfully reloaded assembly
- Finished resetting the current domain, in  1.447 seconds
Domain Reload Profiling: 3066ms
	BeginReloadAssembly (457ms)
		DisableScriptedObjects (24ms)
		CreateAndSetChildDomain (83ms)
	RebuildCommonClasses (23ms)
	RebuildNativeTypeToScriptingClass (27ms)
	initialDomainReloadingComplete (121ms)
	LoadAllAssembliesAndSetupDomain (989ms)
		LoadAssemblies (591ms)
		TypeCache.Refresh (16ms)
		AnalyzeDomain (286ms)
			BuildScriptInfoCaches (276ms)
			ResolveRequiredComponents (6ms)
	FinalizeReload (1449ms)
		SetupLoadedEditorAssemblies (0ms)
			LogAssemblyErrors (4ms)
			InitializePlatformSupportModulesInManaged (4ms)
			BeforeProcessingInitializeOnLoad (282ms)
			ProcessInitializeOnLoadAttributes (508ms)
			ProcessInitializeOnLoadMethodAttributes (147ms)
			AfterProcessingInitializeOnLoad (15ms)
			EditorAssembliesLoaded (3ms)
		AwakeInstancesAfterBackupRestoration (41ms)
Refreshing native plugins compatible for Editor in 3.33 ms, found 3 plugins.
Unloading 24 Unused Serialized files (Serialized files now loaded: 0)
Unloading 4981 unused Assets / (4.4 MB). Loaded Objects now: 6041.
Memory consumption went from 355.8 MB to 351.4 MB.
Total: 14.084800 ms (FindLiveObjects: 1.385700 ms CreateObjectMapping: 1.231300 ms MarkObjects: 8.714100 ms  DeleteObjects: 2.378400 ms)

Prepare: number of updated asset objects reloaded= 0
========================================================================
Received Prepare
AcceleratorClientConnectionCallback - disconnected - :0
[Licensing::Client] Successfully resolved entitlement details
Begin MonoManager ReloadAssembly
'Packages/com.unity.render-pipelines.core/Editor/Deprecated.cs' contains partial class of Unity.Object, exactly 1 of the partial classes needs to be in a file with the same filename. This is to know the one that can be referenced from ie. GameObjects
'Packages/com.unity.render-pipelines.core/Editor/Deprecated.cs' contains partial class of Unity.Object, exactly 1 of the partial classes needs to be in a file with the same filename. This is to know the one that can be referenced from ie. GameObjects
Native extension for WindowsStandalone target not found
[Package Manager] Failed to launch server process. Reason: Unity was launched with the -noUpm command-line argument
[Package Manager] Unable to send message (not connected to server process).
[Package Manager] Cannot connect to Unity Package Manager local server
[Package Manager] Failed to launch server process. Reason: Unity was launched with the -noUpm command-line argument
[Package Manager] Unable to send message (not connected to server process).
[Package Manager] Cannot connect to Unity Package Manager local server
ScheduleIndexationOnStartup MainProcess:False IndexOnStartup:True
Scripting: successfully reloaded assembly
- Finished resetting the current domain, in  1.103 seconds
Domain Reload Profiling: 2795ms
	BeginReloadAssembly (502ms)
		DisableScriptedObjects (24ms)
		CreateAndSetChildDomain (86ms)
	RebuildCommonClasses (27ms)
	RebuildNativeTypeToScriptingClass (39ms)
	initialDomainReloadingComplete (124ms)
	LoadAllAssembliesAndSetupDomain (998ms)
		LoadAssemblies (737ms)
		TypeCache.Refresh (20ms)
		AnalyzeDomain (225ms)
			BuildScriptInfoCaches (214ms)
			ResolveRequiredComponents (8ms)
	FinalizeReload (1105ms)
		SetupLoadedEditorAssemblies (0ms)
			InitializePlatformSupportModulesInManaged (3ms)
			BeforeProcessingInitializeOnLoad (157ms)
			ProcessInitializeOnLoadAttributes (380ms)
			ProcessInitializeOnLoadMethodAttributes (138ms)
			AfterProcessingInitializeOnLoad (16ms)
		AwakeInstancesAfterBackupRestoration (35ms)
Refreshing native plugins compatible for Editor in 2.24 ms, found 3 plugins.
Unloading 24 Unused Serialized files (Serialized files now loaded: 0)
Unloading 4981 unused Assets / (5.6 MB). Loaded Objects now: 6044.
Memory consumption went from 358.6 MB to 353.1 MB.
Total: 9.871300 ms (FindLiveObjects: 1.371800 ms CreateObjectMapping: 0.832900 ms MarkObjects: 5.741900 ms  DeleteObjects: 1.588100 ms)

Prepare: number of updated asset objects reloaded= 0
========================================================================
Received Prepare
AcceleratorClientConnectionCallback - disconnected - :0
[Licensing::Client] Successfully resolved entitlement details
Begin MonoManager ReloadAssembly
'Packages/com.unity.render-pipelines.core/Editor/Deprecated.cs' contains partial class of Unity.Object, exactly 1 of the partial classes needs to be in a file with the same filename. This is to know the one that can be referenced from ie. GameObjects
'Packages/com.unity.render-pipelines.core/Editor/Deprecated.cs' contains partial class of Unity.Object, exactly 1 of the partial classes needs to be in a file with the same filename. This is to know the one that can be referenced from ie. GameObjects
Refreshing native plugins compatible for Editor in 3.03 ms, found 3 plugins.
Native extension for WindowsStandalone target not found
[Package Manager] Failed to launch server process. Reason: Unity was launched with the -noUpm command-line argument
[Package Manager] Unable to send message (not connected to server process).
[Package Manager] Cannot connect to Unity Package Manager local server
[Package Manager] Failed to launch server process. Reason: Unity was launched with the -noUpm command-line argument
[Package Manager] Unable to send message (not connected to server process).
[Package Manager] Cannot connect to Unity Package Manager local server
ScheduleIndexationOnStartup MainProcess:False IndexOnStartup:True
Scripting: successfully reloaded assembly
- Finished resetting the current domain, in  1.316 seconds
Domain Reload Profiling: 3201ms
	BeginReloadAssembly (558ms)
		DisableScriptedObjects (26ms)
		CreateAndSetChildDomain (121ms)
	RebuildCommonClasses (25ms)
	RebuildNativeTypeToScriptingClass (47ms)
	initialDomainReloadingComplete (142ms)
	LoadAllAssembliesAndSetupDomain (1112ms)
		LoadAssemblies (705ms)
		TypeCache.Refresh (19ms)
		AnalyzeDomain (261ms)
			BuildScriptInfoCaches (248ms)
			ResolveRequiredComponents (9ms)
	FinalizeReload (1318ms)
		SetupLoadedEditorAssemblies (0ms)
			LogAssemblyErrors (3ms)
			InitializePlatformSupportModulesInManaged (3ms)
			BeforeProcessingInitializeOnLoad (203ms)
			ProcessInitializeOnLoadAttributes (449ms)
			ProcessInitializeOnLoadMethodAttributes (158ms)
			AfterProcessingInitializeOnLoad (24ms)
			EditorAssembliesLoaded (3ms)
		AwakeInstancesAfterBackupRestoration (55ms)
Refreshing native plugins compatible for Editor in 3.96 ms, found 3 plugins.
Unloading 24 Unused Serialized files (Serialized files now loaded: 0)
Unloading 4981 unused Assets / (5.6 MB). Loaded Objects now: 6047.
Memory consumption went from 361.2 MB to 355.6 MB.
Total: 14.465500 ms (FindLiveObjects: 1.874100 ms CreateObjectMapping: 1.239900 ms MarkObjects: 8.549000 ms  DeleteObjects: 2.442600 ms)

Prepare: number of updated asset objects reloaded= 0
========================================================================
Received Prepare
AcceleratorClientConnectionCallback - disconnected - :0
'Packages/com.unity.render-pipelines.core/Editor/Deprecated.cs' contains partial class of Unity.Object, exactly 1 of the partial classes needs to be in a file with the same filename. This is to know the one that can be referenced from ie. GameObjects
'Packages/com.unity.render-pipelines.core/Editor/Deprecated.cs' contains partial class of Unity.Object, exactly 1 of the partial classes needs to be in a file with the same filename. This is to know the one that can be referenced from ie. GameObjects
Refreshing native plugins compatible for Editor in 2.87 ms, found 3 plugins.
Unloading 24 Unused Serialized files (Serialized files now loaded: 0)
Unloading 4972 unused Assets / (4.7 MB). Loaded Objects now: 6047.
Memory consumption went from 363.2 MB to 358.6 MB.
Total: 18.917900 ms (FindLiveObjects: 1.548400 ms CreateObjectMapping: 1.145700 ms MarkObjects: 13.294600 ms  DeleteObjects: 2.471400 ms)

Prepare: number of updated asset objects reloaded= 0
========================================================================
Received Prepare
AcceleratorClientConnectionCallback - disconnected - :0
[Licensing::Client] Successfully resolved entitlement details
Begin MonoManager ReloadAssembly
'Packages/com.unity.render-pipelines.core/Editor/Deprecated.cs' contains partial class of Unity.Object, exactly 1 of the partial classes needs to be in a file with the same filename. This is to know the one that can be referenced from ie. GameObjects
'Packages/com.unity.render-pipelines.core/Editor/Deprecated.cs' contains partial class of Unity.Object, exactly 1 of the partial classes needs to be in a file with the same filename. This is to know the one that can be referenced from ie. GameObjects
Refreshing native plugins compatible for Editor in 3.17 ms, found 3 plugins.
Native extension for WindowsStandalone target not found
[Package Manager] Failed to launch server process. Reason: Unity was launched with the -noUpm command-line argument
[Package Manager] Unable to send message (not connected to server process).
[Package Manager] Cannot connect to Unity Package Manager local server
[Package Manager] Failed to launch server process. Reason: Unity was launched with the -noUpm command-line argument
[Package Manager] Unable to send message (not connected to server process).
[Package Manager] Cannot connect to Unity Package Manager local server
ScheduleIndexationOnStartup MainProcess:False IndexOnStartup:True
Scripting: successfully reloaded assembly
- Finished resetting the current domain, in  1.315 seconds
Domain Reload Profiling: 3206ms
	BeginReloadAssembly (612ms)
		DisableScriptedObjects (28ms)
		CreateAndSetChildDomain (122ms)
	RebuildCommonClasses (33ms)
	RebuildNativeTypeToScriptingClass (61ms)
	initialDomainReloadingComplete (134ms)
	LoadAllAssembliesAndSetupDomain (1049ms)
		LoadAssemblies (655ms)
		TypeCache.Refresh (21ms)
		AnalyzeDomain (333ms)
			BuildScriptInfoCaches (325ms)
			ResolveRequiredComponents (6ms)
	FinalizeReload (1318ms)
		SetupLoadedEditorAssemblies (0ms)
			LogAssemblyErrors (3ms)
			InitializePlatformSupportModulesInManaged (3ms)
			BeforeProcessingInitializeOnLoad (228ms)
			ProcessInitializeOnLoadAttributes (463ms)
			ProcessInitializeOnLoadMethodAttributes (150ms)
			AfterProcessingInitializeOnLoad (16ms)
		AwakeInstancesAfterBackupRestoration (34ms)
Refreshing native plugins compatible for Editor in 2.70 ms, found 3 plugins.
Unloading 24 Unused Serialized files (Serialized files now loaded: 0)
Unloading 4981 unused Assets / (5.0 MB). Loaded Objects now: 6050.
Memory consumption went from 366.2 MB to 361.2 MB.
Total: 13.589900 ms (FindLiveObjects: 1.546900 ms CreateObjectMapping: 1.475700 ms MarkObjects: 7.791700 ms  DeleteObjects: 2.331200 ms)

Prepare: number of updated asset objects reloaded= 0
========================================================================
Received Prepare
AcceleratorClientConnectionCallback - disconnected - :0
Begin MonoManager ReloadAssembly
'Packages/com.unity.render-pipelines.core/Editor/Deprecated.cs' contains partial class of Unity.Object, exactly 1 of the partial classes needs to be in a file with the same filename. This is to know the one that can be referenced from ie. GameObjects
'Packages/com.unity.render-pipelines.core/Editor/Deprecated.cs' contains partial class of Unity.Object, exactly 1 of the partial classes needs to be in a file with the same filename. This is to know the one that can be referenced from ie. GameObjects
Refreshing native plugins compatible for Editor in 2.45 ms, found 3 plugins.
Native extension for WindowsStandalone target not found
[Package Manager] Failed to launch server process. Reason: Unity was launched with the -noUpm command-line argument
[Package Manager] Unable to send message (not connected to server process).
[Package Manager] Cannot connect to Unity Package Manager local server
[Package Manager] Failed to launch server process. Reason: Unity was launched with the -noUpm command-line argument
[Package Manager] Unable to send message (not connected to server process).
[Package Manager] Cannot connect to Unity Package Manager local server
ScheduleIndexationOnStartup MainProcess:False IndexOnStartup:True
Scripting: successfully reloaded assembly
- Finished resetting the current domain, in  1.143 seconds
Domain Reload Profiling: 2944ms
	BeginReloadAssembly (606ms)
		DisableScriptedObjects (28ms)
		CreateAndSetChildDomain (126ms)
	RebuildCommonClasses (23ms)
	RebuildNativeTypeToScriptingClass (42ms)
	initialDomainReloadingComplete (134ms)
	LoadAllAssembliesAndSetupDomain (995ms)
		LoadAssemblies (665ms)
		TypeCache.Refresh (18ms)
		AnalyzeDomain (286ms)
			BuildScriptInfoCaches (276ms)
			ResolveRequiredComponents (7ms)
	FinalizeReload (1145ms)
		SetupLoadedEditorAssemblies (0ms)
			LogAssemblyErrors (4ms)
			InitializePlatformSupportModulesInManaged (3ms)
			BeforeProcessingInitializeOnLoad (174ms)
			ProcessInitializeOnLoadAttributes (402ms)
			ProcessInitializeOnLoadMethodAttributes (137ms)
			AfterProcessingInitializeOnLoad (14ms)
		AwakeInstancesAfterBackupRestoration (34ms)
Refreshing native plugins compatible for Editor in 3.51 ms, found 3 plugins.
Unloading 24 Unused Serialized files (Serialized files now loaded: 0)
Unloading 4981 unused Assets / (5.1 MB). Loaded Objects now: 6053.
Memory consumption went from 369.2 MB to 364.1 MB.
Total: 17.075000 ms (FindLiveObjects: 1.713900 ms CreateObjectMapping: 1.284400 ms MarkObjects: 11.151700 ms  DeleteObjects: 2.459600 ms)

Prepare: number of updated asset objects reloaded= 0
========================================================================
Received Prepare
AcceleratorClientConnectionCallback - disconnected - :0
'Packages/com.unity.render-pipelines.core/Editor/Deprecated.cs' contains partial class of Unity.Object, exactly 1 of the partial classes needs to be in a file with the same filename. This is to know the one that can be referenced from ie. GameObjects
'Packages/com.unity.render-pipelines.core/Editor/Deprecated.cs' contains partial class of Unity.Object, exactly 1 of the partial classes needs to be in a file with the same filename. This is to know the one that can be referenced from ie. GameObjects
Refreshing native plugins compatible for Editor in 3.43 ms, found 3 plugins.
Unloading 24 Unused Serialized files (Serialized files now loaded: 0)
Unloading 4972 unused Assets / (4.3 MB). Loaded Objects now: 6053.
Memory consumption went from 371.2 MB to 366.9 MB.
Total: 13.351700 ms (FindLiveObjects: 1.417400 ms CreateObjectMapping: 1.057700 ms MarkObjects: 9.054800 ms  DeleteObjects: 1.462600 ms)

Prepare: number of updated asset objects reloaded= 0
========================================================================
Received Prepare
AcceleratorClientConnectionCallback - disconnected - :0
[Licensing::Client] Successfully resolved entitlement details
Begin MonoManager ReloadAssembly
'Packages/com.unity.render-pipelines.core/Editor/Deprecated.cs' contains partial class of Unity.Object, exactly 1 of the partial classes needs to be in a file with the same filename. This is to know the one that can be referenced from ie. GameObjects
'Packages/com.unity.render-pipelines.core/Editor/Deprecated.cs' contains partial class of Unity.Object, exactly 1 of the partial classes needs to be in a file with the same filename. This is to know the one that can be referenced from ie. GameObjects
Refreshing native plugins compatible for Editor in 2.92 ms, found 3 plugins.
Native extension for WindowsStandalone target not found
[Package Manager] Failed to launch server process. Reason: Unity was launched with the -noUpm command-line argument
[Package Manager] Unable to send message (not connected to server process).
[Package Manager] Cannot connect to Unity Package Manager local server
[Package Manager] Failed to launch server process. Reason: Unity was launched with the -noUpm command-line argument
[Package Manager] Unable to send message (not connected to server process).
[Package Manager] Cannot connect to Unity Package Manager local server
ScheduleIndexationOnStartup MainProcess:False IndexOnStartup:True
Scripting: successfully reloaded assembly
- Finished resetting the current domain, in  1.221 seconds
Domain Reload Profiling: 2985ms
	BeginReloadAssembly (511ms)
		DisableScriptedObjects (21ms)
		CreateAndSetChildDomain (96ms)
	RebuildCommonClasses (29ms)
	RebuildNativeTypeToScriptingClass (45ms)
	initialDomainReloadingComplete (154ms)
	LoadAllAssembliesAndSetupDomain (1022ms)
		LoadAssemblies (633ms)
		TypeCache.Refresh (18ms)
		AnalyzeDomain (298ms)
			BuildScriptInfoCaches (286ms)
			ResolveRequiredComponents (9ms)
	FinalizeReload (1223ms)
		SetupLoadedEditorAssemblies (0ms)
			LogAssemblyErrors (4ms)
			InitializePlatformSupportModulesInManaged (4ms)
			BeforeProcessingInitializeOnLoad (213ms)
			ProcessInitializeOnLoadAttributes (419ms)
			ProcessInitializeOnLoadMethodAttributes (148ms)
			AfterProcessingInitializeOnLoad (14ms)
		AwakeInstancesAfterBackupRestoration (37ms)
Refreshing native plugins compatible for Editor in 2.06 ms, found 3 plugins.
Unloading 24 Unused Serialized files (Serialized files now loaded: 0)
Unloading 4981 unused Assets / (6.0 MB). Loaded Objects now: 6056.
Memory consumption went from 373.6 MB to 367.7 MB.
Total: 11.051400 ms (FindLiveObjects: 1.436500 ms CreateObjectMapping: 1.374100 ms MarkObjects: 5.917300 ms  DeleteObjects: 1.926100 ms)

Prepare: number of updated asset objects reloaded= 0
========================================================================
Received Prepare
AcceleratorClientConnectionCallback - disconnected - :0
[Licensing::Client] Successfully resolved entitlement details
Begin MonoManager ReloadAssembly
'Packages/com.unity.render-pipelines.core/Editor/Deprecated.cs' contains partial class of Unity.Object, exactly 1 of the partial classes needs to be in a file with the same filename. This is to know the one that can be referenced from ie. GameObjects
'Packages/com.unity.render-pipelines.core/Editor/Deprecated.cs' contains partial class of Unity.Object, exactly 1 of the partial classes needs to be in a file with the same filename. This is to know the one that can be referenced from ie. GameObjects
Refreshing native plugins compatible for Editor in 2.11 ms, found 3 plugins.
Native extension for WindowsStandalone target not found
[Package Manager] Failed to launch server process. Reason: Unity was launched with the -noUpm command-line argument
[Package Manager] Unable to send message (not connected to server process).
[Package Manager] Cannot connect to Unity Package Manager local server
[Package Manager] Failed to launch server process. Reason: Unity was launched with the -noUpm command-line argument
[Package Manager] Unable to send message (not connected to server process).
[Package Manager] Cannot connect to Unity Package Manager local server
ScheduleIndexationOnStartup MainProcess:False IndexOnStartup:True
Scripting: successfully reloaded assembly
- Finished resetting the current domain, in  1.273 seconds
Domain Reload Profiling: 2948ms
	BeginReloadAssembly (480ms)
		DisableScriptedObjects (23ms)
		CreateAndSetChildDomain (97ms)
	RebuildCommonClasses (18ms)
	RebuildNativeTypeToScriptingClass (32ms)
	initialDomainReloadingComplete (123ms)
	LoadAllAssembliesAndSetupDomain (1021ms)
		LoadAssemblies (635ms)
		TypeCache.Refresh (16ms)
		AnalyzeDomain (285ms)
			BuildScriptInfoCaches (276ms)
			ResolveRequiredComponents (6ms)
	FinalizeReload (1274ms)
		SetupLoadedEditorAssemblies (0ms)
			LogAssemblyErrors (3ms)
			InitializePlatformSupportModulesInManaged (3ms)
			BeforeProcessingInitializeOnLoad (208ms)
			ProcessInitializeOnLoadAttributes (444ms)
			ProcessInitializeOnLoadMethodAttributes (140ms)
			AfterProcessingInitializeOnLoad (16ms)
			EditorAssembliesLoaded (3ms)
		AwakeInstancesAfterBackupRestoration (39ms)
Refreshing native plugins compatible for Editor in 3.17 ms, found 3 plugins.
Unloading 24 Unused Serialized files (Serialized files now loaded: 0)
Unloading 4981 unused Assets / (5.2 MB). Loaded Objects now: 6059.
Memory consumption went from 376.6 MB to 371.4 MB.
Total: 15.648900 ms (FindLiveObjects: 1.563600 ms CreateObjectMapping: 1.298500 ms MarkObjects: 9.561600 ms  DeleteObjects: 2.858000 ms)

Prepare: number of updated asset objects reloaded= 0
========================================================================
Received Prepare
AcceleratorClientConnectionCallback - disconnected - :0
[Licensing::Client] Successfully resolved entitlement details
Begin MonoManager ReloadAssembly
'Packages/com.unity.render-pipelines.core/Editor/Deprecated.cs' contains partial class of Unity.Object, exactly 1 of the partial classes needs to be in a file with the same filename. This is to know the one that can be referenced from ie. GameObjects
'Packages/com.unity.render-pipelines.core/Editor/Deprecated.cs' contains partial class of Unity.Object, exactly 1 of the partial classes needs to be in a file with the same filename. This is to know the one that can be referenced from ie. GameObjects
Refreshing native plugins compatible for Editor in 3.26 ms, found 3 plugins.
Native extension for WindowsStandalone target not found
[Package Manager] Failed to launch server process. Reason: Unity was launched with the -noUpm command-line argument
[Package Manager] Unable to send message (not connected to server process).
[Package Manager] Cannot connect to Unity Package Manager local server
[Package Manager] Failed to launch server process. Reason: Unity was launched with the -noUpm command-line argument
[Package Manager] Unable to send message (not connected to server process).
[Package Manager] Cannot connect to Unity Package Manager local server
ScheduleIndexationOnStartup MainProcess:False IndexOnStartup:True
Scripting: successfully reloaded assembly
- Finished resetting the current domain, in  1.325 seconds
Domain Reload Profiling: 3317ms
	BeginReloadAssembly (636ms)
		DisableScriptedObjects (45ms)
		CreateAndSetChildDomain (123ms)
	RebuildCommonClasses (37ms)
	RebuildNativeTypeToScriptingClass (38ms)
	initialDomainReloadingComplete (123ms)
	LoadAllAssembliesAndSetupDomain (1157ms)
		LoadAssemblies (750ms)
		TypeCache.Refresh (24ms)
		AnalyzeDomain (376ms)
			BuildScriptInfoCaches (365ms)
			ResolveRequiredComponents (7ms)
	FinalizeReload (1326ms)
		SetupLoadedEditorAssemblies (0ms)
			LogAssemblyErrors (4ms)
			BeforeProcessingInitializeOnLoad (166ms)
			ProcessInitializeOnLoadAttributes (458ms)
			ProcessInitializeOnLoadMethodAttributes (159ms)
			AfterProcessingInitializeOnLoad (16ms)
		AwakeInstancesAfterBackupRestoration (61ms)
Refreshing native plugins compatible for Editor in 2.40 ms, found 3 plugins.
Unloading 24 Unused Serialized files (Serialized files now loaded: 0)
Unloading 4981 unused Assets / (5.0 MB). Loaded Objects now: 6062.
Memory consumption went from 379.4 MB to 374.4 MB.
Total: 13.635900 ms (FindLiveObjects: 1.375200 ms CreateObjectMapping: 1.039700 ms MarkObjects: 8.615900 ms  DeleteObjects: 2.278200 ms)

Prepare: number of updated asset objects reloaded= 0
========================================================================
Received Prepare
AcceleratorClientConnectionCallback - disconnected - :0
[Licensing::Client] Successfully resolved entitlement details
Begin MonoManager ReloadAssembly
'Packages/com.unity.render-pipelines.core/Editor/Deprecated.cs' contains partial class of Unity.Object, exactly 1 of the partial classes needs to be in a file with the same filename. This is to know the one that can be referenced from ie. GameObjects
'Packages/com.unity.render-pipelines.core/Editor/Deprecated.cs' contains partial class of Unity.Object, exactly 1 of the partial classes needs to be in a file with the same filename. This is to know the one that can be referenced from ie. GameObjects
Refreshing native plugins compatible for Editor in 2.19 ms, found 3 plugins.
Native extension for WindowsStandalone target not found
[Package Manager] Failed to launch server process. Reason: Unity was launched with the -noUpm command-line argument
[Package Manager] Unable to send message (not connected to server process).
[Package Manager] Cannot connect to Unity Package Manager local server
[Package Manager] Failed to launch server process. Reason: Unity was launched with the -noUpm command-line argument
[Package Manager] Unable to send message (not connected to server process).
[Package Manager] Cannot connect to Unity Package Manager local server
ScheduleIndexationOnStartup MainProcess:False IndexOnStartup:True
Scripting: successfully reloaded assembly
- Finished resetting the current domain, in  1.458 seconds
Domain Reload Profiling: 3120ms
	BeginReloadAssembly (483ms)
		DisableScriptedObjects (21ms)
		CreateAndSetChildDomain (93ms)
	RebuildCommonClasses (21ms)
	RebuildNativeTypeToScriptingClass (33ms)
	initialDomainReloadingComplete (128ms)
	LoadAllAssembliesAndSetupDomain (994ms)
		LoadAssemblies (646ms)
		TypeCache.Refresh (19ms)
		AnalyzeDomain (289ms)
			BuildScriptInfoCaches (280ms)
			ResolveRequiredComponents (7ms)
	FinalizeReload (1460ms)
		SetupLoadedEditorAssemblies (0ms)
			LogAssemblyErrors (3ms)
			InitializePlatformSupportModulesInManaged (4ms)
			BeforeProcessingInitializeOnLoad (255ms)
			ProcessInitializeOnLoadAttributes (429ms)
			ProcessInitializeOnLoadMethodAttributes (168ms)
			AfterProcessingInitializeOnLoad (20ms)
		AwakeInstancesAfterBackupRestoration (47ms)
Refreshing native plugins compatible for Editor in 3.33 ms, found 3 plugins.
Unloading 24 Unused Serialized files (Serialized files now loaded: 0)
Unloading 4981 unused Assets / (4.6 MB). Loaded Objects now: 6065.
Memory consumption went from 382.3 MB to 377.7 MB.
Total: 11.139200 ms (FindLiveObjects: 1.409300 ms CreateObjectMapping: 0.648600 ms MarkObjects: 6.888400 ms  DeleteObjects: 1.823100 ms)

Prepare: number of updated asset objects reloaded= 0
========================================================================
Received Prepare
AcceleratorClientConnectionCallback - disconnected - :0
Refreshing native plugins compatible for Editor in 2.35 ms, found 3 plugins.
Unloading 24 Unused Serialized files (Serialized files now loaded: 0)
Unloading 24 unused Assets / (3.0 MB). Loaded Objects now: 6065.
Memory consumption went from 380.9 MB to 377.8 MB.
Total: 9.438400 ms (FindLiveObjects: 0.977600 ms CreateObjectMapping: 0.278900 ms MarkObjects: 7.390900 ms  DeleteObjects: 0.451500 ms)

Prepare: number of updated asset objects reloaded= 0
Editor requested this worker to shutdown with reason: Editor is closing down
AssetImportWorkerClient::OnTransportError - code=2 error=End of file
AcceleratorClientConnectionCallback - disconnected - :0
AssetImportWorker is now disconnected from the server
Process exiting
[ExitDontLaunchBugReporter] Exiting without the bug reporter. Application will exit with return code 0
