[Licensing::Module] Trying to connect to existing licensing client channel...
Built from '6000.6/respin/6000.6.0f1-fa21a270ab12' branch; Version is '6000.6.0f1 (f7f8ed4d1e24) revision 16251117'; Using compiler version '194234433'; Build Type 'Release'
[Licensing::IpcConnector] Successfully connected to: "LicenseClient-erik1984" at "2026-09-18T16:59:37.2540756Z"
OS: 'Windows 11  (10.0.26200) Professional' Language: 'en' Physical Memory: 16075 MB
BatchMode: 1, IsHumanControllingUs: 0, StartBugReporterOnCrash: 0, Is64bit: 1
System  architecture: x64
Process architecture: x64
Date: 2026-09-18T16:59:37Z

COMMAND LINE ARGUMENTS:
C:\Program Files\Unity\Hub\Editor\6000.6.0f1-x86_64\Editor\Unity.exe
-adb2
-batchMode
-noUpm
-name
AssetImportWorkerHW1
-projectPath
C:/Users/esims/OneDrive/Documents/GitHub/weektoo
-logFile
Logs/AssetImportWorkerHW1.log
-srvPort
59896
-parentPid
3228
-analyticsCloudUserId
20067644754863
-analyticsLocalProjectId
71cb909e73b7dae47a293d05996c17e1
-editorAnalyticsEnabled
1
-cbmEditorLicense
1c6b8508ebfd74f7a17143d78e08eb3fae8545cf
-cbmMachineId
EumUUpzsgCqVS6b43t6iMy9DaCM=
-licensingIpc
LicenseClient-erik1984
-noDiagnosticSwitchPersistentStore
-job-worker-count
3
-background-job-worker-count
8
-asset-garbage-collectors
1
-force-d3d12
-name
AssetImport
Successfully changed project path to: C:/Users/esims/OneDrive/Documents/GitHub/weektoo
C:/Users/esims/OneDrive/Documents/GitHub/weektoo
[UnityMemory] Configuration Parameters - Can be set up in boot.config
    "memorysetup-temp-allocator-size-gi-baking-worker=262144"
    "memorysetup-temp-allocator-size-gi-baking-worker=262144"
    "memorysetup-temp-allocator-size-gi-baking-worker=262144"
    "memorysetup-temp-allocator-size-gi-baking-worker=262144"
    "memorysetup-temp-allocator-size-gi-baking-worker=262144"
    "memorysetup-temp-allocator-size-nav-mesh-worker=65536"
    "memorysetup-temp-allocator-size-audio-worker=65536"
    "memorysetup-temp-allocator-size-cloud-worker=32768"
    "memorysetup-temp-allocator-size-gfx=262144"
    "memorysetup-remapper-allocator-initial-capacity=32768"
    "memorysetup-temp-allocator-size-preload-manager=33554432"
    "memorysetup-allocator-temp-initial-block-size-main=262144"
    "memorysetup-allocator-temp-initial-block-size-worker=262144"
    "memorysetup-temp-allocator-size-job-worker=262144"
    "memorysetup-temp-allocator-size-background-worker=32768"
    "memorysetup-bucket-allocator-granularity=16"
    "memorysetup-bucket-allocator-bucket-count=8"
    "memorysetup-bucket-allocator-block-size=33554432"
    "memorysetup-bucket-allocator-block-count=8"
    "memorysetup-main-allocator-block-size=16777216"
    "memorysetup-thread-allocator-block-size=16777216"
    "memorysetup-main-allocator-mimalloc-enabled=1"
    "memorysetup-gfx-main-allocator-block-size=16777216"
    "memorysetup-gfx-thread-allocator-block-size=16777216"
    "memorysetup-cache-allocator-block-size=4194304"
    "memorysetup-typetree-allocator-block-size=2097152"
    "memorysetup-profiler-bucket-allocator-granularity=16"
    "memorysetup-profiler-bucket-allocator-bucket-count=8"
    "memorysetup-profiler-bucket-allocator-block-size=33554432"
    "memorysetup-profiler-bucket-allocator-block-count=8"
    "memorysetup-profiler-allocator-block-size=16777216"
    "memorysetup-profiler-editor-allocator-block-size=1048576"
    "memorysetup-temp-allocator-size-main=16777216"
    "memorysetup-job-temp-allocator-block-size=2097152"
    "memorysetup-job-temp-allocator-block-size-background=1048576"
    "memorysetup-job-temp-allocator-reduction-small-platforms=262144"
Player connection [35756]  Target information:

Player connection [35756]  * "[IP] 172.24.160.1 [Port] 0 [Flags] 2 [Guid] 4195429843 [EditorId] 4195429843 [Version] 1048832 [Id] WindowsEditor(7,DESKTOP-20E1QAH) [Debug] 1 [PackageName] WindowsEditor [ProjectName] Editor" 

Player connection [35756]  * "[IP] 10.10.34.131 [Port] 0 [Flags] 2 [Guid] 4195429843 [EditorId] 4195429843 [Version] 1048832 [Id] WindowsEditor(7,DESKTOP-20E1QAH) [Debug] 1 [PackageName] WindowsEditor [ProjectName] Editor" 

Player connection [35756] Host joined multi-casting on [225.0.0.222:54997]...
Player connection [35756] Host joined alternative multi-casting on [225.0.0.222:34997]...
JobSystem: Creating JobQueue using job-worker-count value 3
Input System module state changed to: Initialized.
[Physics::Module] Initialized fallback backend.
[Physics::Module] Id: 0xdecafbad
[Licensing::Client] Code 10 while verifying Licensing Client signature (process Id: 17704, path: "C:/Program Files/Unity Hub/UnityLicensingClient_V1/Unity.Licensing.Client.exe")
[Licensing::Module] LicensingClient has failed validation; ignoring
[Licensing::Client] Handshaking with LicensingClient:
  Version:                 1.18.3+d7ffd15
  Session Id:              fae7da265e6447938ea75b264086de53
  Correlation Id:          14e5c0213d83badbf2bb8aee405246a0
  External correlation Id: 8775483356272948572
  Machine Id:              EumUUpzsgCqVS6b43t6iMy9DaCM=
[Licensing::Module] Successfully connected to LicensingClient on channel: "LicenseClient-erik1984" (connect: 0.00s, validation: 0.01s, handshake: 3.55s)
[Licensing::IpcConnector] Successfully connected to: "LicenseClient-erik1984-notifications" at "2026-09-18T16:59:40.8159111Z"
[Licensing::Module] Licensing Background thread has ended after 3.59s
Library Redirect Path: Library/
Initialising UDS system complete:
  - System type: Client
  - Resource namespace: 42ccc43ad5308c4d3779259963bc1959
  - Shared memory size: 1073741824
  - Command buffer id: 1052576
  - Command buffer size: 8192
  - Hashmap size: 4194304
  - Service connected: true
  - Service working directory: Library/DataStore/
[Physics::Module] Selected backend.
[Physics::Module] Name: PhysX
[Physics::Module] Id: 0xf2b8ea05
[Physics::Module] SDK Version: 4.1.2
[Physics::Module] Integration Version: 1.0.0
[Physics::Module] Threading Mode: Multi-Threaded
Refreshing native plugins compatible for Editor in 4.76 ms, found 3 plugins.
Initialize engine version: 6000.6.0f1 (f7f8ed4d1e24)
[EntityIdStore] init: VM path (explicit commit), pageSize=4096, blockCount=1048576, entitiesPerBlock=256, slots reserved=4294967296 bytes
[Subsystems] Discovering subsystems at path C:/Program Files/Unity/Hub/Editor/6000.6.0f1-x86_64/Editor/Data/Resources/UnitySubsystems
[Subsystems] Discovering subsystems at path C:/Users/esims/OneDrive/Documents/GitHub/weektoo/Assets
Forcing GfxDevice: Direct3D 12
GfxDevice: creating device client; kGfxThreadingModeNonThreaded
d3d12: failed to query info queue interface (0x80004002).
Direct3D:
    Version:         Direct3D 12 [level 12.1]
    Renderer:        NVIDIA GeForce MX450 (ID=0x1f97)
    Vendor:          NVIDIA
    VRAM:            1906 MB
    App VRAM Budget: 1620 MB
    Driver:          32.0.15.5597
Initialize mono
Mono path[0] = 'C:/Program Files/Unity/Hub/Editor/6000.6.0f1-x86_64/Editor/Data/Managed'
Mono path[1] = 'C:/Program Files/Unity/Hub/Editor/6000.6.0f1-x86_64/Editor/Data/BCLExtensions/runtime/netstandard2.1'
Mono path[2] = 'C:/Program Files/Unity/Hub/Editor/6000.6.0f1-x86_64/Editor/Data/MonoBleedingEdge/lib/mono/unityjit-win32'
Mono config path = 'C:/Program Files/Unity/Hub/Editor/6000.6.0f1-x86_64/Editor/Data/MonoBleedingEdge/etc'
Using monoOptions --debugger-agent=transport=dt_socket,embedding=1,server=y,suspend=n,address=127.0.0.1:56352
CodeReloadManager initialized
Begin MonoManager ReloadAssembly
Registering precompiled unity dll's ...
Register platform support module: C:/Program Files/Unity/Hub/Editor/6000.6.0f1-x86_64/Editor/Data/PlaybackEngines/WindowsStandaloneSupport/UnityEditor.WindowsStandalone.Extensions.dll
Registered in 0.038709 seconds.
Native extension for WindowsStandalone target not found
Package Manager log level set to [2]
[Package Manager] Failed to launch server process. Reason: Unity was launched with the -noUpm command-line argument
[Package Manager] Unable to send message (not connected to server process).
[Package Manager] Cannot connect to Unity Package Manager local server
ScheduleIndexationOnStartup MainProcess:False IndexOnStartup:True
Scripting: successfully reloaded assembly
- Finished resetting the current domain, in  2.932 seconds
Domain Reload Profiling: 6481ms
	BeginReloadAssembly (562ms)
	RebuildCommonClasses (28ms)
	RebuildNativeTypeToScriptingClass (174ms)
	initialDomainReloadingComplete (851ms)
	LoadAllAssembliesAndSetupDomain (1931ms)
		LoadAssemblies (553ms)
		TypeCache.Refresh (1548ms)
			TypeCache.ScanAssembly (1469ms)
		AnalyzeDomain (4ms)
	FinalizeReload (2935ms)
		SetupLoadedEditorAssemblies (0ms)
			LogAssemblyErrors (5ms)
			InitializePlatformSupportModulesInManaged (7ms)
			BeforeProcessingInitializeOnLoad (541ms)
			ProcessInitializeOnLoadAttributes (453ms)
			ProcessInitializeOnLoadMethodAttributes (1636ms)
Initializing Unity extensions:
[Licensing::Client] Successfully resolved entitlement details
[Licensing::Module] License group:
  Id: 20067644754863-UnityPersXXXX
  Product: Unity Personal
  Type: Assigned
  Expiration: Unlimited
========================================================================
Worker process is ready to serve import requests
Import Worker Mode flag is 0x00
Begin MonoManager ReloadAssembly
'Packages/com.unity.render-pipelines.core/Editor/Deprecated.cs' contains partial class of Unity.Object, exactly 1 of the partial classes needs to be in a file with the same filename. This is to know the one that can be referenced from ie. GameObjects
'Packages/com.unity.render-pipelines.core/Editor/Deprecated.cs' contains partial class of Unity.Object, exactly 1 of the partial classes needs to be in a file with the same filename. This is to know the one that can be referenced from ie. GameObjects
Refreshing native plugins compatible for Editor in 4.19 ms, found 3 plugins.
Native extension for WindowsStandalone target not found
[Package Manager] Failed to launch server process. Reason: Unity was launched with the -noUpm command-line argument
[Package Manager] Unable to send message (not connected to server process).
[Package Manager] Cannot connect to Unity Package Manager local server
[Package Manager] Failed to launch server process. Reason: Unity was launched with the -noUpm command-line argument
[Package Manager] Unable to send message (not connected to server process).
[Package Manager] Cannot connect to Unity Package Manager local server
ScheduleIndexationOnStartup MainProcess:False IndexOnStartup:True
Scripting: successfully reloaded assembly
- Finished resetting the current domain, in  3.414 seconds
Domain Reload Profiling: 10177ms
	BeginReloadAssembly (1703ms)
		DisableScriptedObjects (73ms)
		CreateAndSetChildDomain (316ms)
	RebuildCommonClasses (42ms)
	RebuildNativeTypeToScriptingClass (82ms)
	initialDomainReloadingComplete (452ms)
	LoadAllAssembliesAndSetupDomain (4480ms)
		LoadAssemblies (2436ms)
		TypeCache.Refresh (1175ms)
			TypeCache.ScanAssembly (1125ms)
		AnalyzeDomain (308ms)
			BuildScriptInfoCaches (291ms)
			ResolveRequiredComponents (12ms)
	FinalizeReload (3419ms)
		SetupLoadedEditorAssemblies (0ms)
			LogAssemblyErrors (13ms)
			InitializePlatformSupportModulesInManaged (11ms)
			BeforeProcessingInitializeOnLoad (580ms)
			ProcessInitializeOnLoadAttributes (866ms)
			ProcessInitializeOnLoadMethodAttributes (317ms)
			AfterProcessingInitializeOnLoad (36ms)
			EditorAssembliesLoaded (4ms)
		AwakeInstancesAfterBackupRestoration (29ms)
AcceleratorClientConnectionCallback - disconnected - :0
Launched and connected shader compiler UnityShaderCompiler.exe after 0.04 seconds
Refreshing native plugins compatible for Editor in 8.68 ms, found 3 plugins.
Unloading 24 Unused Serialized files (Serialized files now loaded: 0)
Unloading 4983 unused Assets / (3.5 MB). Loaded Objects now: 5902.
Memory consumption went from 303.7 MB to 300.3 MB.
Total: 33.227900 ms (FindLiveObjects: 2.049200 ms CreateObjectMapping: 1.150700 ms MarkObjects: 22.511900 ms  DeleteObjects: 6.225700 ms)

========================================================================
Received Import Request.
  Time of request: 2026-09-18T17:00:05.9220907Z
  Time since last request: 1459539.48159720003605 seconds.
  importAddress: GUID: 99c9720ab356a0642a771bea13969a05 - Path: Assets/Scenes/SampleScene.unity - Importer: ScriptedImporter/UnityEditor.QuickSearchModule:UnityEditor.Search:ASIAI0B
Importing 'GUID: 99c9720ab356a0642a771bea13969a05 - Path: Assets/Scenes/SampleScene.unity - Importer: ScriptedImporter/UnityEditor.QuickSearchModule:UnityEditor.Search:ASIAI0B' with importer (ScriptedImporter : UnityEditor.QuickSearchModule:UnityEditor.Search:ASIAI0B)
Imported 'GUID: 99c9720ab356a0642a771bea13969a05' -> (Import Result ID: '25c5895fcd48a7b888e27538481e93f9') in 0.639 seconds [static and dynamic dependencies]. Details - ImportResultOutputID=3eb600dd44e30979de96002cbfde5a58 DependenciesID=c97cc541f4c9a0eb9a59f614ea98e7e6 StaticDependenciesID=e7a125f546d51f649317606f8d2e1a8c 
Number of updated asset objects reloaded before import = 0
Number of asset objects unloaded after import = 1
========================================================================
Received Prepare
AcceleratorClientConnectionCallback - disconnected - :0
'Packages/com.unity.render-pipelines.core/Editor/Deprecated.cs' contains partial class of Unity.Object, exactly 1 of the partial classes needs to be in a file with the same filename. This is to know the one that can be referenced from ie. GameObjects
'Packages/com.unity.render-pipelines.core/Editor/Deprecated.cs' contains partial class of Unity.Object, exactly 1 of the partial classes needs to be in a file with the same filename. This is to know the one that can be referenced from ie. GameObjects
Refreshing native plugins compatible for Editor in 4.68 ms, found 3 plugins.
Unloading 24 Unused Serialized files (Serialized files now loaded: 0)
Unloading 4972 unused Assets / (5.3 MB). Loaded Objects now: 5904.
Memory consumption went from 304.1 MB to 298.9 MB.
Total: 35.588300 ms (FindLiveObjects: 3.952300 ms CreateObjectMapping: 2.099900 ms MarkObjects: 22.104000 ms  DeleteObjects: 6.849800 ms)

Prepare: number of updated asset objects reloaded= 0
========================================================================
Received Import Request.
  Time of request: 2026-09-18T17:03:39.4822318Z
  Time since last request: 212.8652974 seconds.
  importAddress: GUID: de94257a25e11af49862382686b5e5ca - Path: Assets/WinConditiom.cs - Importer: PreviewImporter
Importing 'GUID: de94257a25e11af49862382686b5e5ca - Path: Assets/WinConditiom.cs - Importer: PreviewImporter' with importer (PreviewImporter)
Imported 'GUID: de94257a25e11af49862382686b5e5ca' -> (Import Result ID: '86ba798f702b3f3e033db5aab344cce4') in 0.039 seconds [static and dynamic dependencies]. Details - ImportResultOutputID=9331f5ad5e66ed776f07239ca993ca4f DependenciesID=c7680bc9a98b79db324eef3cde2ef4b6 StaticDependenciesID=eda0f3d21448f6cc0603862dc7e3cf26 
Number of updated asset objects reloaded before import = 0
Number of asset objects unloaded after import = 0
========================================================================
Received Prepare
AcceleratorClientConnectionCallback - disconnected - :0
'Packages/com.unity.render-pipelines.core/Editor/Deprecated.cs' contains partial class of Unity.Object, exactly 1 of the partial classes needs to be in a file with the same filename. This is to know the one that can be referenced from ie. GameObjects
'Packages/com.unity.render-pipelines.core/Editor/Deprecated.cs' contains partial class of Unity.Object, exactly 1 of the partial classes needs to be in a file with the same filename. This is to know the one that can be referenced from ie. GameObjects
Refreshing native plugins compatible for Editor in 57.70 ms, found 3 plugins.
Unloading 24 Unused Serialized files (Serialized files now loaded: 0)
Unloading 4972 unused Assets / (6.3 MB). Loaded Objects now: 5904.
Memory consumption went from 306.1 MB to 299.8 MB.
Total: 505.402300 ms (FindLiveObjects: 4.665800 ms CreateObjectMapping: 9.485900 ms MarkObjects: 209.718500 ms  DeleteObjects: 278.334000 ms)

Prepare: number of updated asset objects reloaded= 0
========================================================================
Received Prepare
AcceleratorClientConnectionCallback - disconnected - :0
[Licensing::Client] Successfully resolved entitlement details
Begin MonoManager ReloadAssembly
'Packages/com.unity.render-pipelines.core/Editor/Deprecated.cs' contains partial class of Unity.Object, exactly 1 of the partial classes needs to be in a file with the same filename. This is to know the one that can be referenced from ie. GameObjects
'Packages/com.unity.render-pipelines.core/Editor/Deprecated.cs' contains partial class of Unity.Object, exactly 1 of the partial classes needs to be in a file with the same filename. This is to know the one that can be referenced from ie. GameObjects
Refreshing native plugins compatible for Editor in 7.99 ms, found 3 plugins.
Native extension for WindowsStandalone target not found
[Package Manager] Failed to launch server process. Reason: Unity was launched with the -noUpm command-line argument
[Package Manager] Unable to send message (not connected to server process).
[Package Manager] Cannot connect to Unity Package Manager local server
[Package Manager] Failed to launch server process. Reason: Unity was launched with the -noUpm command-line argument
[Package Manager] Unable to send message (not connected to server process).
[Package Manager] Cannot connect to Unity Package Manager local server
ScheduleIndexationOnStartup MainProcess:False IndexOnStartup:True
Scripting: successfully reloaded assembly
- Finished resetting the current domain, in  3.610 seconds
Domain Reload Profiling: 9306ms
	BeginReloadAssembly (1303ms)
		DisableScriptedObjects (63ms)
		CreateAndSetChildDomain (210ms)
	RebuildCommonClasses (44ms)
	RebuildNativeTypeToScriptingClass (108ms)
	initialDomainReloadingComplete (412ms)
	LoadAllAssembliesAndSetupDomain (3826ms)
		LoadAssemblies (2095ms)
		TypeCache.Refresh (68ms)
			TypeCache.ScanAssembly (3ms)
		AnalyzeDomain (1326ms)
			BuildScriptInfoCaches (1295ms)
			ResolveRequiredComponents (21ms)
	FinalizeReload (3613ms)
		SetupLoadedEditorAssemblies (0ms)
			LogAssemblyErrors (10ms)
			InitializePlatformSupportModulesInManaged (8ms)
			BeforeProcessingInitializeOnLoad (837ms)
			ProcessInitializeOnLoadAttributes (831ms)
			ProcessInitializeOnLoadMethodAttributes (326ms)
			AfterProcessingInitializeOnLoad (45ms)
			EditorAssembliesLoaded (8ms)
		AwakeInstancesAfterBackupRestoration (69ms)
Refreshing native plugins compatible for Editor in 9.89 ms, found 3 plugins.
Unloading 24 Unused Serialized files (Serialized files now loaded: 0)
Unloading 4981 unused Assets / (4.2 MB). Loaded Objects now: 5954.
Memory consumption went from 318.0 MB to 313.8 MB.
Total: 44.688000 ms (FindLiveObjects: 6.003600 ms CreateObjectMapping: 2.794200 ms MarkObjects: 29.539700 ms  DeleteObjects: 5.668600 ms)

Prepare: number of updated asset objects reloaded= 0
========================================================================
Received Prepare
AcceleratorClientConnectionCallback - disconnected - :0
'Packages/com.unity.render-pipelines.core/Editor/Deprecated.cs' contains partial class of Unity.Object, exactly 1 of the partial classes needs to be in a file with the same filename. This is to know the one that can be referenced from ie. GameObjects
'Packages/com.unity.render-pipelines.core/Editor/Deprecated.cs' contains partial class of Unity.Object, exactly 1 of the partial classes needs to be in a file with the same filename. This is to know the one that can be referenced from ie. GameObjects
Refreshing native plugins compatible for Editor in 10.52 ms, found 3 plugins.
Unloading 24 Unused Serialized files (Serialized files now loaded: 0)
Unloading 4972 unused Assets / (4.7 MB). Loaded Objects now: 5954.
Memory consumption went from 320.1 MB to 315.4 MB.
Total: 53.067700 ms (FindLiveObjects: 4.839200 ms CreateObjectMapping: 3.541600 ms MarkObjects: 37.545400 ms  DeleteObjects: 5.925500 ms)

Prepare: number of updated asset objects reloaded= 0
========================================================================
Received Prepare
AcceleratorClientConnectionCallback - disconnected - :0
[Licensing::Client] Successfully resolved entitlement details
Begin MonoManager ReloadAssembly
'Packages/com.unity.render-pipelines.core/Editor/Deprecated.cs' contains partial class of Unity.Object, exactly 1 of the partial classes needs to be in a file with the same filename. This is to know the one that can be referenced from ie. GameObjects
'Packages/com.unity.render-pipelines.core/Editor/Deprecated.cs' contains partial class of Unity.Object, exactly 1 of the partial classes needs to be in a file with the same filename. This is to know the one that can be referenced from ie. GameObjects
Refreshing native plugins compatible for Editor in 21.11 ms, found 3 plugins.
Native extension for WindowsStandalone target not found
[Package Manager] Failed to launch server process. Reason: Unity was launched with the -noUpm command-line argument
[Package Manager] Unable to send message (not connected to server process).
[Package Manager] Cannot connect to Unity Package Manager local server
[Package Manager] Failed to launch server process. Reason: Unity was launched with the -noUpm command-line argument
[Package Manager] Unable to send message (not connected to server process).
[Package Manager] Cannot connect to Unity Package Manager local server
ScheduleIndexationOnStartup MainProcess:False IndexOnStartup:True
Scripting: successfully reloaded assembly
- Finished resetting the current domain, in  5.685 seconds
Domain Reload Profiling: 14357ms
	BeginReloadAssembly (2552ms)
		DisableScriptedObjects (117ms)
		CreateAndSetChildDomain (494ms)
	RebuildCommonClasses (83ms)
	RebuildNativeTypeToScriptingClass (156ms)
	initialDomainReloadingComplete (479ms)
	LoadAllAssembliesAndSetupDomain (5399ms)
		LoadAssemblies (3094ms)
		TypeCache.Refresh (53ms)
		AnalyzeDomain (1895ms)
			BuildScriptInfoCaches (1847ms)
			ResolveRequiredComponents (37ms)
	FinalizeReload (5688ms)
		SetupLoadedEditorAssemblies (0ms)
			LogAssemblyErrors (14ms)
			InitializePlatformSupportModulesInManaged (20ms)
			BeforeProcessingInitializeOnLoad (1208ms)
			ProcessInitializeOnLoadAttributes (1559ms)
			ProcessInitializeOnLoadMethodAttributes (505ms)
			AfterProcessingInitializeOnLoad (76ms)
			EditorAssembliesLoaded (8ms)
		AwakeInstancesAfterBackupRestoration (119ms)
Refreshing native plugins compatible for Editor in 10.26 ms, found 3 plugins.
Unloading 24 Unused Serialized files (Serialized files now loaded: 0)
Unloading 4981 unused Assets / (5.8 MB). Loaded Objects now: 5957.
Memory consumption went from 322.5 MB to 316.7 MB.
Total: 33.791200 ms (FindLiveObjects: 3.116700 ms CreateObjectMapping: 3.285600 ms MarkObjects: 21.138600 ms  DeleteObjects: 5.521400 ms)

Prepare: number of updated asset objects reloaded= 0
========================================================================
Received Prepare
AcceleratorClientConnectionCallback - disconnected - :0
'Packages/com.unity.render-pipelines.core/Editor/Deprecated.cs' contains partial class of Unity.Object, exactly 1 of the partial classes needs to be in a file with the same filename. This is to know the one that can be referenced from ie. GameObjects
'Packages/com.unity.render-pipelines.core/Editor/Deprecated.cs' contains partial class of Unity.Object, exactly 1 of the partial classes needs to be in a file with the same filename. This is to know the one that can be referenced from ie. GameObjects
Refreshing native plugins compatible for Editor in 24.90 ms, found 3 plugins.
Unloading 24 Unused Serialized files (Serialized files now loaded: 0)
Unloading 4972 unused Assets / (3.9 MB). Loaded Objects now: 5957.
Memory consumption went from 324.6 MB to 320.7 MB.
Total: 173.498400 ms (FindLiveObjects: 19.282300 ms CreateObjectMapping: 3.166000 ms MarkObjects: 120.915300 ms  DeleteObjects: 12.471200 ms)

Prepare: number of updated asset objects reloaded= 0
========================================================================
Received Prepare
AcceleratorClientConnectionCallback - disconnected - :0
[Licensing::Client] Successfully resolved entitlement details
Begin MonoManager ReloadAssembly
'Packages/com.unity.render-pipelines.core/Editor/Deprecated.cs' contains partial class of Unity.Object, exactly 1 of the partial classes needs to be in a file with the same filename. This is to know the one that can be referenced from ie. GameObjects
'Packages/com.unity.render-pipelines.core/Editor/Deprecated.cs' contains partial class of Unity.Object, exactly 1 of the partial classes needs to be in a file with the same filename. This is to know the one that can be referenced from ie. GameObjects
Refreshing native plugins compatible for Editor in 5.78 ms, found 3 plugins.
Native extension for WindowsStandalone target not found
[Package Manager] Failed to launch server process. Reason: Unity was launched with the -noUpm command-line argument
[Package Manager] Unable to send message (not connected to server process).
[Package Manager] Cannot connect to Unity Package Manager local server
[Package Manager] Failed to launch server process. Reason: Unity was launched with the -noUpm command-line argument
[Package Manager] Unable to send message (not connected to server process).
[Package Manager] Cannot connect to Unity Package Manager local server
ScheduleIndexationOnStartup MainProcess:False IndexOnStartup:True
Scripting: successfully reloaded assembly
- Finished resetting the current domain, in  2.765 seconds
Domain Reload Profiling: 8079ms
	BeginReloadAssembly (1793ms)
		DisableScriptedObjects (63ms)
		CreateAndSetChildDomain (396ms)
	RebuildCommonClasses (45ms)
	RebuildNativeTypeToScriptingClass (107ms)
	initialDomainReloadingComplete (492ms)
	LoadAllAssembliesAndSetupDomain (2871ms)
		LoadAssemblies (2315ms)
		TypeCache.Refresh (41ms)
		AnalyzeDomain (672ms)
			BuildScriptInfoCaches (647ms)
			ResolveRequiredComponents (19ms)
	FinalizeReload (2772ms)
		SetupLoadedEditorAssemblies (0ms)
			LogAssemblyErrors (9ms)
			InitializePlatformSupportModulesInManaged (6ms)
			BeforeProcessingInitializeOnLoad (426ms)
			ProcessInitializeOnLoadAttributes (881ms)
			ProcessInitializeOnLoadMethodAttributes (437ms)
			AfterProcessingInitializeOnLoad (41ms)
			EditorAssembliesLoaded (5ms)
		AwakeInstancesAfterBackupRestoration (116ms)
Refreshing native plugins compatible for Editor in 5.08 ms, found 3 plugins.
Unloading 24 Unused Serialized files (Serialized files now loaded: 0)
Unloading 4981 unused Assets / (4.7 MB). Loaded Objects now: 5960.
Memory consumption went from 326.5 MB to 321.8 MB.
Total: 25.815500 ms (FindLiveObjects: 2.707800 ms CreateObjectMapping: 1.163900 ms MarkObjects: 16.298100 ms  DeleteObjects: 4.963600 ms)

Prepare: number of updated asset objects reloaded= 0
========================================================================
Received Prepare
AcceleratorClientConnectionCallback - disconnected - :0
'Packages/com.unity.render-pipelines.core/Editor/Deprecated.cs' contains partial class of Unity.Object, exactly 1 of the partial classes needs to be in a file with the same filename. This is to know the one that can be referenced from ie. GameObjects
'Packages/com.unity.render-pipelines.core/Editor/Deprecated.cs' contains partial class of Unity.Object, exactly 1 of the partial classes needs to be in a file with the same filename. This is to know the one that can be referenced from ie. GameObjects
Refreshing native plugins compatible for Editor in 9.49 ms, found 3 plugins.
Unloading 24 Unused Serialized files (Serialized files now loaded: 0)
Unloading 4972 unused Assets / (5.5 MB). Loaded Objects now: 5960.
Memory consumption went from 328.6 MB to 323.2 MB.
Total: 85.794600 ms (FindLiveObjects: 3.385000 ms CreateObjectMapping: 3.528800 ms MarkObjects: 40.786900 ms  DeleteObjects: 37.065000 ms)

Prepare: number of updated asset objects reloaded= 0
========================================================================
Received Prepare
AcceleratorClientConnectionCallback - disconnected - :0
[Licensing::Client] Successfully resolved entitlement details
Begin MonoManager ReloadAssembly
'Packages/com.unity.render-pipelines.core/Editor/Deprecated.cs' contains partial class of Unity.Object, exactly 1 of the partial classes needs to be in a file with the same filename. This is to know the one that can be referenced from ie. GameObjects
'Packages/com.unity.render-pipelines.core/Editor/Deprecated.cs' contains partial class of Unity.Object, exactly 1 of the partial classes needs to be in a file with the same filename. This is to know the one that can be referenced from ie. GameObjects
Refreshing native plugins compatible for Editor in 7.41 ms, found 3 plugins.
Native extension for WindowsStandalone target not found
[Package Manager] Failed to launch server process. Reason: Unity was launched with the -noUpm command-line argument
[Package Manager] Unable to send message (not connected to server process).
[Package Manager] Cannot connect to Unity Package Manager local server
[Package Manager] Failed to launch server process. Reason: Unity was launched with the -noUpm command-line argument
[Package Manager] Unable to send message (not connected to server process).
[Package Manager] Cannot connect to Unity Package Manager local server
ScheduleIndexationOnStartup MainProcess:False IndexOnStartup:True
Scripting: successfully reloaded assembly
- Finished resetting the current domain, in  4.215 seconds
Domain Reload Profiling: 8886ms
	BeginReloadAssembly (1454ms)
		DisableScriptedObjects (80ms)
		CreateAndSetChildDomain (236ms)
	RebuildCommonClasses (69ms)
	RebuildNativeTypeToScriptingClass (117ms)
	initialDomainReloadingComplete (384ms)
	LoadAllAssembliesAndSetupDomain (2641ms)
		LoadAssemblies (1935ms)
		TypeCache.Refresh (48ms)
		AnalyzeDomain (657ms)
			BuildScriptInfoCaches (634ms)
			ResolveRequiredComponents (14ms)
	FinalizeReload (4221ms)
		SetupLoadedEditorAssemblies (0ms)
			LogAssemblyErrors (10ms)
			InitializePlatformSupportModulesInManaged (10ms)
			BeforeProcessingInitializeOnLoad (635ms)
			ProcessInitializeOnLoadAttributes (1261ms)
			ProcessInitializeOnLoadMethodAttributes (572ms)
			AfterProcessingInitializeOnLoad (70ms)
			EditorAssembliesLoaded (9ms)
		AwakeInstancesAfterBackupRestoration (155ms)
Refreshing native plugins compatible for Editor in 8.02 ms, found 3 plugins.
Unloading 24 Unused Serialized files (Serialized files now loaded: 0)
Unloading 4981 unused Assets / (5.0 MB). Loaded Objects now: 5963.
Memory consumption went from 331.0 MB to 326.0 MB.
Total: 29.589500 ms (FindLiveObjects: 2.853200 ms CreateObjectMapping: 2.343400 ms MarkObjects: 19.935600 ms  DeleteObjects: 3.753200 ms)

Prepare: number of updated asset objects reloaded= 0
========================================================================
Received Prepare
AcceleratorClientConnectionCallback - disconnected - :0
'Packages/com.unity.render-pipelines.core/Editor/Deprecated.cs' contains partial class of Unity.Object, exactly 1 of the partial classes needs to be in a file with the same filename. This is to know the one that can be referenced from ie. GameObjects
'Packages/com.unity.render-pipelines.core/Editor/Deprecated.cs' contains partial class of Unity.Object, exactly 1 of the partial classes needs to be in a file with the same filename. This is to know the one that can be referenced from ie. GameObjects
Refreshing native plugins compatible for Editor in 17.40 ms, found 3 plugins.
Unloading 24 Unused Serialized files (Serialized files now loaded: 0)
Unloading 4972 unused Assets / (3.8 MB). Loaded Objects now: 5963.
Memory consumption went from 333.1 MB to 329.3 MB.
Total: 91.795000 ms (FindLiveObjects: 7.867300 ms CreateObjectMapping: 3.036300 ms MarkObjects: 50.518000 ms  DeleteObjects: 29.435200 ms)

Prepare: number of updated asset objects reloaded= 0
========================================================================
Received Prepare
AcceleratorClientConnectionCallback - disconnected - :0
[Licensing::Client] Successfully resolved entitlement details
Begin MonoManager ReloadAssembly
'Packages/com.unity.render-pipelines.core/Editor/Deprecated.cs' contains partial class of Unity.Object, exactly 1 of the partial classes needs to be in a file with the same filename. This is to know the one that can be referenced from ie. GameObjects
'Packages/com.unity.render-pipelines.core/Editor/Deprecated.cs' contains partial class of Unity.Object, exactly 1 of the partial classes needs to be in a file with the same filename. This is to know the one that can be referenced from ie. GameObjects
Refreshing native plugins compatible for Editor in 9.73 ms, found 3 plugins.
Native extension for WindowsStandalone target not found
[Package Manager] Failed to launch server process. Reason: Unity was launched with the -noUpm command-line argument
[Package Manager] Unable to send message (not connected to server process).
[Package Manager] Cannot connect to Unity Package Manager local server
[Package Manager] Failed to launch server process. Reason: Unity was launched with the -noUpm command-line argument
[Package Manager] Unable to send message (not connected to server process).
[Package Manager] Cannot connect to Unity Package Manager local server
ScheduleIndexationOnStartup MainProcess:False IndexOnStartup:True
Scripting: successfully reloaded assembly
- Finished resetting the current domain, in  4.429 seconds
Domain Reload Profiling: 9164ms
	BeginReloadAssembly (1595ms)
		DisableScriptedObjects (75ms)
		CreateAndSetChildDomain (277ms)
	RebuildCommonClasses (47ms)
	RebuildNativeTypeToScriptingClass (118ms)
	initialDomainReloadingComplete (572ms)
	LoadAllAssembliesAndSetupDomain (2392ms)
		LoadAssemblies (1917ms)
		TypeCache.Refresh (42ms)
		AnalyzeDomain (584ms)
			BuildScriptInfoCaches (565ms)
			ResolveRequiredComponents (12ms)
	FinalizeReload (4440ms)
		SetupLoadedEditorAssemblies (0ms)
			LogAssemblyErrors (11ms)
			InitializePlatformSupportModulesInManaged (11ms)
			BeforeProcessingInitializeOnLoad (676ms)
			ProcessInitializeOnLoadAttributes (1491ms)
			ProcessInitializeOnLoadMethodAttributes (852ms)
			AfterProcessingInitializeOnLoad (73ms)
			EditorAssembliesLoaded (9ms)
		AwakeInstancesAfterBackupRestoration (152ms)
Refreshing native plugins compatible for Editor in 11.73 ms, found 3 plugins.
Unloading 24 Unused Serialized files (Serialized files now loaded: 0)
Unloading 4981 unused Assets / (4.4 MB). Loaded Objects now: 5966.
Memory consumption went from 336.1 MB to 331.7 MB.
Total: 43.367100 ms (FindLiveObjects: 3.749800 ms CreateObjectMapping: 4.301000 ms MarkObjects: 26.428000 ms  DeleteObjects: 8.046800 ms)

Prepare: number of updated asset objects reloaded= 0
========================================================================
Received Prepare
AcceleratorClientConnectionCallback - disconnected - :0
'Packages/com.unity.render-pipelines.core/Editor/Deprecated.cs' contains partial class of Unity.Object, exactly 1 of the partial classes needs to be in a file with the same filename. This is to know the one that can be referenced from ie. GameObjects
'Packages/com.unity.render-pipelines.core/Editor/Deprecated.cs' contains partial class of Unity.Object, exactly 1 of the partial classes needs to be in a file with the same filename. This is to know the one that can be referenced from ie. GameObjects
Refreshing native plugins compatible for Editor in 6.63 ms, found 3 plugins.
Unloading 24 Unused Serialized files (Serialized files now loaded: 0)
Unloading 4973 unused Assets / (5.3 MB). Loaded Objects now: 5967.
Memory consumption went from 338.2 MB to 332.9 MB.
Total: 51.740100 ms (FindLiveObjects: 4.355700 ms CreateObjectMapping: 2.637400 ms MarkObjects: 36.540600 ms  DeleteObjects: 7.468300 ms)

Prepare: number of updated asset objects reloaded= 0
========================================================================
Received Prepare
AcceleratorClientConnectionCallback - disconnected - :0
Refreshing native plugins compatible for Editor in 10.54 ms, found 3 plugins.
Unloading 24 Unused Serialized files (Serialized files now loaded: 0)
Unloading 24 unused Assets / (2.9 MB). Loaded Objects now: 5967.
Memory consumption went from 336.7 MB to 333.7 MB.
Total: 122.477300 ms (FindLiveObjects: 4.925600 ms CreateObjectMapping: 5.354500 ms MarkObjects: 92.205000 ms  DeleteObjects: 13.010400 ms)

Prepare: number of updated asset objects reloaded= 0
========================================================================
Received Import Request.
  Time of request: 2026-09-18T17:25:19.4503276Z
  Time since last request: 1299.49420789999999 seconds.
  importAddress: GUID: 84b925ec661a7a647b363fc29dd7f71c - Path: Assets/cameraBody.cs - Importer: PreviewImporter
Importing 'GUID: 84b925ec661a7a647b363fc29dd7f71c - Path: Assets/cameraBody.cs - Importer: PreviewImporter' with importer (PreviewImporter)
Imported 'GUID: 84b925ec661a7a647b363fc29dd7f71c' -> (Import Result ID: 'ddc026ec1fc0d96aeb3e11a59814ed23') in 0.387 seconds [static and dynamic dependencies]. Details - ImportResultOutputID=6a764f12c3474a40d598d608418f9ac9 DependenciesID=ef6f7794c1a87b6b6263dfeb16cf08ec StaticDependenciesID=75288fae826bfe2c022e77d56bdde510 
Number of updated asset objects reloaded before import = 0
Number of asset objects unloaded after import = 0
========================================================================
Received Prepare
AcceleratorClientConnectionCallback - disconnected - :0
'Packages/com.unity.render-pipelines.core/Editor/Deprecated.cs' contains partial class of Unity.Object, exactly 1 of the partial classes needs to be in a file with the same filename. This is to know the one that can be referenced from ie. GameObjects
'Packages/com.unity.render-pipelines.core/Editor/Deprecated.cs' contains partial class of Unity.Object, exactly 1 of the partial classes needs to be in a file with the same filename. This is to know the one that can be referenced from ie. GameObjects
Refreshing native plugins compatible for Editor in 12.50 ms, found 3 plugins.
Unloading 24 Unused Serialized files (Serialized files now loaded: 0)
Unloading 4972 unused Assets / (6.0 MB). Loaded Objects now: 5966.
Memory consumption went from 340.2 MB to 334.2 MB.
Total: 64.005300 ms (FindLiveObjects: 4.105000 ms CreateObjectMapping: 5.902200 ms MarkObjects: 43.744900 ms  DeleteObjects: 8.959100 ms)

Prepare: number of updated asset objects reloaded= 0
========================================================================
Received Prepare
AcceleratorClientConnectionCallback - disconnected - :0
[Licensing::Client] Successfully resolved entitlement details
Begin MonoManager ReloadAssembly
'Packages/com.unity.render-pipelines.core/Editor/Deprecated.cs' contains partial class of Unity.Object, exactly 1 of the partial classes needs to be in a file with the same filename. This is to know the one that can be referenced from ie. GameObjects
'Packages/com.unity.render-pipelines.core/Editor/Deprecated.cs' contains partial class of Unity.Object, exactly 1 of the partial classes needs to be in a file with the same filename. This is to know the one that can be referenced from ie. GameObjects
Refreshing native plugins compatible for Editor in 26.61 ms, found 3 plugins.
Native extension for WindowsStandalone target not found
[Package Manager] Failed to launch server process. Reason: Unity was launched with the -noUpm command-line argument
[Package Manager] Unable to send message (not connected to server process).
[Package Manager] Cannot connect to Unity Package Manager local server
[Package Manager] Failed to launch server process. Reason: Unity was launched with the -noUpm command-line argument
[Package Manager] Unable to send message (not connected to server process).
[Package Manager] Cannot connect to Unity Package Manager local server
ScheduleIndexationOnStartup MainProcess:False IndexOnStartup:True
Scripting: successfully reloaded assembly
- Finished resetting the current domain, in 12.466 seconds
Domain Reload Profiling: 26990ms
	BeginReloadAssembly (3290ms)
		DisableScriptedObjects (491ms)
		CreateAndSetChildDomain (453ms)
	RebuildCommonClasses (92ms)
	RebuildNativeTypeToScriptingClass (191ms)
	initialDomainReloadingComplete (768ms)
	LoadAllAssembliesAndSetupDomain (10164ms)
		LoadAssemblies (7959ms)
		TypeCache.Refresh (190ms)
		AnalyzeDomain (205ms)
			ResolveRequiredComponents (78ms)
	FinalizeReload (12485ms)
		SetupLoadedEditorAssemblies (0ms)
			LogAssemblyErrors (14ms)
			InitializePlatformSupportModulesInManaged (49ms)
			BeforeProcessingInitializeOnLoad (1994ms)
			ProcessInitializeOnLoadAttributes (4288ms)
			ProcessInitializeOnLoadMethodAttributes (872ms)
			AfterProcessingInitializeOnLoad (136ms)
			EditorAssembliesLoaded (19ms)
		AwakeInstancesAfterBackupRestoration (274ms)
Refreshing native plugins compatible for Editor in 30.85 ms, found 3 plugins.
Unloading 24 Unused Serialized files (Serialized files now loaded: 0)
Unloading 4981 unused Assets / (7.6 MB). Loaded Objects now: 5969.
Memory consumption went from 342.8 MB to 335.2 MB.
Total: 171.340400 ms (FindLiveObjects: 4.719500 ms CreateObjectMapping: 6.707800 ms MarkObjects: 124.764700 ms  DeleteObjects: 30.979700 ms)

Prepare: number of updated asset objects reloaded= 0
========================================================================
Received Prepare
AcceleratorClientConnectionCallback - disconnected - :0
'Packages/com.unity.render-pipelines.core/Editor/Deprecated.cs' contains partial class of Unity.Object, exactly 1 of the partial classes needs to be in a file with the same filename. This is to know the one that can be referenced from ie. GameObjects
'Packages/com.unity.render-pipelines.core/Editor/Deprecated.cs' contains partial class of Unity.Object, exactly 1 of the partial classes needs to be in a file with the same filename. This is to know the one that can be referenced from ie. GameObjects
Refreshing native plugins compatible for Editor in 206.90 ms, found 3 plugins.
Unloading 24 Unused Serialized files (Serialized files now loaded: 0)
Unloading 4972 unused Assets / (3.0 MB). Loaded Objects now: 5969.
Memory consumption went from 344.9 MB to 341.9 MB.
Total: 117.706800 ms (FindLiveObjects: 5.199300 ms CreateObjectMapping: 4.681000 ms MarkObjects: 93.703200 ms  DeleteObjects: 12.592100 ms)

Prepare: number of updated asset objects reloaded= 0
========================================================================
Received Prepare
AcceleratorClientConnectionCallback - disconnected - :0
[Licensing::Client] Successfully resolved entitlement details
Begin MonoManager ReloadAssembly
'Packages/com.unity.render-pipelines.core/Editor/Deprecated.cs' contains partial class of Unity.Object, exactly 1 of the partial classes needs to be in a file with the same filename. This is to know the one that can be referenced from ie. GameObjects
'Packages/com.unity.render-pipelines.core/Editor/Deprecated.cs' contains partial class of Unity.Object, exactly 1 of the partial classes needs to be in a file with the same filename. This is to know the one that can be referenced from ie. GameObjects
Refreshing native plugins compatible for Editor in 5.10 ms, found 3 plugins.
Native extension for WindowsStandalone target not found
[Package Manager] Failed to launch server process. Reason: Unity was launched with the -noUpm command-line argument
[Package Manager] Unable to send message (not connected to server process).
[Package Manager] Cannot connect to Unity Package Manager local server
[Package Manager] Failed to launch server process. Reason: Unity was launched with the -noUpm command-line argument
[Package Manager] Unable to send message (not connected to server process).
[Package Manager] Cannot connect to Unity Package Manager local server
ScheduleIndexationOnStartup MainProcess:False IndexOnStartup:True
Scripting: successfully reloaded assembly
- Finished resetting the current domain, in  2.899 seconds
Domain Reload Profiling: 6937ms
	BeginReloadAssembly (1101ms)
		DisableScriptedObjects (48ms)
		CreateAndSetChildDomain (195ms)
	RebuildCommonClasses (40ms)
	RebuildNativeTypeToScriptingClass (77ms)
	initialDomainReloadingComplete (280ms)
	LoadAllAssembliesAndSetupDomain (2537ms)
		LoadAssemblies (1497ms)
		TypeCache.Refresh (49ms)
		AnalyzeDomain (797ms)
			BuildScriptInfoCaches (770ms)
			ResolveRequiredComponents (20ms)
	FinalizeReload (2902ms)
		SetupLoadedEditorAssemblies (0ms)
			LogAssemblyErrors (11ms)
			InitializePlatformSupportModulesInManaged (7ms)
			BeforeProcessingInitializeOnLoad (542ms)
			ProcessInitializeOnLoadAttributes (978ms)
			ProcessInitializeOnLoadMethodAttributes (403ms)
			AfterProcessingInitializeOnLoad (48ms)
			EditorAssembliesLoaded (6ms)
		AwakeInstancesAfterBackupRestoration (81ms)
Refreshing native plugins compatible for Editor in 7.71 ms, found 3 plugins.
Unloading 24 Unused Serialized files (Serialized files now loaded: 0)
Unloading 4981 unused Assets / (4.8 MB). Loaded Objects now: 5972.
Memory consumption went from 348.2 MB to 343.5 MB.
Total: 24.682200 ms (FindLiveObjects: 2.855500 ms CreateObjectMapping: 2.614100 ms MarkObjects: 14.894300 ms  DeleteObjects: 3.705000 ms)

Prepare: number of updated asset objects reloaded= 0
========================================================================
Received Prepare
AcceleratorClientConnectionCallback - disconnected - :0
Refreshing native plugins compatible for Editor in 19.66 ms, found 3 plugins.
Unloading 24 Unused Serialized files (Serialized files now loaded: 0)
Unloading 24 unused Assets / (2.9 MB). Loaded Objects now: 5972.
Memory consumption went from 346.9 MB to 344.0 MB.
Total: 715.139000 ms (FindLiveObjects: 13.139700 ms CreateObjectMapping: 12.090200 ms MarkObjects: 672.397600 ms  DeleteObjects: 7.349200 ms)

Prepare: number of updated asset objects reloaded= 0
========================================================================
Received Prepare
AcceleratorClientConnectionCallback - disconnected - :0
Refreshing native plugins compatible for Editor in 27.89 ms, found 3 plugins.
Unloading 24 Unused Serialized files (Serialized files now loaded: 0)
Unloading 24 unused Assets / (3.1 MB). Loaded Objects now: 5972.
Memory consumption went from 348.8 MB to 345.8 MB.
Total: 60.127600 ms (FindLiveObjects: 3.565200 ms CreateObjectMapping: 2.281600 ms MarkObjects: 49.637900 ms  DeleteObjects: 2.295400 ms)

Prepare: number of updated asset objects reloaded= 0
========================================================================
Received Prepare
AcceleratorClientConnectionCallback - disconnected - :0
Refreshing native plugins compatible for Editor in 15.23 ms, found 3 plugins.
Unloading 42 Unused Serialized files (Serialized files now loaded: 0)
Unloading 42 unused Assets / (4.1 MB). Loaded Objects now: 5972.
Memory consumption went from 352.1 MB to 348.0 MB.
Total: 74.694600 ms (FindLiveObjects: 3.915600 ms CreateObjectMapping: 1.665400 ms MarkObjects: 55.887100 ms  DeleteObjects: 11.771000 ms)

Prepare: number of updated asset objects reloaded= 0
========================================================================
Received Prepare
AcceleratorClientConnectionCallback - disconnected - :0
'Packages/com.unity.render-pipelines.core/Editor/Deprecated.cs' contains partial class of Unity.Object, exactly 1 of the partial classes needs to be in a file with the same filename. This is to know the one that can be referenced from ie. GameObjects
'Packages/com.unity.render-pipelines.core/Editor/Deprecated.cs' contains partial class of Unity.Object, exactly 1 of the partial classes needs to be in a file with the same filename. This is to know the one that can be referenced from ie. GameObjects
Refreshing native plugins compatible for Editor in 82.02 ms, found 3 plugins.
Unloading 42 Unused Serialized files (Serialized files now loaded: 0)
Unloading 4990 unused Assets / (7.1 MB). Loaded Objects now: 5972.
Memory consumption went from 357.5 MB to 350.4 MB.
Total: 106.448500 ms (FindLiveObjects: 11.765600 ms CreateObjectMapping: 6.536900 ms MarkObjects: 72.165800 ms  DeleteObjects: 14.365500 ms)

Prepare: number of updated asset objects reloaded= 0
========================================================================
Received Prepare
AcceleratorClientConnectionCallback - disconnected - :0
[Licensing::Client] Successfully resolved entitlement details
Begin MonoManager ReloadAssembly
'Packages/com.unity.render-pipelines.core/Editor/Deprecated.cs' contains partial class of Unity.Object, exactly 1 of the partial classes needs to be in a file with the same filename. This is to know the one that can be referenced from ie. GameObjects
'Packages/com.unity.render-pipelines.core/Editor/Deprecated.cs' contains partial class of Unity.Object, exactly 1 of the partial classes needs to be in a file with the same filename. This is to know the one that can be referenced from ie. GameObjects
Refreshing native plugins compatible for Editor in 6.81 ms, found 3 plugins.
Native extension for WindowsStandalone target not found
[Package Manager] Failed to launch server process. Reason: Unity was launched with the -noUpm command-line argument
[Package Manager] Unable to send message (not connected to server process).
[Package Manager] Cannot connect to Unity Package Manager local server
[Package Manager] Failed to launch server process. Reason: Unity was launched with the -noUpm command-line argument
[Package Manager] Unable to send message (not connected to server process).
[Package Manager] Cannot connect to Unity Package Manager local server
ScheduleIndexationOnStartup MainProcess:False IndexOnStartup:True
Scripting: successfully reloaded assembly
- Finished resetting the current domain, in  2.888 seconds
Domain Reload Profiling: 13075ms
	BeginReloadAssembly (3287ms)
		DisableScriptedObjects (366ms)
		CreateAndSetChildDomain (631ms)
	RebuildCommonClasses (67ms)
	RebuildNativeTypeToScriptingClass (135ms)
	initialDomainReloadingComplete (502ms)
	LoadAllAssembliesAndSetupDomain (6194ms)
		LoadAssemblies (4824ms)
		TypeCache.Refresh (102ms)
			TypeCache.ScanAssembly (3ms)
		AnalyzeDomain (1650ms)
			BuildScriptInfoCaches (1607ms)
			ResolveRequiredComponents (22ms)
	FinalizeReload (2891ms)
		SetupLoadedEditorAssemblies (0ms)
			LogAssemblyErrors (10ms)
			InitializePlatformSupportModulesInManaged (8ms)
			BeforeProcessingInitializeOnLoad (486ms)
			ProcessInitializeOnLoadAttributes (959ms)
			ProcessInitializeOnLoadMethodAttributes (369ms)
			AfterProcessingInitializeOnLoad (49ms)
			EditorAssembliesLoaded (6ms)
		AwakeInstancesAfterBackupRestoration (83ms)
Refreshing native plugins compatible for Editor in 10.13 ms, found 3 plugins.
Unloading 42 Unused Serialized files (Serialized files now loaded: 0)
Unloading 4999 unused Assets / (6.9 MB). Loaded Objects now: 5975.
Memory consumption went from 360.8 MB to 353.9 MB.
Total: 31.352600 ms (FindLiveObjects: 3.042200 ms CreateObjectMapping: 3.119500 ms MarkObjects: 18.908300 ms  DeleteObjects: 5.618400 ms)

Prepare: number of updated asset objects reloaded= 0
========================================================================
Received Prepare
AcceleratorClientConnectionCallback - disconnected - :0
'Packages/com.unity.render-pipelines.core/Editor/Deprecated.cs' contains partial class of Unity.Object, exactly 1 of the partial classes needs to be in a file with the same filename. This is to know the one that can be referenced from ie. GameObjects
'Packages/com.unity.render-pipelines.core/Editor/Deprecated.cs' contains partial class of Unity.Object, exactly 1 of the partial classes needs to be in a file with the same filename. This is to know the one that can be referenced from ie. GameObjects
Refreshing native plugins compatible for Editor in 21.65 ms, found 3 plugins.
Unloading 42 Unused Serialized files (Serialized files now loaded: 0)
Unloading 4990 unused Assets / (5.3 MB). Loaded Objects now: 5975.
Memory consumption went from 362.8 MB to 357.5 MB.
Total: 1094.908300 ms (FindLiveObjects: 4.475200 ms CreateObjectMapping: 3.847900 ms MarkObjects: 1060.090000 ms  DeleteObjects: 19.510100 ms)

Prepare: number of updated asset objects reloaded= 0
========================================================================
Received Prepare
AcceleratorClientConnectionCallback - disconnected - :0
[Licensing::Client] Successfully resolved entitlement details
Begin MonoManager ReloadAssembly
'Packages/com.unity.render-pipelines.core/Editor/Deprecated.cs' contains partial class of Unity.Object, exactly 1 of the partial classes needs to be in a file with the same filename. This is to know the one that can be referenced from ie. GameObjects
'Packages/com.unity.render-pipelines.core/Editor/Deprecated.cs' contains partial class of Unity.Object, exactly 1 of the partial classes needs to be in a file with the same filename. This is to know the one that can be referenced from ie. GameObjects
Refreshing native plugins compatible for Editor in 6.82 ms, found 3 plugins.
Native extension for WindowsStandalone target not found
[Package Manager] Failed to launch server process. Reason: Unity was launched with the -noUpm command-line argument
[Package Manager] Unable to send message (not connected to server process).
[Package Manager] Cannot connect to Unity Package Manager local server
[Package Manager] Failed to launch server process. Reason: Unity was launched with the -noUpm command-line argument
[Package Manager] Unable to send message (not connected to server process).
[Package Manager] Cannot connect to Unity Package Manager local server
ScheduleIndexationOnStartup MainProcess:False IndexOnStartup:True
Scripting: successfully reloaded assembly
- Finished resetting the current domain, in  3.880 seconds
Domain Reload Profiling: 9283ms
	BeginReloadAssembly (1771ms)
		DisableScriptedObjects (187ms)
		CreateAndSetChildDomain (296ms)
	RebuildCommonClasses (57ms)
	RebuildNativeTypeToScriptingClass (115ms)
	initialDomainReloadingComplete (486ms)
	LoadAllAssembliesAndSetupDomain (2970ms)
		LoadAssemblies (2110ms)
		TypeCache.Refresh (36ms)
		AnalyzeDomain (852ms)
			BuildScriptInfoCaches (821ms)
			ResolveRequiredComponents (18ms)
	FinalizeReload (3884ms)
		SetupLoadedEditorAssemblies (0ms)
			LogAssemblyErrors (12ms)
			InitializePlatformSupportModulesInManaged (8ms)
			BeforeProcessingInitializeOnLoad (622ms)
			ProcessInitializeOnLoadAttributes (1473ms)
			ProcessInitializeOnLoadMethodAttributes (479ms)
			AfterProcessingInitializeOnLoad (48ms)
			EditorAssembliesLoaded (4ms)
		AwakeInstancesAfterBackupRestoration (126ms)
Refreshing native plugins compatible for Editor in 10.02 ms, found 3 plugins.
Unloading 42 Unused Serialized files (Serialized files now loaded: 0)
Unloading 4999 unused Assets / (5.9 MB). Loaded Objects now: 5978.
Memory consumption went from 365.5 MB to 359.6 MB.
Total: 33.159600 ms (FindLiveObjects: 4.005300 ms CreateObjectMapping: 3.257600 ms MarkObjects: 19.409100 ms  DeleteObjects: 5.536600 ms)

Prepare: number of updated asset objects reloaded= 0
========================================================================
Received Prepare
AcceleratorClientConnectionCallback - disconnected - :0
'Packages/com.unity.render-pipelines.core/Editor/Deprecated.cs' contains partial class of Unity.Object, exactly 1 of the partial classes needs to be in a file with the same filename. This is to know the one that can be referenced from ie. GameObjects
'Packages/com.unity.render-pipelines.core/Editor/Deprecated.cs' contains partial class of Unity.Object, exactly 1 of the partial classes needs to be in a file with the same filename. This is to know the one that can be referenced from ie. GameObjects
Refreshing native plugins compatible for Editor in 18.78 ms, found 3 plugins.
Unloading 42 Unused Serialized files (Serialized files now loaded: 0)
Unloading 4990 unused Assets / (8.7 MB). Loaded Objects now: 5978.
Memory consumption went from 367.6 MB to 358.8 MB.
Total: 2642.205100 ms (FindLiveObjects: 2300.345400 ms CreateObjectMapping: 4.516600 ms MarkObjects: 295.110300 ms  DeleteObjects: 40.341900 ms)

Prepare: number of updated asset objects reloaded= 0
========================================================================
Received Prepare
AcceleratorClientConnectionCallback - disconnected - :0
[Licensing::Client] Successfully resolved entitlement details
Begin MonoManager ReloadAssembly
'Packages/com.unity.render-pipelines.core/Editor/Deprecated.cs' contains partial class of Unity.Object, exactly 1 of the partial classes needs to be in a file with the same filename. This is to know the one that can be referenced from ie. GameObjects
'Packages/com.unity.render-pipelines.core/Editor/Deprecated.cs' contains partial class of Unity.Object, exactly 1 of the partial classes needs to be in a file with the same filename. This is to know the one that can be referenced from ie. GameObjects
Refreshing native plugins compatible for Editor in 7.58 ms, found 3 plugins.
Native extension for WindowsStandalone target not found
[Package Manager] Failed to launch server process. Reason: Unity was launched with the -noUpm command-line argument
[Package Manager] Unable to send message (not connected to server process).
[Package Manager] Cannot connect to Unity Package Manager local server
[Package Manager] Failed to launch server process. Reason: Unity was launched with the -noUpm command-line argument
[Package Manager] Unable to send message (not connected to server process).
[Package Manager] Cannot connect to Unity Package Manager local server
ScheduleIndexationOnStartup MainProcess:False IndexOnStartup:True
Scripting: successfully reloaded assembly
- Finished resetting the current domain, in  3.240 seconds
Domain Reload Profiling: 10239ms
	BeginReloadAssembly (2160ms)
		DisableScriptedObjects (113ms)
		CreateAndSetChildDomain (354ms)
	RebuildCommonClasses (48ms)
	RebuildNativeTypeToScriptingClass (102ms)
	initialDomainReloadingComplete (314ms)
	LoadAllAssembliesAndSetupDomain (4369ms)
		LoadAssemblies (2384ms)
		TypeCache.Refresh (63ms)
		AnalyzeDomain (1366ms)
			BuildScriptInfoCaches (1335ms)
			ResolveRequiredComponents (20ms)
	FinalizeReload (3245ms)
		SetupLoadedEditorAssemblies (0ms)
			LogAssemblyErrors (18ms)
			InitializePlatformSupportModulesInManaged (6ms)
			BeforeProcessingInitializeOnLoad (492ms)
			ProcessInitializeOnLoadAttributes (1065ms)
			ProcessInitializeOnLoadMethodAttributes (474ms)
			AfterProcessingInitializeOnLoad (40ms)
			EditorAssembliesLoaded (6ms)
		AwakeInstancesAfterBackupRestoration (131ms)
Refreshing native plugins compatible for Editor in 6.62 ms, found 3 plugins.
Unloading 42 Unused Serialized files (Serialized files now loaded: 0)
Unloading 4999 unused Assets / (6.3 MB). Loaded Objects now: 5981.
Memory consumption went from 370.5 MB to 364.2 MB.
Total: 39.644900 ms (FindLiveObjects: 4.197600 ms CreateObjectMapping: 3.005300 ms MarkObjects: 23.082200 ms  DeleteObjects: 8.592500 ms)

Prepare: number of updated asset objects reloaded= 0
========================================================================
Received Prepare
AcceleratorClientConnectionCallback - disconnected - :0
'Packages/com.unity.render-pipelines.core/Editor/Deprecated.cs' contains partial class of Unity.Object, exactly 1 of the partial classes needs to be in a file with the same filename. This is to know the one that can be referenced from ie. GameObjects
'Packages/com.unity.render-pipelines.core/Editor/Deprecated.cs' contains partial class of Unity.Object, exactly 1 of the partial classes needs to be in a file with the same filename. This is to know the one that can be referenced from ie. GameObjects
Refreshing native plugins compatible for Editor in 11.36 ms, found 3 plugins.
Unloading 42 Unused Serialized files (Serialized files now loaded: 0)
Unloading 4990 unused Assets / (5.5 MB). Loaded Objects now: 5981.
Memory consumption went from 372.6 MB to 367.0 MB.
Total: 124.576200 ms (FindLiveObjects: 3.677900 ms CreateObjectMapping: 2.911200 ms MarkObjects: 99.290200 ms  DeleteObjects: 15.164200 ms)

Prepare: number of updated asset objects reloaded= 0
========================================================================
Received Prepare
AcceleratorClientConnectionCallback - disconnected - :0
[Licensing::Client] Successfully resolved entitlement details
Begin MonoManager ReloadAssembly
'Packages/com.unity.render-pipelines.core/Editor/Deprecated.cs' contains partial class of Unity.Object, exactly 1 of the partial classes needs to be in a file with the same filename. This is to know the one that can be referenced from ie. GameObjects
'Packages/com.unity.render-pipelines.core/Editor/Deprecated.cs' contains partial class of Unity.Object, exactly 1 of the partial classes needs to be in a file with the same filename. This is to know the one that can be referenced from ie. GameObjects
Refreshing native plugins compatible for Editor in 6.98 ms, found 3 plugins.
Native extension for WindowsStandalone target not found
[Package Manager] Failed to launch server process. Reason: Unity was launched with the -noUpm command-line argument
[Package Manager] Unable to send message (not connected to server process).
[Package Manager] Cannot connect to Unity Package Manager local server
[Package Manager] Failed to launch server process. Reason: Unity was launched with the -noUpm command-line argument
[Package Manager] Unable to send message (not connected to server process).
[Package Manager] Cannot connect to Unity Package Manager local server
ScheduleIndexationOnStartup MainProcess:False IndexOnStartup:True
Scripting: successfully reloaded assembly
- Finished resetting the current domain, in  2.903 seconds
Domain Reload Profiling: 7819ms
	BeginReloadAssembly (1625ms)
		DisableScriptedObjects (69ms)
		CreateAndSetChildDomain (234ms)
	RebuildCommonClasses (66ms)
	RebuildNativeTypeToScriptingClass (104ms)
	initialDomainReloadingComplete (402ms)
	LoadAllAssembliesAndSetupDomain (2715ms)
		LoadAssemblies (2253ms)
		TypeCache.Refresh (48ms)
		AnalyzeDomain (647ms)
			BuildScriptInfoCaches (625ms)
			ResolveRequiredComponents (16ms)
	FinalizeReload (2907ms)
		SetupLoadedEditorAssemblies (0ms)
			LogAssemblyErrors (6ms)
			InitializePlatformSupportModulesInManaged (7ms)
			BeforeProcessingInitializeOnLoad (446ms)
			ProcessInitializeOnLoadAttributes (930ms)
			ProcessInitializeOnLoadMethodAttributes (365ms)
			AfterProcessingInitializeOnLoad (49ms)
			EditorAssembliesLoaded (5ms)
		AwakeInstancesAfterBackupRestoration (92ms)
Refreshing native plugins compatible for Editor in 5.08 ms, found 3 plugins.
Unloading 42 Unused Serialized files (Serialized files now loaded: 0)
Unloading 4999 unused Assets / (6.4 MB). Loaded Objects now: 5984.
Memory consumption went from 375.4 MB to 369.0 MB.
Total: 25.953600 ms (FindLiveObjects: 2.982900 ms CreateObjectMapping: 1.294800 ms MarkObjects: 14.734700 ms  DeleteObjects: 6.267700 ms)

Prepare: number of updated asset objects reloaded= 0
========================================================================
Received Prepare
AcceleratorClientConnectionCallback - disconnected - :0
'Packages/com.unity.render-pipelines.core/Editor/Deprecated.cs' contains partial class of Unity.Object, exactly 1 of the partial classes needs to be in a file with the same filename. This is to know the one that can be referenced from ie. GameObjects
'Packages/com.unity.render-pipelines.core/Editor/Deprecated.cs' contains partial class of Unity.Object, exactly 1 of the partial classes needs to be in a file with the same filename. This is to know the one that can be referenced from ie. GameObjects
Refreshing native plugins compatible for Editor in 27.99 ms, found 3 plugins.
Unloading 42 Unused Serialized files (Serialized files now loaded: 0)
Unloading 4990 unused Assets / (4.7 MB). Loaded Objects now: 5984.
Memory consumption went from 377.5 MB to 372.8 MB.
Total: 110.879400 ms (FindLiveObjects: 5.437000 ms CreateObjectMapping: 3.123900 ms MarkObjects: 90.538700 ms  DeleteObjects: 9.903600 ms)

Prepare: number of updated asset objects reloaded= 0
========================================================================
Received Prepare
AcceleratorClientConnectionCallback - disconnected - :0
[Licensing::Client] Successfully resolved entitlement details
Begin MonoManager ReloadAssembly
'Packages/com.unity.render-pipelines.core/Editor/Deprecated.cs' contains partial class of Unity.Object, exactly 1 of the partial classes needs to be in a file with the same filename. This is to know the one that can be referenced from ie. GameObjects
'Packages/com.unity.render-pipelines.core/Editor/Deprecated.cs' contains partial class of Unity.Object, exactly 1 of the partial classes needs to be in a file with the same filename. This is to know the one that can be referenced from ie. GameObjects
Refreshing native plugins compatible for Editor in 5.05 ms, found 3 plugins.
Native extension for WindowsStandalone target not found
[Package Manager] Failed to launch server process. Reason: Unity was launched with the -noUpm command-line argument
[Package Manager] Unable to send message (not connected to server process).
[Package Manager] Cannot connect to Unity Package Manager local server
[Package Manager] Failed to launch server process. Reason: Unity was launched with the -noUpm command-line argument
[Package Manager] Unable to send message (not connected to server process).
[Package Manager] Cannot connect to Unity Package Manager local server
ScheduleIndexationOnStartup MainProcess:False IndexOnStartup:True
Scripting: successfully reloaded assembly
- Finished resetting the current domain, in  2.321 seconds
Domain Reload Profiling: 6317ms
	BeginReloadAssembly (1313ms)
		DisableScriptedObjects (66ms)
		CreateAndSetChildDomain (239ms)
	RebuildCommonClasses (54ms)
	RebuildNativeTypeToScriptingClass (109ms)
	initialDomainReloadingComplete (295ms)
	LoadAllAssembliesAndSetupDomain (2222ms)
		LoadAssemblies (1638ms)
		TypeCache.Refresh (41ms)
		AnalyzeDomain (558ms)
			BuildScriptInfoCaches (535ms)
			ResolveRequiredComponents (16ms)
	FinalizeReload (2323ms)
		SetupLoadedEditorAssemblies (0ms)
			LogAssemblyErrors (7ms)
			InitializePlatformSupportModulesInManaged (5ms)
			BeforeProcessingInitializeOnLoad (346ms)
			ProcessInitializeOnLoadAttributes (785ms)
			ProcessInitializeOnLoadMethodAttributes (280ms)
			AfterProcessingInitializeOnLoad (31ms)
			EditorAssembliesLoaded (4ms)
		AwakeInstancesAfterBackupRestoration (68ms)
Refreshing native plugins compatible for Editor in 5.31 ms, found 3 plugins.
Unloading 42 Unused Serialized files (Serialized files now loaded: 0)
Unloading 4999 unused Assets / (7.5 MB). Loaded Objects now: 5987.
Memory consumption went from 380.2 MB to 372.7 MB.
Total: 19.980200 ms (FindLiveObjects: 1.848100 ms CreateObjectMapping: 1.099400 ms MarkObjects: 10.993800 ms  DeleteObjects: 5.275400 ms)

Prepare: number of updated asset objects reloaded= 0
========================================================================
Received Prepare
AcceleratorClientConnectionCallback - disconnected - :0
'Packages/com.unity.render-pipelines.core/Editor/Deprecated.cs' contains partial class of Unity.Object, exactly 1 of the partial classes needs to be in a file with the same filename. This is to know the one that can be referenced from ie. GameObjects
'Packages/com.unity.render-pipelines.core/Editor/Deprecated.cs' contains partial class of Unity.Object, exactly 1 of the partial classes needs to be in a file with the same filename. This is to know the one that can be referenced from ie. GameObjects
Refreshing native plugins compatible for Editor in 16.14 ms, found 3 plugins.
Unloading 42 Unused Serialized files (Serialized files now loaded: 0)
Unloading 4990 unused Assets / (4.6 MB). Loaded Objects now: 5987.
Memory consumption went from 382.2 MB to 377.6 MB.
Total: 463.512800 ms (FindLiveObjects: 5.380300 ms CreateObjectMapping: 6.672300 ms MarkObjects: 421.482900 ms  DeleteObjects: 27.659100 ms)

Prepare: number of updated asset objects reloaded= 0
========================================================================
Received Prepare
AcceleratorClientConnectionCallback - disconnected - :0
[Licensing::Client] Successfully resolved entitlement details
Begin MonoManager ReloadAssembly
'Packages/com.unity.render-pipelines.core/Editor/Deprecated.cs' contains partial class of Unity.Object, exactly 1 of the partial classes needs to be in a file with the same filename. This is to know the one that can be referenced from ie. GameObjects
'Packages/com.unity.render-pipelines.core/Editor/Deprecated.cs' contains partial class of Unity.Object, exactly 1 of the partial classes needs to be in a file with the same filename. This is to know the one that can be referenced from ie. GameObjects
Refreshing native plugins compatible for Editor in 4.02 ms, found 3 plugins.
Native extension for WindowsStandalone target not found
[Package Manager] Failed to launch server process. Reason: Unity was launched with the -noUpm command-line argument
[Package Manager] Unable to send message (not connected to server process).
[Package Manager] Cannot connect to Unity Package Manager local server
[Package Manager] Failed to launch server process. Reason: Unity was launched with the -noUpm command-line argument
[Package Manager] Unable to send message (not connected to server process).
[Package Manager] Cannot connect to Unity Package Manager local server
ScheduleIndexationOnStartup MainProcess:False IndexOnStartup:True
Scripting: successfully reloaded assembly
- Finished resetting the current domain, in  3.350 seconds
Domain Reload Profiling: 6646ms
	BeginReloadAssembly (1082ms)
		DisableScriptedObjects (42ms)
		CreateAndSetChildDomain (197ms)
	RebuildCommonClasses (50ms)
	RebuildNativeTypeToScriptingClass (88ms)
	initialDomainReloadingComplete (234ms)
	LoadAllAssembliesAndSetupDomain (1837ms)
		LoadAssemblies (1193ms)
		TypeCache.Refresh (35ms)
		AnalyzeDomain (585ms)
			BuildScriptInfoCaches (565ms)
			ResolveRequiredComponents (14ms)
	FinalizeReload (3355ms)
		SetupLoadedEditorAssemblies (0ms)
			LogAssemblyErrors (7ms)
			InitializePlatformSupportModulesInManaged (5ms)
			BeforeProcessingInitializeOnLoad (458ms)
			ProcessInitializeOnLoadAttributes (1238ms)
			ProcessInitializeOnLoadMethodAttributes (504ms)
			AfterProcessingInitializeOnLoad (58ms)
			EditorAssembliesLoaded (6ms)
		AwakeInstancesAfterBackupRestoration (142ms)
Refreshing native plugins compatible for Editor in 8.75 ms, found 3 plugins.
Unloading 42 Unused Serialized files (Serialized files now loaded: 0)
Unloading 4999 unused Assets / (7.7 MB). Loaded Objects now: 5990.
Memory consumption went from 385.2 MB to 377.4 MB.
Total: 31.793300 ms (FindLiveObjects: 2.523500 ms CreateObjectMapping: 2.040000 ms MarkObjects: 19.655100 ms  DeleteObjects: 6.459400 ms)

Prepare: number of updated asset objects reloaded= 0
========================================================================
Received Prepare
AcceleratorClientConnectionCallback - disconnected - :0
Refreshing native plugins compatible for Editor in 3.08 ms, found 3 plugins.
Unloading 42 Unused Serialized files (Serialized files now loaded: 0)
Unloading 42 unused Assets / (4.0 MB). Loaded Objects now: 5990.
Memory consumption went from 383.7 MB to 379.8 MB.
Total: 149.073100 ms (FindLiveObjects: 5.164000 ms CreateObjectMapping: 2.307400 ms MarkObjects: 138.113400 ms  DeleteObjects: 2.860200 ms)

Prepare: number of updated asset objects reloaded= 0
========================================================================
Received Import Request.
  Time of request: 2026-09-20T04:36:43.084534Z
  Time since last request: 126686.6561606000032 seconds.
  importAddress: GUID: 791a524f53be52247a025568d4c2f029 - Path: Assets/yeah!.png - Importer: PreviewImporter
Importing 'GUID: 791a524f53be52247a025568d4c2f029 - Path: Assets/yeah!.png - Importer: PreviewImporter' with importer (PreviewImporter)
Imported 'GUID: 791a524f53be52247a025568d4c2f029' -> (Import Result ID: 'a98fa43ea6d9a0403740e172302f1504') in 1.052 seconds [static and dynamic dependencies]. Details - ImportResultOutputID=216164440e4ff91b3640bfb51244e746 DependenciesID=03068146311c4ddc8563c21aa9b169e3 StaticDependenciesID=0f97f3fba9f0450ac7d49b82d1ea3691 
Number of updated asset objects reloaded before import = 0
Number of asset objects unloaded after import = 2
========================================================================
Received Import Request.
  Time of request: 2026-09-20T16:57:22.8667165Z
  Time since last request: 44444.19697289999749 seconds.
  importAddress: GUID: 0147bc62fbb120546854fa4630e03d39 - Path: Assets/moveScript.cs - Importer: ScriptedImporter/UnityEditor.QuickSearchModule:UnityEditor.Search:ASIAI0B
Importing 'GUID: 0147bc62fbb120546854fa4630e03d39 - Path: Assets/moveScript.cs - Importer: ScriptedImporter/UnityEditor.QuickSearchModule:UnityEditor.Search:ASIAI0B' with importer (ScriptedImporter : UnityEditor.QuickSearchModule:UnityEditor.Search:ASIAI0B)
Imported 'GUID: 0147bc62fbb120546854fa4630e03d39' -> (Import Result ID: 'ee2dfa6ca46d058aab86f7668f410c66') in 1.006 seconds [static and dynamic dependencies]. Details - ImportResultOutputID=50073183807c885ce01d0a1c0b236da7 DependenciesID=1f31e7f9a6200dd2a65c4ec8d84e5daf StaticDependenciesID=a6d41d420c4e3dc3e9d809f34f19d27f 
Number of updated asset objects reloaded before import = 0
Number of asset objects unloaded after import = 0
========================================================================
Received Import Request.
  Time of request: 2026-09-20T16:57:23.9096465Z
  Time since last request: 0.0017423 seconds.
  importAddress: GUID: e73a58f6e2794ae7b1b7e50b7fb811b0 - Path: Assets/TextMesh Pro/Resources/Fonts & Materials/LiberationSans SDF - Drop Shadow.mat - Importer: ScriptedImporter/UnityEditor.QuickSearchModule:UnityEditor.Search:ASIAI0B
Importing 'GUID: e73a58f6e2794ae7b1b7e50b7fb811b0 - Path: Assets/TextMesh Pro/Resources/Fonts & Materials/LiberationSans SDF - Drop Shadow.mat - Importer: ScriptedImporter/UnityEditor.QuickSearchModule:UnityEditor.Search:ASIAI0B' with importer (ScriptedImporter : UnityEditor.QuickSearchModule:UnityEditor.Search:ASIAI0B)
Imported 'GUID: e73a58f6e2794ae7b1b7e50b7fb811b0' -> (Import Result ID: 'c27cdd00bf3972c630b1b42e9c8184e2') in 0.082 seconds [static and dynamic dependencies]. Details - ImportResultOutputID=bc70c0e875e98f02671d10147ff6e78a DependenciesID=1781fdaa88eac12f8f1ede31dd4ca390 StaticDependenciesID=fc2d459d5d8a1344874b4e5500f157cd 
Number of updated asset objects reloaded before import = 0
Number of asset objects unloaded after import = 3
========================================================================
Received Import Request.
  Time of request: 2026-09-20T16:57:24.0208208Z
  Time since last request: 0.0003999 seconds.
  importAddress: GUID: b19db08e36705584aa79e79a8f2f9885 - Path: Assets/Materials/horns.mat - Importer: ScriptedImporter/UnityEditor.QuickSearchModule:UnityEditor.Search:ASIAI0B
Importing 'GUID: b19db08e36705584aa79e79a8f2f9885 - Path: Assets/Materials/horns.mat - Importer: ScriptedImporter/UnityEditor.QuickSearchModule:UnityEditor.Search:ASIAI0B' with importer (ScriptedImporter : UnityEditor.QuickSearchModule:UnityEditor.Search:ASIAI0B)
Imported 'GUID: b19db08e36705584aa79e79a8f2f9885' -> (Import Result ID: 'f3b0c4a6aa38f7dc4f27f057acdfda29') in 0.045 seconds [static and dynamic dependencies]. Details - ImportResultOutputID=6b3d98a43e5b01e0bb36066b1a16a2cd DependenciesID=7e6a63a338ac5b83328676ac0a967203 StaticDependenciesID=8700befaf4bc61b6f19bdaadc94e78b1 
Number of updated asset objects reloaded before import = 0
Number of asset objects unloaded after import = 3
========================================================================
Received Import Request.
  Time of request: 2026-09-20T16:57:24.087853Z
  Time since last request: 0.001129 seconds.
  importAddress: GUID: bc1ede39bf3643ee8e493720e4259791 - Path: Assets/TextMesh Pro/Shaders/TMP_SDF-Mobile Masking.shader - Importer: ScriptedImporter/UnityEditor.QuickSearchModule:UnityEditor.Search:ASIAI0B
Importing 'GUID: bc1ede39bf3643ee8e493720e4259791 - Path: Assets/TextMesh Pro/Shaders/TMP_SDF-Mobile Masking.shader - Importer: ScriptedImporter/UnityEditor.QuickSearchModule:UnityEditor.Search:ASIAI0B' with importer (ScriptedImporter : UnityEditor.QuickSearchModule:UnityEditor.Search:ASIAI0B)
Imported 'GUID: bc1ede39bf3643ee8e493720e4259791' -> (Import Result ID: 'b5d7e12c8a0aafb8ceedea347fe9f4e9') in 0.019 seconds [static and dynamic dependencies]. Details - ImportResultOutputID=1315d8a6d57614320e4c28f75b5d8913 DependenciesID=ecbb981a79d5ffea484b8c03fa804ace StaticDependenciesID=c4bb745028783cc2281489e16969bde9 
Number of updated asset objects reloaded before import = 0
Number of asset objects unloaded after import = 1
========================================================================
Received Import Request.
  Time of request: 2026-09-20T16:57:24.1359905Z
  Time since last request: 0.0018375 seconds.
  importAddress: GUID: 85187c2149c549c5b33f0cdb02836b17 - Path: Assets/TextMesh Pro/Shaders/TMP_SDF-Surface-Mobile.shader - Importer: ScriptedImporter/UnityEditor.QuickSearchModule:UnityEditor.Search:ASIAI0B
Importing 'GUID: 85187c2149c549c5b33f0cdb02836b17 - Path: Assets/TextMesh Pro/Shaders/TMP_SDF-Surface-Mobile.shader - Importer: ScriptedImporter/UnityEditor.QuickSearchModule:UnityEditor.Search:ASIAI0B' with importer (ScriptedImporter : UnityEditor.QuickSearchModule:UnityEditor.Search:ASIAI0B)
Imported 'GUID: 85187c2149c549c5b33f0cdb02836b17' -> (Import Result ID: '19efec8d56f870af7baf52f7463d1774') in 0.008 seconds [static and dynamic dependencies]. Details - ImportResultOutputID=7f1b3c10bedf3c5572b90f2c6b6a9d98 DependenciesID=a26dc0e9f48836e95722508552b084c6 StaticDependenciesID=fcce47948219d0a9ee7c08c205df31dd 
Number of updated asset objects reloaded before import = 0
Number of asset objects unloaded after import = 1
========================================================================
Received Import Request.
  Time of request: 2026-09-20T16:57:24.1712351Z
  Time since last request: 0.0012338 seconds.
  importAddress: GUID: 5c6f31a5a80ebc04f8bcfdeed8327fe1 - Path: Assets/TextMesh Pro/Shaders/TMP_SDF SSD SpaceWarp.shader - Importer: ScriptedImporter/UnityEditor.QuickSearchModule:UnityEditor.Search:ASIAI0B
Importing 'GUID: 5c6f31a5a80ebc04f8bcfdeed8327fe1 - Path: Assets/TextMesh Pro/Shaders/TMP_SDF SSD SpaceWarp.shader - Importer: ScriptedImporter/UnityEditor.QuickSearchModule:UnityEditor.Search:ASIAI0B' with importer (ScriptedImporter : UnityEditor.QuickSearchModule:UnityEditor.Search:ASIAI0B)
Imported 'GUID: 5c6f31a5a80ebc04f8bcfdeed8327fe1' -> (Import Result ID: 'f1f30d085823c08f177299b32a08f9f6') in 0.010 seconds [static and dynamic dependencies]. Details - ImportResultOutputID=617055cf03ac267eb6ed25e7b97db98e DependenciesID=245b386c9419266280e428c55e7764b0 StaticDependenciesID=f774458290eb7a3a8aebe36f72b00cc0 
Number of updated asset objects reloaded before import = 0
Number of asset objects unloaded after import = 2
========================================================================
Received Import Request.
  Time of request: 2026-09-20T16:57:24.210802Z
  Time since last request: 0.0008619 seconds.
  importAddress: GUID: fade42e8bc714b018fac513c043d323b - Path: Assets/TextMesh Pro/Resources/LineBreaking Following Characters.txt - Importer: ScriptedImporter/UnityEditor.QuickSearchModule:UnityEditor.Search:ASIAI0B
Importing 'GUID: fade42e8bc714b018fac513c043d323b - Path: Assets/TextMesh Pro/Resources/LineBreaking Following Characters.txt - Importer: ScriptedImporter/UnityEditor.QuickSearchModule:UnityEditor.Search:ASIAI0B' with importer (ScriptedImporter : UnityEditor.QuickSearchModule:UnityEditor.Search:ASIAI0B)
Imported 'GUID: fade42e8bc714b018fac513c043d323b' -> (Import Result ID: '7af6ae4ab61024ac9716133f9a4aef46') in 0.008 seconds [static and dynamic dependencies]. Details - ImportResultOutputID=6fb4f086b5f35318cdd5d2963fc387b0 DependenciesID=c26bf8b2743adf8c2c796983304f4864 StaticDependenciesID=dfd2c637af78f9b67bc376c55652d2ee 
Number of updated asset objects reloaded before import = 0
Number of asset objects unloaded after import = 1
========================================================================
Received Import Request.
  Time of request: 2026-09-20T16:57:24.2539686Z
  Time since last request: 0.001183 seconds.
  importAddress: GUID: e3265ab4bf004d28a9537516768c1c75 - Path: Assets/TextMesh Pro/Fonts/LiberationSans.ttf - Importer: ScriptedImporter/UnityEditor.QuickSearchModule:UnityEditor.Search:ASIAI0B
Importing 'GUID: e3265ab4bf004d28a9537516768c1c75 - Path: Assets/TextMesh Pro/Fonts/LiberationSans.ttf - Importer: ScriptedImporter/UnityEditor.QuickSearchModule:UnityEditor.Search:ASIAI0B' with importer (ScriptedImporter : UnityEditor.QuickSearchModule:UnityEditor.Search:ASIAI0B)
Imported 'GUID: e3265ab4bf004d28a9537516768c1c75' -> (Import Result ID: 'e5c04758a2af62e6f6737013a81d7efd') in 0.064 seconds [static and dynamic dependencies]. Details - ImportResultOutputID=62c8b90dfee26d62ac540599bf9294b0 DependenciesID=7325ddf1bc3b743e5ccc798a93de53fe StaticDependenciesID=6dda293e2b0de3e7b07592e107f5d679 
Number of updated asset objects reloaded before import = 0
Number of asset objects unloaded after import = 3
========================================================================
Received Import Request.
  Time of request: 2026-09-20T16:57:24.3442276Z
  Time since last request: 0.001038 seconds.
  importAddress: GUID: b5ab6cb89ffa7004ca59c01dddd06493 - Path: Assets/TextMesh Pro/Shaders/TMP_SDF SpaceWarp.shader - Importer: ScriptedImporter/UnityEditor.QuickSearchModule:UnityEditor.Search:ASIAI0B
Importing 'GUID: b5ab6cb89ffa7004ca59c01dddd06493 - Path: Assets/TextMesh Pro/Shaders/TMP_SDF SpaceWarp.shader - Importer: ScriptedImporter/UnityEditor.QuickSearchModule:UnityEditor.Search:ASIAI0B' with importer (ScriptedImporter : UnityEditor.QuickSearchModule:UnityEditor.Search:ASIAI0B)
Imported 'GUID: b5ab6cb89ffa7004ca59c01dddd06493' -> (Import Result ID: '99808e7b2cb96f1633fb162ebfe6a843') in 0.009 seconds [static and dynamic dependencies]. Details - ImportResultOutputID=449a823ef17c65bc9a903bf32d6e93db DependenciesID=a8f0d76d637878511a8fda9f15335713 StaticDependenciesID=a0683d465296d043506301c52092bad4 
Number of updated asset objects reloaded before import = 0
Number of asset objects unloaded after import = 2
========================================================================
Received Import Request.
  Time of request: 2026-09-20T16:57:24.3802639Z
  Time since last request: 0.0013553 seconds.
  importAddress: GUID: a3d800b099a06e0478fb790c5e79057a - Path: Assets/TextMesh Pro/Shaders/TMP_SDF-URP Lit.shadergraph - Importer: ScriptedImporter/UnityEditor.QuickSearchModule:UnityEditor.Search:ASIAI0B
Importing 'GUID: a3d800b099a06e0478fb790c5e79057a - Path: Assets/TextMesh Pro/Shaders/TMP_SDF-URP Lit.shadergraph - Importer: ScriptedImporter/UnityEditor.QuickSearchModule:UnityEditor.Search:ASIAI0B' with importer (ScriptedImporter : UnityEditor.QuickSearchModule:UnityEditor.Search:ASIAI0B)
Imported 'GUID: a3d800b099a06e0478fb790c5e79057a' -> (Import Result ID: '38f69e78b4e973a437ae50a1f5edb45c') in 0.124 seconds [static and dynamic dependencies]. Details - ImportResultOutputID=b046fe8b04541d6e95b1776f70b5ce7a DependenciesID=96ef5a9da0182f3c4af84d19e6a64c67 StaticDependenciesID=442fc457aee01e63fe2322ca200530cc 
Number of updated asset objects reloaded before import = 0
Number of asset objects unloaded after import = 5
========================================================================
Received Import Request.
  Time of request: 2026-09-20T16:57:24.5297147Z
  Time since last request: 0.0017379 seconds.
  importAddress: GUID: 4aecb92fff08436c8303b10eab8da368 - Path: Assets/TextMesh Pro/Resources/Style Sheets - Importer: ScriptedImporter/UnityEditor.QuickSearchModule:UnityEditor.Search:ASIAI0B
Importing 'GUID: 4aecb92fff08436c8303b10eab8da368 - Path: Assets/TextMesh Pro/Resources/Style Sheets - Importer: ScriptedImporter/UnityEditor.QuickSearchModule:UnityEditor.Search:ASIAI0B' with importer (ScriptedImporter : UnityEditor.QuickSearchModule:UnityEditor.Search:ASIAI0B)
Imported 'GUID: 4aecb92fff08436c8303b10eab8da368' -> (Import Result ID: 'f1654735bbdc16c49cab34ea9f107f3e') in 0.006 seconds [static and dynamic dependencies]. Details - ImportResultOutputID=4ff36bdbd147031d72f15173ce57e19e DependenciesID=1f195a11a20146c2dfe101298648cb0f StaticDependenciesID=c2fce1a9844311ef8412ca8eb61e7959 
Number of updated asset objects reloaded before import = 0
Number of asset objects unloaded after import = 1
========================================================================
Received Import Request.
  Time of request: 2026-09-20T16:57:24.5642747Z
  Time since last request: 0.001769 seconds.
  importAddress: GUID: 96de908384869cd409c75efa351d5edf - Path: Assets/TextMesh Pro/Shaders/SDFFunctions.hlsl - Importer: ScriptedImporter/UnityEditor.QuickSearchModule:UnityEditor.Search:ASIAI0B
Importing 'GUID: 96de908384869cd409c75efa351d5edf - Path: Assets/TextMesh Pro/Shaders/SDFFunctions.hlsl - Importer: ScriptedImporter/UnityEditor.QuickSearchModule:UnityEditor.Search:ASIAI0B' with importer (ScriptedImporter : UnityEditor.QuickSearchModule:UnityEditor.Search:ASIAI0B)
Imported 'GUID: 96de908384869cd409c75efa351d5edf' -> (Import Result ID: 'd4de66eb5e9dcdb3c225edf518f66e80') in 0.007 seconds [static and dynamic dependencies]. Details - ImportResultOutputID=90a0f55d8bac2773097a09788c28fd64 DependenciesID=26eeaeab23c748b594101e034d695806 StaticDependenciesID=9a1fd9b25e36646794d90bc01e965092 
Number of updated asset objects reloaded before import = 0
Number of asset objects unloaded after import = 1
========================================================================
Received Import Request.
  Time of request: 2026-09-20T16:57:24.6027157Z
  Time since last request: 0.0019477 seconds.
  importAddress: GUID: f63d574838ccfb44f84acc05fed0af48 - Path: Assets/TextMesh Pro/Shaders/TMP_SDF-HDRP UNLIT.shadergraph - Importer: ScriptedImporter/UnityEditor.QuickSearchModule:UnityEditor.Search:ASIAI0B
Importing 'GUID: f63d574838ccfb44f84acc05fed0af48 - Path: Assets/TextMesh Pro/Shaders/TMP_SDF-HDRP UNLIT.shadergraph - Importer: ScriptedImporter/UnityEditor.QuickSearchModule:UnityEditor.Search:ASIAI0B' with importer (ScriptedImporter : UnityEditor.QuickSearchModule:UnityEditor.Search:ASIAI0B)
Imported 'GUID: f63d574838ccfb44f84acc05fed0af48' -> (Import Result ID: '8e8bb2c1645a870c63d95c662ff28fc0') in 0.016 seconds [static and dynamic dependencies]. Details - ImportResultOutputID=00e4cbbb6bd639534562ca261c4ad7b9 DependenciesID=903f445ff4e48a8311e80dd19b09c190 StaticDependenciesID=e0e22194aa47d67746fb9cbb7b30d03a 
Number of updated asset objects reloaded before import = 0
Number of asset objects unloaded after import = 4
========================================================================
Received Import Request.
  Time of request: 2026-09-20T16:57:24.654356Z
  Time since last request: 0.0010717 seconds.
  importAddress: GUID: ca2ed216f98028c4dae6c5224a952b3c - Path: Assets/TextMesh Pro/Shaders/TMP_SDF-HDRP LIT.shadergraph - Importer: ScriptedImporter/UnityEditor.QuickSearchModule:UnityEditor.Search:ASIAI0B
Importing 'GUID: ca2ed216f98028c4dae6c5224a952b3c - Path: Assets/TextMesh Pro/Shaders/TMP_SDF-HDRP LIT.shadergraph - Importer: ScriptedImporter/UnityEditor.QuickSearchModule:UnityEditor.Search:ASIAI0B' with importer (ScriptedImporter : UnityEditor.QuickSearchModule:UnityEditor.Search:ASIAI0B)
Imported 'GUID: ca2ed216f98028c4dae6c5224a952b3c' -> (Import Result ID: '16a38d11f310aa2b25c5038ce7aa29e6') in 0.012 seconds [static and dynamic dependencies]. Details - ImportResultOutputID=93b98f1b1067c02e904e819b55b5360a DependenciesID=b0d3a61743e33f479cacb38fe27c8ed5 StaticDependenciesID=44124bad3dce96b5453dd6f8edd62941 
Number of updated asset objects reloaded before import = 0
Number of asset objects unloaded after import = 4
========================================================================
Received Import Request.
  Time of request: 2026-09-20T16:57:24.7021379Z
  Time since last request: 0.0012921 seconds.
  importAddress: GUID: 1e3b057af24249748ff873be7fafee47 - Path: Assets/TextMesh Pro/Shaders/TMP_Bitmap-Mobile.shader - Importer: ScriptedImporter/UnityEditor.QuickSearchModule:UnityEditor.Search:ASIAI0B
Importing 'GUID: 1e3b057af24249748ff873be7fafee47 - Path: Assets/TextMesh Pro/Shaders/TMP_Bitmap-Mobile.shader - Importer: ScriptedImporter/UnityEditor.QuickSearchModule:UnityEditor.Search:ASIAI0B' with importer (ScriptedImporter : UnityEditor.QuickSearchModule:UnityEditor.Search:ASIAI0B)
Imported 'GUID: 1e3b057af24249748ff873be7fafee47' -> (Import Result ID: 'e8907e2b1b22f86ba161beae4c33ee51') in 0.006 seconds [static and dynamic dependencies]. Details - ImportResultOutputID=ec5596758f95f57a0d87573d68af918d DependenciesID=5b36252625bc999e1c6bcb667984429b StaticDependenciesID=741a5add5849244a2ebccb29a3715473 
Number of updated asset objects reloaded before import = 0
Number of asset objects unloaded after import = 1
========================================================================
Received Import Request.
  Time of request: 2026-09-20T16:57:24.7404209Z
  Time since last request: 0.0010386 seconds.
  importAddress: GUID: 407bc68d299748449bbf7f48ee690f8d - Path: Assets/TextMesh Pro/Shaders/TMPro.cginc - Importer: ScriptedImporter/UnityEditor.QuickSearchModule:UnityEditor.Search:ASIAI0B
Importing 'GUID: 407bc68d299748449bbf7f48ee690f8d - Path: Assets/TextMesh Pro/Shaders/TMPro.cginc - Importer: ScriptedImporter/UnityEditor.QuickSearchModule:UnityEditor.Search:ASIAI0B' with importer (ScriptedImporter : UnityEditor.QuickSearchModule:UnityEditor.Search:ASIAI0B)
Imported 'GUID: 407bc68d299748449bbf7f48ee690f8d' -> (Import Result ID: '84d0ce06a0e268a0212961581e5c002a') in 0.007 seconds [static and dynamic dependencies]. Details - ImportResultOutputID=ae1cc9c29390930a3a533be999f6c1c5 DependenciesID=0515cade81f68e7402f67bc8980fc55f StaticDependenciesID=d9d3699bc9408042945f026e59095056 
Number of updated asset objects reloaded before import = 0
Number of asset objects unloaded after import = 1
========================================================================
Received Import Request.
  Time of request: 2026-09-20T16:57:24.7917086Z
  Time since last request: 0.0009924 seconds.
  importAddress: GUID: 68e6db2ebdc24f95958faec2be5558d6 - Path: Assets/TextMesh Pro/Shaders/TMP_SDF.shader - Importer: ScriptedImporter/UnityEditor.QuickSearchModule:UnityEditor.Search:ASIAI0B
Importing 'GUID: 68e6db2ebdc24f95958faec2be5558d6 - Path: Assets/TextMesh Pro/Shaders/TMP_SDF.shader - Importer: ScriptedImporter/UnityEditor.QuickSearchModule:UnityEditor.Search:ASIAI0B' with importer (ScriptedImporter : UnityEditor.QuickSearchModule:UnityEditor.Search:ASIAI0B)
Imported 'GUID: 68e6db2ebdc24f95958faec2be5558d6' -> (Import Result ID: '58af5d7a38c7f3fb896f3ef846f533fa') in 0.009 seconds [static and dynamic dependencies]. Details - ImportResultOutputID=dd78ef3de57791ea125d56d24b4b2531 DependenciesID=439a7c73341eb3b0001dbbb7f88802e9 StaticDependenciesID=0cb1c353ccfcb419cfcecb472d6b09bb 
Number of updated asset objects reloaded before import = 0
Number of asset objects unloaded after import = 2
========================================================================
Received Import Request.
  Time of request: 2026-09-20T16:57:24.8299636Z
  Time since last request: 0.0016556 seconds.
  importAddress: GUID: 3997e2241185407d80309a82f9148466 - Path: Assets/TextMesh Pro/Shaders/TMPro_Properties.cginc - Importer: ScriptedImporter/UnityEditor.QuickSearchModule:UnityEditor.Search:ASIAI0B
Importing 'GUID: 3997e2241185407d80309a82f9148466 - Path: Assets/TextMesh Pro/Shaders/TMPro_Properties.cginc - Importer: ScriptedImporter/UnityEditor.QuickSearchModule:UnityEditor.Search:ASIAI0B' with importer (ScriptedImporter : UnityEditor.QuickSearchModule:UnityEditor.Search:ASIAI0B)
Imported 'GUID: 3997e2241185407d80309a82f9148466' -> (Import Result ID: 'a07b2fbf27de6b96ede3a8a47b85a6fb') in 0.006 seconds [static and dynamic dependencies]. Details - ImportResultOutputID=6a56a9af556520140bdf86478ea2663d DependenciesID=2eee2a7a6613b88b6561359a20f11c6a StaticDependenciesID=706c2b42319950aa473885d6f24e1ca1 
Number of updated asset objects reloaded before import = 0
Number of asset objects unloaded after import = 1
========================================================================
Received Import Request.
  Time of request: 2026-09-20T16:57:24.8659208Z
  Time since last request: 0.0013356 seconds.
  importAddress: GUID: 8f586378b4e144a9851e7b34d9b748ee - Path: Assets/TextMesh Pro/Resources/Fonts & Materials/LiberationSans SDF.asset - Importer: ScriptedImporter/UnityEditor.QuickSearchModule:UnityEditor.Search:ASIAI0B
Importing 'GUID: 8f586378b4e144a9851e7b34d9b748ee - Path: Assets/TextMesh Pro/Resources/Fonts & Materials/LiberationSans SDF.asset - Importer: ScriptedImporter/UnityEditor.QuickSearchModule:UnityEditor.Search:ASIAI0B' with importer (ScriptedImporter : UnityEditor.QuickSearchModule:UnityEditor.Search:ASIAI0B)
Imported 'GUID: 8f586378b4e144a9851e7b34d9b748ee' -> (Import Result ID: 'b988109c0d0737166c43014b7bf5d440') in 0.152 seconds [static and dynamic dependencies]. Details - ImportResultOutputID=0abb1764fd272ce669c49681f1536732 DependenciesID=d2bb10808ba6a1abc3bde62ead63edda StaticDependenciesID=ff3b2ce013f640ffa930170dee7bc366 
Number of updated asset objects reloaded before import = 0
Number of asset objects unloaded after import = 9
========================================================================
Received Import Request.
  Time of request: 2026-09-20T16:57:25.0927277Z
  Time since last request: 0.044014 seconds.
  importAddress: GUID: ac83ecdbcb965fb4b84ab3e8a158bf1d - Path: Assets/horns.jpg - Importer: ScriptedImporter/UnityEditor.QuickSearchModule:UnityEditor.Search:ASIAI0B
Importing 'GUID: ac83ecdbcb965fb4b84ab3e8a158bf1d - Path: Assets/horns.jpg - Importer: ScriptedImporter/UnityEditor.QuickSearchModule:UnityEditor.Search:ASIAI0B' with importer (ScriptedImporter : UnityEditor.QuickSearchModule:UnityEditor.Search:ASIAI0B)
Imported 'GUID: ac83ecdbcb965fb4b84ab3e8a158bf1d' -> (Import Result ID: '92fde6f9d2a0a458b5756b3cd14afb18') in 0.697 seconds [static and dynamic dependencies]. Details - ImportResultOutputID=78b7732957db6086b335963fd10df32f DependenciesID=9369dc411ae8a3ae9bcd1e0b7f9d0e82 StaticDependenciesID=b989446912096cf3def3d95a91eba449 
Number of updated asset objects reloaded before import = 0
Number of asset objects unloaded after import = 1
========================================================================
Received Prepare
AcceleratorClientConnectionCallback - disconnected - :0
Refreshing native plugins compatible for Editor in 2.69 ms, found 3 plugins.
Unloading 42 Unused Serialized files (Serialized files now loaded: 0)
Unloading 43 unused Assets / (4.0 MB). Loaded Objects now: 5994.
Memory consumption went from 329.2 MB to 325.2 MB.
Total: 28.177200 ms (FindLiveObjects: 1.934900 ms CreateObjectMapping: 0.538800 ms MarkObjects: 23.709000 ms  DeleteObjects: 1.579000 ms)

Prepare: number of updated asset objects reloaded= 0
========================================================================
Received Import Request.
  Time of request: 2026-09-20T16:57:35.9438809Z
  Time since last request: 8.6270076 seconds.
  importAddress: GUID: c8d12adcee749c344b8117cf7c7eb912 - Path: Assets/TextMesh Pro/Shaders/TMP_SDF-Mobile SSD.shader - Importer: ScriptedImporter/UnityEditor.QuickSearchModule:UnityEditor.Search:ASIAI0B
Importing 'GUID: c8d12adcee749c344b8117cf7c7eb912 - Path: Assets/TextMesh Pro/Shaders/TMP_SDF-Mobile SSD.shader - Importer: ScriptedImporter/UnityEditor.QuickSearchModule:UnityEditor.Search:ASIAI0B' with importer (ScriptedImporter : UnityEditor.QuickSearchModule:UnityEditor.Search:ASIAI0B)
Imported 'GUID: c8d12adcee749c344b8117cf7c7eb912' -> (Import Result ID: 'badc7671e971a347adf0bf9671e24c33') in 0.137 seconds [static and dynamic dependencies]. Details - ImportResultOutputID=035b09d92bdc04df8018ea40f0905e8d DependenciesID=ed1f16cdb816e1460584bf94799b70fc StaticDependenciesID=7dde3d22ed4d8304b7d3f1f7cb9bacc7 
Number of updated asset objects reloaded before import = 0
Number of asset objects unloaded after import = 1
========================================================================
Received Import Request.
  Time of request: 2026-09-20T16:57:36.3685674Z
  Time since last request: 0.0001439 seconds.
  importAddress: GUID: e9f693669af91aa45ad615fc681ed29f - Path: Assets/TextMesh Pro/Shaders - Importer: ScriptedImporter/UnityEditor.QuickSearchModule:UnityEditor.Search:ASIAI0B
Importing 'GUID: e9f693669af91aa45ad615fc681ed29f - Path: Assets/TextMesh Pro/Shaders - Importer: ScriptedImporter/UnityEditor.QuickSearchModule:UnityEditor.Search:ASIAI0B' with importer (ScriptedImporter : UnityEditor.QuickSearchModule:UnityEditor.Search:ASIAI0B)
Imported 'GUID: e9f693669af91aa45ad615fc681ed29f' -> (Import Result ID: '5a24d02af2ccb30178a3bd4bce4b9498') in 2.632 seconds [static and dynamic dependencies]. Details - ImportResultOutputID=d800f62258864f4f4cc7c0d78d3ec567 DependenciesID=11d6a76ccb69948ebacfa73e6851be81 StaticDependenciesID=84d7ed11888875c1503e95fc9c53067b 
Number of updated asset objects reloaded before import = 0
Number of asset objects unloaded after import = 1
========================================================================
Received Import Request.
  Time of request: 2026-09-20T16:57:40.3419204Z
  Time since last request: 0.0000483 seconds.
  importAddress: GUID: 2e498d1c8094910479dc3e1b768306a4 - Path: Assets/TextMesh Pro/Resources/Fonts & Materials/LiberationSans SDF - Fallback.asset - Importer: ScriptedImporter/UnityEditor.QuickSearchModule:UnityEditor.Search:ASIAI0B
Importing 'GUID: 2e498d1c8094910479dc3e1b768306a4 - Path: Assets/TextMesh Pro/Resources/Fonts & Materials/LiberationSans SDF - Fallback.asset - Importer: ScriptedImporter/UnityEditor.QuickSearchModule:UnityEditor.Search:ASIAI0B' with importer (ScriptedImporter : UnityEditor.QuickSearchModule:UnityEditor.Search:ASIAI0B)
Imported 'GUID: 2e498d1c8094910479dc3e1b768306a4' -> (Import Result ID: 'c6f06a5f10e3cb712114d5798c12d099') in 0.064 seconds [static and dynamic dependencies]. Details - ImportResultOutputID=c9efe49463b38bbf810a07dc1cf4100e DependenciesID=671ce307ff1e77af4e03339cdd65d7fc StaticDependenciesID=6f47e8aaee87e94a16d56f7c733472ef 
Number of updated asset objects reloaded before import = 0
Number of asset objects unloaded after import = 6
========================================================================
Received Import Request.
  Time of request: 2026-09-20T16:57:40.527911Z
  Time since last request: 0.000987 seconds.
  importAddress: GUID: f54d1bd14bd3ca042bd867b519fee8cc - Path: Assets/TextMesh Pro - Importer: ScriptedImporter/UnityEditor.QuickSearchModule:UnityEditor.Search:ASIAI0B
Importing 'GUID: f54d1bd14bd3ca042bd867b519fee8cc - Path: Assets/TextMesh Pro - Importer: ScriptedImporter/UnityEditor.QuickSearchModule:UnityEditor.Search:ASIAI0B' with importer (ScriptedImporter : UnityEditor.QuickSearchModule:UnityEditor.Search:ASIAI0B)
Imported 'GUID: f54d1bd14bd3ca042bd867b519fee8cc' -> (Import Result ID: '409c745be0faf42bf7c8a79746afc32d') in 0.010 seconds [static and dynamic dependencies]. Details - ImportResultOutputID=91be1e41f12b787160adfc49c11e27a8 DependenciesID=e6f689fb7d040eb8c5eb0f9536cc1828 StaticDependenciesID=531864a20cf5c91c3f01f74fc756604d 
Number of updated asset objects reloaded before import = 0
Number of asset objects unloaded after import = 1
========================================================================
Received Import Request.
  Time of request: 2026-09-20T16:57:40.5939586Z
  Time since last request: 0.0032063 seconds.
  importAddress: GUID: f952c082cb03451daed3ee968ac6c63e - Path: Assets/TextMesh Pro/Resources/Style Sheets/Default Style Sheet.asset - Importer: ScriptedImporter/UnityEditor.QuickSearchModule:UnityEditor.Search:ASIAI0B
Importing 'GUID: f952c082cb03451daed3ee968ac6c63e - Path: Assets/TextMesh Pro/Resources/Style Sheets/Default Style Sheet.asset - Importer: ScriptedImporter/UnityEditor.QuickSearchModule:UnityEditor.Search:ASIAI0B' with importer (ScriptedImporter : UnityEditor.QuickSearchModule:UnityEditor.Search:ASIAI0B)
Imported 'GUID: f952c082cb03451daed3ee968ac6c63e' -> (Import Result ID: '32dc474c0b186037f1551d7be6568ff1') in 0.009 seconds [static and dynamic dependencies]. Details - ImportResultOutputID=b0fee10798fdb6b1735382f4a067eed2 DependenciesID=67ee859cf9b1eea2ce91d94bd21a8702 StaticDependenciesID=903e1dee60a4a5187d80f0f3192c122c 
Number of updated asset objects reloaded before import = 0
Number of asset objects unloaded after import = 1
========================================================================
Received Import Request.
  Time of request: 2026-09-20T16:57:40.6312369Z
  Time since last request: 0.0019716 seconds.
  importAddress: GUID: d930090c0cd643c7b55f19a38538c162 - Path: Assets/TextMesh Pro/Shaders/TMPro_Surface.cginc - Importer: ScriptedImporter/UnityEditor.QuickSearchModule:UnityEditor.Search:ASIAI0B
Importing 'GUID: d930090c0cd643c7b55f19a38538c162 - Path: Assets/TextMesh Pro/Shaders/TMPro_Surface.cginc - Importer: ScriptedImporter/UnityEditor.QuickSearchModule:UnityEditor.Search:ASIAI0B' with importer (ScriptedImporter : UnityEditor.QuickSearchModule:UnityEditor.Search:ASIAI0B)
Imported 'GUID: d930090c0cd643c7b55f19a38538c162' -> (Import Result ID: 'cdcaee95cea1f072e4b57fed441f1f02') in 0.004 seconds [static and dynamic dependencies]. Details - ImportResultOutputID=0ea3d845a8b89ab3077fcbc37898d43e DependenciesID=1f35793e1d68b1d399dd417a6df8bb97 StaticDependenciesID=01fa384738023a1a32686b5f435f94a3 
Number of updated asset objects reloaded before import = 0
Number of asset objects unloaded after import = 1
========================================================================
Received Import Request.
  Time of request: 2026-09-20T16:57:40.6716249Z
  Time since last request: 0.0008215 seconds.
  importAddress: GUID: fe393ace9b354375a9cb14cdbbc28be4 - Path: Assets/TextMesh Pro/Shaders/TMP_SDF-Mobile.shader - Importer: ScriptedImporter/UnityEditor.QuickSearchModule:UnityEditor.Search:ASIAI0B
Importing 'GUID: fe393ace9b354375a9cb14cdbbc28be4 - Path: Assets/TextMesh Pro/Shaders/TMP_SDF-Mobile.shader - Importer: ScriptedImporter/UnityEditor.QuickSearchModule:UnityEditor.Search:ASIAI0B' with importer (ScriptedImporter : UnityEditor.QuickSearchModule:UnityEditor.Search:ASIAI0B)
Imported 'GUID: fe393ace9b354375a9cb14cdbbc28be4' -> (Import Result ID: 'de565f8121187b978c4026373db365c3') in 0.019 seconds [static and dynamic dependencies]. Details - ImportResultOutputID=ca36ba890a8f29f993cc2740f41e090a DependenciesID=3224a86f268c2c03936a59784c5b70a0 StaticDependenciesID=9a17250ff5e70435394fa698c19b403d 
Number of updated asset objects reloaded before import = 0
Number of asset objects unloaded after import = 1
========================================================================
Received Import Request.
  Time of request: 2026-09-20T16:57:40.7608447Z
  Time since last request: 0.0043722 seconds.
  importAddress: GUID: 14eb328de4b8eb245bb7cea29e4ac00b - Path: Assets/TextMesh Pro/Shaders/TMP_SDF SSD.shader - Importer: ScriptedImporter/UnityEditor.QuickSearchModule:UnityEditor.Search:ASIAI0B
Importing 'GUID: 14eb328de4b8eb245bb7cea29e4ac00b - Path: Assets/TextMesh Pro/Shaders/TMP_SDF SSD.shader - Importer: ScriptedImporter/UnityEditor.QuickSearchModule:UnityEditor.Search:ASIAI0B' with importer (ScriptedImporter : UnityEditor.QuickSearchModule:UnityEditor.Search:ASIAI0B)
Imported 'GUID: 14eb328de4b8eb245bb7cea29e4ac00b' -> (Import Result ID: '04df812d033fe38ad8fa9f98ff52524f') in 0.019 seconds [static and dynamic dependencies]. Details - ImportResultOutputID=65bf0976b6163dab552883442ba630eb DependenciesID=73fca69114d180f9e69ef001fbf051a7 StaticDependenciesID=d047cea5db06556051c23dabab78b8b9 
Number of updated asset objects reloaded before import = 0
Number of asset objects unloaded after import = 2
========================================================================
Received Import Request.
  Time of request: 2026-09-20T16:57:40.8469077Z
  Time since last request: 0.0007349 seconds.
  importAddress: GUID: 128e987d567d4e2c824d754223b3f3b0 - Path: Assets/TextMesh Pro/Shaders/TMP_Bitmap.shader - Importer: ScriptedImporter/UnityEditor.QuickSearchModule:UnityEditor.Search:ASIAI0B
Importing 'GUID: 128e987d567d4e2c824d754223b3f3b0 - Path: Assets/TextMesh Pro/Shaders/TMP_Bitmap.shader - Importer: ScriptedImporter/UnityEditor.QuickSearchModule:UnityEditor.Search:ASIAI0B' with importer (ScriptedImporter : UnityEditor.QuickSearchModule:UnityEditor.Search:ASIAI0B)
Imported 'GUID: 128e987d567d4e2c824d754223b3f3b0' -> (Import Result ID: 'cd1ea0dcec1fc6a6eaf91822ec598937') in 0.010 seconds [static and dynamic dependencies]. Details - ImportResultOutputID=3589a12b8383239d27978819f208d2fe DependenciesID=9bf88db65231522e6b8e04b33321d6eb StaticDependenciesID=82bb7749bb4acbfca556a3834bbd64de 
Number of updated asset objects reloaded before import = 0
Number of asset objects unloaded after import = 1
========================================================================
Received Import Request.
  Time of request: 2026-09-20T16:57:41.2832958Z
  Time since last request: 0.35772 seconds.
  importAddress: GUID: fee357162a598784aad69a17c8c77cc4 - Path: Assets/Solid_black.svg.png - Importer: ScriptedImporter/UnityEditor.QuickSearchModule:UnityEditor.Search:ASIAI0B
Importing 'GUID: fee357162a598784aad69a17c8c77cc4 - Path: Assets/Solid_black.svg.png - Importer: ScriptedImporter/UnityEditor.QuickSearchModule:UnityEditor.Search:ASIAI0B' with importer (ScriptedImporter : UnityEditor.QuickSearchModule:UnityEditor.Search:ASIAI0B)
Imported 'GUID: fee357162a598784aad69a17c8c77cc4' -> (Import Result ID: 'ca300b02fb9cda17b365cdbaaf7d3b87') in 0.038 seconds [static and dynamic dependencies]. Details - ImportResultOutputID=549ddcf2b0da4d57d750ea6def43ce50 DependenciesID=7a4357fbf4c8c08f258dcd286e2032d7 StaticDependenciesID=e49a82d079a3ada3a2b8e343591ca54b 
Number of updated asset objects reloaded before import = 0
Number of asset objects unloaded after import = 1
========================================================================
Received Prepare
AcceleratorClientConnectionCallback - disconnected - :0
'Packages/com.unity.render-pipelines.core/Editor/Deprecated.cs' contains partial class of Unity.Object, exactly 1 of the partial classes needs to be in a file with the same filename. This is to know the one that can be referenced from ie. GameObjects
'Packages/com.unity.render-pipelines.core/Editor/Deprecated.cs' contains partial class of Unity.Object, exactly 1 of the partial classes needs to be in a file with the same filename. This is to know the one that can be referenced from ie. GameObjects
Refreshing native plugins compatible for Editor in 3.97 ms, found 3 plugins.
Unloading 42 Unused Serialized files (Serialized files now loaded: 0)
Unloading 4990 unused Assets / (7.0 MB). Loaded Objects now: 5994.
Memory consumption went from 332.7 MB to 325.7 MB.
Total: 22.421100 ms (FindLiveObjects: 1.740900 ms CreateObjectMapping: 1.333500 ms MarkObjects: 14.936200 ms  DeleteObjects: 4.023200 ms)

Prepare: number of updated asset objects reloaded= 0
========================================================================
Received Import Request.
  Time of request: 2026-09-20T17:07:08.4765388Z
  Time since last request: 567.04555900000003 seconds.
  importAddress: GUID: 0147bc62fbb120546854fa4630e03d39 - Path: Assets/moveScript.cs - Importer: ScriptedImporter/UnityEditor.QuickSearchModule:UnityEditor.Search:ASIAI0B
Importing 'GUID: 0147bc62fbb120546854fa4630e03d39 - Path: Assets/moveScript.cs - Importer: ScriptedImporter/UnityEditor.QuickSearchModule:UnityEditor.Search:ASIAI0B' with importer (ScriptedImporter : UnityEditor.QuickSearchModule:UnityEditor.Search:ASIAI0B)
Imported 'GUID: 0147bc62fbb120546854fa4630e03d39' -> (Import Result ID: '81dc047383a8509688a76f0066f091ee') in 0.006 seconds [static and dynamic dependencies]. Details - ImportResultOutputID=9f45e5b508e4dc97c544db89db272195 DependenciesID=185cec0de9860cb708e358e168d1d22d StaticDependenciesID=3b3f24ba937b1856e4923c1f50b187bd 
Number of updated asset objects reloaded before import = 0
Number of asset objects unloaded after import = 0
========================================================================
Received Prepare
AcceleratorClientConnectionCallback - disconnected - :0
[Licensing::Client] Successfully resolved entitlement details
Begin MonoManager ReloadAssembly
'Packages/com.unity.render-pipelines.core/Editor/Deprecated.cs' contains partial class of Unity.Object, exactly 1 of the partial classes needs to be in a file with the same filename. This is to know the one that can be referenced from ie. GameObjects
'Packages/com.unity.render-pipelines.core/Editor/Deprecated.cs' contains partial class of Unity.Object, exactly 1 of the partial classes needs to be in a file with the same filename. This is to know the one that can be referenced from ie. GameObjects
Refreshing native plugins compatible for Editor in 3.25 ms, found 3 plugins.
Native extension for WindowsStandalone target not found
[Package Manager] Failed to launch server process. Reason: Unity was launched with the -noUpm command-line argument
[Package Manager] Unable to send message (not connected to server process).
[Package Manager] Cannot connect to Unity Package Manager local server
[Package Manager] Failed to launch server process. Reason: Unity was launched with the -noUpm command-line argument
[Package Manager] Unable to send message (not connected to server process).
[Package Manager] Cannot connect to Unity Package Manager local server
ScheduleIndexationOnStartup MainProcess:False IndexOnStartup:True
Scripting: successfully reloaded assembly
- Finished resetting the current domain, in 15.029 seconds
Domain Reload Profiling: 17243ms
	BeginReloadAssembly (555ms)
		DisableScriptedObjects (27ms)
		CreateAndSetChildDomain (185ms)
	RebuildCommonClasses (15ms)
	RebuildNativeTypeToScriptingClass (26ms)
	initialDomainReloadingComplete (122ms)
	LoadAllAssembliesAndSetupDomain (1489ms)
		LoadAssemblies (1005ms)
		TypeCache.Refresh (34ms)
		AnalyzeDomain (354ms)
			BuildScriptInfoCaches (336ms)
			ResolveRequiredComponents (10ms)
	FinalizeReload (15036ms)
		SetupLoadedEditorAssemblies (0ms)
			LogAssemblyErrors (3ms)
			InitializePlatformSupportModulesInManaged (4ms)
			BeforeProcessingInitializeOnLoad (244ms)
			ProcessInitializeOnLoadAttributes (6540ms)
			ProcessInitializeOnLoadMethodAttributes (1549ms)
			AfterProcessingInitializeOnLoad (93ms)
			EditorAssembliesLoaded (12ms)
		AwakeInstancesAfterBackupRestoration (234ms)
Refreshing native plugins compatible for Editor in 16.03 ms, found 3 plugins.
Unloading 42 Unused Serialized files (Serialized files now loaded: 0)
Unloading 4999 unused Assets / (6.5 MB). Loaded Objects now: 5997.
Memory consumption went from 334.5 MB to 328.0 MB.
Total: 58.989100 ms (FindLiveObjects: 4.988400 ms CreateObjectMapping: 3.950100 ms MarkObjects: 32.807700 ms  DeleteObjects: 11.316600 ms)

Prepare: number of updated asset objects reloaded= 0
========================================================================
Received Prepare
AcceleratorClientConnectionCallback - disconnected - :0
'Packages/com.unity.render-pipelines.core/Editor/Deprecated.cs' contains partial class of Unity.Object, exactly 1 of the partial classes needs to be in a file with the same filename. This is to know the one that can be referenced from ie. GameObjects
'Packages/com.unity.render-pipelines.core/Editor/Deprecated.cs' contains partial class of Unity.Object, exactly 1 of the partial classes needs to be in a file with the same filename. This is to know the one that can be referenced from ie. GameObjects
Refreshing native plugins compatible for Editor in 2.47 ms, found 3 plugins.
Unloading 42 Unused Serialized files (Serialized files now loaded: 0)
Unloading 4990 unused Assets / (6.2 MB). Loaded Objects now: 5997.
Memory consumption went from 336.5 MB to 330.3 MB.
Total: 18.625800 ms (FindLiveObjects: 1.506900 ms CreateObjectMapping: 1.141400 ms MarkObjects: 11.406800 ms  DeleteObjects: 4.073000 ms)

Prepare: number of updated asset objects reloaded= 0
========================================================================
Received Prepare
AcceleratorClientConnectionCallback - disconnected - :0
'Packages/com.unity.render-pipelines.core/Editor/Deprecated.cs' contains partial class of Unity.Object, exactly 1 of the partial classes needs to be in a file with the same filename. This is to know the one that can be referenced from ie. GameObjects
'Packages/com.unity.render-pipelines.core/Editor/Deprecated.cs' contains partial class of Unity.Object, exactly 1 of the partial classes needs to be in a file with the same filename. This is to know the one that can be referenced from ie. GameObjects
Refreshing native plugins compatible for Editor in 2.80 ms, found 3 plugins.
Unloading 42 Unused Serialized files (Serialized files now loaded: 0)
Unloading 4990 unused Assets / (6.6 MB). Loaded Objects now: 5997.
Memory consumption went from 338.4 MB to 331.8 MB.
Total: 14.393100 ms (FindLiveObjects: 1.374400 ms CreateObjectMapping: 1.046700 ms MarkObjects: 9.155000 ms  DeleteObjects: 2.506700 ms)

Prepare: number of updated asset objects reloaded= 0
========================================================================
Received Prepare
AcceleratorClientConnectionCallback - disconnected - :0
'Packages/com.unity.render-pipelines.core/Editor/Deprecated.cs' contains partial class of Unity.Object, exactly 1 of the partial classes needs to be in a file with the same filename. This is to know the one that can be referenced from ie. GameObjects
'Packages/com.unity.render-pipelines.core/Editor/Deprecated.cs' contains partial class of Unity.Object, exactly 1 of the partial classes needs to be in a file with the same filename. This is to know the one that can be referenced from ie. GameObjects
Refreshing native plugins compatible for Editor in 2.75 ms, found 3 plugins.
Unloading 42 Unused Serialized files (Serialized files now loaded: 0)
Unloading 4990 unused Assets / (6.9 MB). Loaded Objects now: 5997.
Memory consumption went from 340.3 MB to 333.4 MB.
Total: 14.537500 ms (FindLiveObjects: 1.436500 ms CreateObjectMapping: 1.056300 ms MarkObjects: 8.917700 ms  DeleteObjects: 2.813900 ms)

Prepare: number of updated asset objects reloaded= 0
========================================================================
Received Prepare
AcceleratorClientConnectionCallback - disconnected - :0
[Licensing::Client] Successfully resolved entitlement details
Begin MonoManager ReloadAssembly
'Packages/com.unity.render-pipelines.core/Editor/Deprecated.cs' contains partial class of Unity.Object, exactly 1 of the partial classes needs to be in a file with the same filename. This is to know the one that can be referenced from ie. GameObjects
'Packages/com.unity.render-pipelines.core/Editor/Deprecated.cs' contains partial class of Unity.Object, exactly 1 of the partial classes needs to be in a file with the same filename. This is to know the one that can be referenced from ie. GameObjects
Refreshing native plugins compatible for Editor in 2.59 ms, found 3 plugins.
Native extension for WindowsStandalone target not found
[Package Manager] Failed to launch server process. Reason: Unity was launched with the -noUpm command-line argument
[Package Manager] Unable to send message (not connected to server process).
[Package Manager] Cannot connect to Unity Package Manager local server
[Package Manager] Failed to launch server process. Reason: Unity was launched with the -noUpm command-line argument
[Package Manager] Unable to send message (not connected to server process).
[Package Manager] Cannot connect to Unity Package Manager local server
ScheduleIndexationOnStartup MainProcess:False IndexOnStartup:True
Scripting: successfully reloaded assembly
- Finished resetting the current domain, in  1.218 seconds
Domain Reload Profiling: 7113ms
	BeginReloadAssembly (529ms)
		DisableScriptedObjects (25ms)
		CreateAndSetChildDomain (99ms)
	RebuildCommonClasses (18ms)
	RebuildNativeTypeToScriptingClass (36ms)
	initialDomainReloadingComplete (134ms)
	LoadAllAssembliesAndSetupDomain (5176ms)
		LoadAssemblies (914ms)
		TypeCache.Refresh (18ms)
		AnalyzeDomain (2514ms)
			BuildScriptInfoCaches (2434ms)
			ResolveRequiredComponents (57ms)
	FinalizeReload (1220ms)
		SetupLoadedEditorAssemblies (0ms)
			LogAssemblyErrors (19ms)
			InitializePlatformSupportModulesInManaged (3ms)
			BeforeProcessingInitializeOnLoad (172ms)
			ProcessInitializeOnLoadAttributes (380ms)
			ProcessInitializeOnLoadMethodAttributes (208ms)
			AfterProcessingInitializeOnLoad (39ms)
			EditorAssembliesLoaded (3ms)
		AwakeInstancesAfterBackupRestoration (47ms)
Refreshing native plugins compatible for Editor in 5.86 ms, found 3 plugins.
Unloading 42 Unused Serialized files (Serialized files now loaded: 0)
Unloading 4999 unused Assets / (7.8 MB). Loaded Objects now: 6000.
Memory consumption went from 342.1 MB to 334.3 MB.
Total: 11.456400 ms (FindLiveObjects: 1.306100 ms CreateObjectMapping: 0.946300 ms MarkObjects: 6.280900 ms  DeleteObjects: 2.612000 ms)

Prepare: number of updated asset objects reloaded= 0
========================================================================
Received Prepare
AcceleratorClientConnectionCallback - disconnected - :0
Refreshing native plugins compatible for Editor in 9.51 ms, found 3 plugins.
Unloading 42 Unused Serialized files (Serialized files now loaded: 0)
Unloading 42 unused Assets / (4.0 MB). Loaded Objects now: 6000.
Memory consumption went from 340.6 MB to 336.7 MB.
Total: 54.307200 ms (FindLiveObjects: 1.989100 ms CreateObjectMapping: 1.656100 ms MarkObjects: 46.511200 ms  DeleteObjects: 3.461700 ms)

Prepare: number of updated asset objects reloaded= 0
Editor requested this worker to shutdown with reason: Editor is closing down
AssetImportWorkerClient::OnTransportError - code=2 error=End of file
AcceleratorClientConnectionCallback - disconnected - :0
AssetImportWorker is now disconnected from the server
Process exiting
[ExitDontLaunchBugReporter] Exiting without the bug reporter. Application will exit with return code 0
