VBCSCompilerPreWarmer: pre-warm launched (dotnet PID 23492)
VBCSCompiler prewarm took 99.65 ms
[Licensing::Module] Trying to connect to existing licensing client channel...
[Licensing::IpcConnector] Successfully connected to: "LicenseClient-erik1984" at "2026-09-16T17:12:16.9081456Z"
Built from '6000.6/respin/6000.6.0f1-fa21a270ab12' branch; Version is '6000.6.0f1 (f7f8ed4d1e24) revision 16251117'; Using compiler version '194234433'; Build Type 'Release'
OS: 'Windows 11  (10.0.26200) Professional' Language: 'en' Physical Memory: 16075 MB
BatchMode: 0, IsHumanControllingUs: 1, StartBugReporterOnCrash: 1, Is64bit: 1
System  architecture: x64
Process architecture: x64
Date: 2026-09-16T17:12:16Z
[Licensing::Client] Code 10 while verifying Licensing Client signature (process Id: 17704, path: "C:/Program Files/Unity Hub/UnityLicensingClient_V1/Unity.Licensing.Client.exe")
[Licensing::Module] LicensingClient has failed validation; ignoring
[Licensing::Client] Handshaking with LicensingClient:
  Version:                 1.18.3+d7ffd15
  Session Id:              660637a3feca4c25be94fd5cd93f4307
  Correlation Id:          14e5c0213d83badbf2bb8aee405246a0
  External correlation Id: 358418170126245083
  Machine Id:              EumUUpzsgCqVS6b43t6iMy9DaCM=
[Licensing::Module] Successfully connected to LicensingClient on channel: "LicenseClient-erik1984" (connect: 0.00s, validation: 0.01s, handshake: 0.17s)
[Licensing::IpcConnector] Successfully connected to: "LicenseClient-erik1984-notifications" at "2026-09-16T17:12:17.087852Z"
[Licensing::Client] Successfully updated the access token
[Licensing::Module] Successfully updated the access token kxe3cqGyME...
[Licensing::Client] Successfully resolved entitlement details
[Licensing::Module] License group:
  Id: 20067644754863-UnityPersXXXX
  Product: Unity Personal
  Type: Assigned
  Expiration: Unlimited
[Licensing::Client] Successfully updated license, isAsync: True, time: 0.04
[Licensing::Client] Successfully resolved entitlement details
[Licensing::Module] Licensing Background thread has ended after 0.34s

COMMAND LINE ARGUMENTS:
C:\Program Files\Unity\Hub\Editor\6000.6.0f1-x86_64\Editor\Unity.exe
-createproject
C:\Users\esims\movindacube
-cloneFromTemplate
C:\Users\esims\AppData\Roaming\UnityHub\Templates\com.unity.template.urp-blank-17.2.5.tgz
-cloudOrganization
20067644754870
-cloudProject
994ba633-6813-407c-bb42-8ab870a7af42
-cloudEnvironment
production
-useHub
-hubIPC
-hubSessionId
b6d24763-535b-4024-8cba-9324cc6633e7
-accessToken
kxe3cqGyME8MujPtDofaTHk7odtUtm_0rDdUuItreLE012f
C:/Users/esims/movindacube
[UnityMemory] Configuration Parameters - Can be set up in boot.config
    "memorysetup-temp-allocator-size-gi-baking-worker=262144"
    "memorysetup-temp-allocator-size-gi-baking-worker=262144"
    "memorysetup-temp-allocator-size-gi-baking-worker=262144"
    "memorysetup-temp-allocator-size-gi-baking-worker=262144"
    "memorysetup-temp-allocator-size-gi-baking-worker=262144"
    "memorysetup-temp-allocator-size-nav-mesh-worker=65536"
    "memorysetup-temp-allocator-size-audio-worker=65536"
    "memorysetup-temp-allocator-size-cloud-worker=32768"
    "memorysetup-temp-allocator-size-gfx=262144"
    "memorysetup-remapper-allocator-initial-capacity=32768"
    "memorysetup-temp-allocator-size-preload-manager=33554432"
    "memorysetup-allocator-temp-initial-block-size-main=262144"
    "memorysetup-allocator-temp-initial-block-size-worker=262144"
    "memorysetup-temp-allocator-size-job-worker=262144"
    "memorysetup-temp-allocator-size-background-worker=32768"
    "memorysetup-bucket-allocator-granularity=16"
    "memorysetup-bucket-allocator-bucket-count=8"
    "memorysetup-bucket-allocator-block-size=33554432"
    "memorysetup-bucket-allocator-block-count=8"
    "memorysetup-main-allocator-block-size=16777216"
    "memorysetup-thread-allocator-block-size=16777216"
    "memorysetup-main-allocator-mimalloc-enabled=1"
    "memorysetup-gfx-main-allocator-block-size=16777216"
    "memorysetup-gfx-thread-allocator-block-size=16777216"
    "memorysetup-cache-allocator-block-size=4194304"
    "memorysetup-typetree-allocator-block-size=2097152"
    "memorysetup-profiler-bucket-allocator-granularity=16"
    "memorysetup-profiler-bucket-allocator-bucket-count=8"
    "memorysetup-profiler-bucket-allocator-block-size=33554432"
    "memorysetup-profiler-bucket-allocator-block-count=8"
    "memorysetup-profiler-allocator-block-size=16777216"
    "memorysetup-profiler-editor-allocator-block-size=1048576"
    "memorysetup-temp-allocator-size-main=16777216"
    "memorysetup-job-temp-allocator-block-size=2097152"
    "memorysetup-job-temp-allocator-block-size-background=1048576"
    "memorysetup-job-temp-allocator-reduction-small-platforms=262144"
Player connection [13788]  Target information:

Player connection [13788]  * "[IP] 172.24.160.1 [Port] 55504 [Flags] 2 [Guid] 3893163575 [EditorId] 3893163575 [Version] 1048832 [Id] WindowsEditor(7,DESKTOP-20E1QAH) [Debug] 1 [PackageName] WindowsEditor [ProjectName] Editor" 

Player connection [13788]  * "[IP] 192.168.0.99 [Port] 55504 [Flags] 2 [Guid] 3893163575 [EditorId] 3893163575 [Version] 1048832 [Id] WindowsEditor(7,DESKTOP-20E1QAH) [Debug] 1 [PackageName] WindowsEditor [ProjectName] Editor" 

Player connection [13788] Host joined multi-casting on [225.0.0.222:54997]...
Player connection [13788] Host joined alternative multi-casting on [225.0.0.222:34997]...
Input System module state changed to: Initialized.
[Physics::Module] Initialized fallback backend.
[Physics::Module] Id: 0xdecafbad
[Package Manager] Connected to IPC stream "Upm-28980" after 0.0 seconds.
[Licensing::Client] Successfully resolved entitlement details
Library Redirect Path: Library/
Initialising UDS system complete:
  - System type: Client
  - Resource namespace: 68303160570f8508e0e250c5846bdc6c
  - Shared memory size: 1073741824
  - Command buffer id: 1052576
  - Command buffer size: 8192
  - Hashmap size: 4194304
  - Service connected: false
Launching Unity Data Store - C:/Program Files/Unity/Hub/Editor/6000.6.0f1-x86_64/Editor/Data/Tools/Unity.DataStore.exe 
Unity Data Store artifact dir = Library/DataStore, working dir = C:/Users/esims/movindacube[Physics::Module] Selected backend.
[Physics::Module] Name: PhysX
[Physics::Module] Id: 0xf2b8ea05
[Physics::Module] SDK Version: 4.1.2
[Physics::Module] Integration Version: 1.0.0
[Physics::Module] Threading Mode: Multi-Threaded
Unity Data Store running and initialised
Initialize engine version: 6000.6.0f1 (f7f8ed4d1e24)
[EntityIdStore] init: VM path (explicit commit), pageSize=4096, blockCount=1048576, entitiesPerBlock=256, slots reserved=4294967296 bytes
[Subsystems] Discovering subsystems at path C:/Program Files/Unity/Hub/Editor/6000.6.0f1-x86_64/Editor/Data/Resources/UnitySubsystems
[Subsystems] Discovering subsystems at path C:/Users/esims/movindacube/Assets
[D3D12 Device Filter] Vendor Name: NVIDIA
[D3D12 Device Filter] Device Name: NVIDIA GeForce MX450
[D3D12 Device Filter] Driver Version: 32.0.15.5597
[D3D12 Device Filter] Feature Level: 12.1
[D3D12 Device Filter] Graphics Memory: 1906 MB
[D3D12 Device Filter] Processor Count: 8
[D3D12 Device Filter] Device Type: Discrete
[D3D12 Device Filter] D3D12 API denied by user filter: {"Graphics Memory Comparator": Less Than"Graphics Memory": "3600", "Device Type:": Do Not Care}
GfxDevice: creating device client; kGfxThreadingModeThreaded
Direct3D:
    Version:  Direct3D 11.0 [level 11.1]
    Renderer: NVIDIA GeForce MX450 (ID=0x1f97)
    Vendor:   NVIDIA
    VRAM:     1906 MB
    Driver:   32.0.15.5597
Initialize mono
Mono path[0] = 'C:/Program Files/Unity/Hub/Editor/6000.6.0f1-x86_64/Editor/Data/Managed'
Mono path[1] = 'C:/Program Files/Unity/Hub/Editor/6000.6.0f1-x86_64/Editor/Data/BCLExtensions/runtime/netstandard2.1'
Mono path[2] = 'C:/Program Files/Unity/Hub/Editor/6000.6.0f1-x86_64/Editor/Data/MonoBleedingEdge/lib/mono/unityjit-win32'
Mono config path = 'C:/Program Files/Unity/Hub/Editor/6000.6.0f1-x86_64/Editor/Data/MonoBleedingEdge/etc'
Using monoOptions --debugger-agent=transport=dt_socket,embedding=1,server=y,suspend=n,address=127.0.0.1:56980
CodeReloadManager initialized
ImportWorker Server TCP listen port: 0
AcceleratorClientConnectionCallback - disconnected - :0
Begin MonoManager ReloadAssembly
Registering precompiled unity dll's ...
Register platform support module: C:/Program Files/Unity/Hub/Editor/6000.6.0f1-x86_64/Editor/Data/PlaybackEngines/WindowsStandaloneSupport/UnityEditor.WindowsStandalone.Extensions.dll
Registered in 0.006223 seconds.
Native extension for WindowsStandalone target not found
Package Manager log level set to [2]
ScheduleIndexationOnStartup MainProcess:False IndexOnStartup:False
Scripting: successfully reloaded assembly
- Finished resetting the current domain, in  2.141 seconds
Domain Reload Profiling: 3422ms
	BeginReloadAssembly (281ms)
		CreateAndSetChildDomain (10ms)
	RebuildCommonClasses (13ms)
	RebuildNativeTypeToScriptingClass (43ms)
	initialDomainReloadingComplete (169ms)
	LoadAllAssembliesAndSetupDomain (772ms)
		LoadAssemblies (255ms)
		TypeCache.Refresh (509ms)
			TypeCache.ScanAssembly (474ms)
		AnalyzeDomain (4ms)
	FinalizeReload (2145ms)
		SetupLoadedEditorAssemblies (0ms)
			LogAssemblyErrors (4ms)
			InitializePlatformSupportModulesInManaged (5ms)
			BeforeProcessingInitializeOnLoad (264ms)
			ProcessInitializeOnLoadAttributes (272ms)
			ProcessInitializeOnLoadMethodAttributes (1001ms)
			EditorAssembliesLoaded (3ms)
[Licensing::Client] Successfully resolved entitlement details
Application.AssetDatabase Initial Refresh Start
[Package Manager] Done resolving packages in 44.88 seconds
[Licensing::Client] Successfully resolved entitlement details
[Package Manager] Lock file was modified
[Package Manager] Registered 58 packages:
  Packages from [https://packages.unity.com]:
    com.unity.ai.navigation@2.0.14 (location: C:\Users\esims\movindacube\Library\PackageCache\com.unity.ai.navigation@134dd6a3b97b)
    com.unity.collab-proxy@2.13.6 (location: C:\Users\esims\movindacube\Library\PackageCache\com.unity.collab-proxy@4628d2ba6ea4)
    com.unity.ide.rider@3.0.40 (location: C:\Users\esims\movindacube\Library\PackageCache\com.unity.ide.rider@e4950c6d131b)
    com.unity.ide.visualstudio@2.0.27 (location: C:\Users\esims\movindacube\Library\PackageCache\com.unity.ide.visualstudio@dc1ddd4f09b6)
    com.unity.inputsystem@1.20.0 (location: C:\Users\esims\movindacube\Library\PackageCache\com.unity.inputsystem@7a4e1a2a8194)
    com.unity.searcher@4.9.5 (location: C:\Users\esims\movindacube\Library\PackageCache\com.unity.searcher@a463122f2c00)
    com.unity.profiling.core@1.0.3 (location: C:\Users\esims\movindacube\Library\PackageCache\com.unity.profiling.core@8a49f7027d06)
    com.unity.nuget.mono-cecil@1.11.6 (location: C:\Users\esims\movindacube\Library\PackageCache\com.unity.nuget.mono-cecil@ecb9724e46ff)
  Built-in packages:
    com.unity.render-pipelines.universal@17.6.0 (location: C:\Users\esims\movindacube\Library\PackageCache\com.unity.render-pipelines.universal@8457e85b8184)
    com.unity.test-framework@1.8.0 (location: C:\Users\esims\movindacube\Library\PackageCache\com.unity.test-framework@7a3849e09bd0)
    com.unity.timeline@6.6.0 (location: C:\Users\esims\movindacube\Library\PackageCache\com.unity.timeline@281d5f7e7d7d)
    com.unity.ugui@2.6.0 (location: C:\Users\esims\movindacube\Library\PackageCache\com.unity.ugui@23caec89ae27)
    com.unity.modules.accessibility@1.0.0 (location: C:\Users\esims\movindacube\Library\PackageCache\com.unity.modules.accessibility)
    com.unity.modules.adaptiveperformance@1.0.0 (location: C:\Users\esims\movindacube\Library\PackageCache\com.unity.modules.adaptiveperformance)
    com.unity.modules.ai@1.0.0 (location: C:\Users\esims\movindacube\Library\PackageCache\com.unity.modules.ai)
    com.unity.modules.androidjni@1.0.0 (location: C:\Users\esims\movindacube\Library\PackageCache\com.unity.modules.androidjni)
    com.unity.modules.animation@1.0.0 (location: C:\Users\esims\movindacube\Library\PackageCache\com.unity.modules.animation)
    com.unity.modules.assetbundle@1.0.0 (location: C:\Users\esims\movindacube\Library\PackageCache\com.unity.modules.assetbundle)
    com.unity.modules.audio@1.0.0 (location: C:\Users\esims\movindacube\Library\PackageCache\com.unity.modules.audio)
    com.unity.modules.cloth@1.0.0 (location: C:\Users\esims\movindacube\Library\PackageCache\com.unity.modules.cloth)
    com.unity.modules.director@1.0.0 (location: C:\Users\esims\movindacube\Library\PackageCache\com.unity.modules.director)
    com.unity.modules.imageconversion@1.0.0 (location: C:\Users\esims\movindacube\Library\PackageCache\com.unity.modules.imageconversion)
    com.unity.modules.imgui@1.0.0 (location: C:\Users\esims\movindacube\Library\PackageCache\com.unity.modules.imgui)
    com.unity.modules.jsonserialize@1.0.0 (location: C:\Users\esims\movindacube\Library\PackageCache\com.unity.modules.jsonserialize)
    com.unity.modules.particlesystem@1.0.0 (location: C:\Users\esims\movindacube\Library\PackageCache\com.unity.modules.particlesystem)
    com.unity.modules.physics@1.0.0 (location: C:\Users\esims\movindacube\Library\PackageCache\com.unity.modules.physics)
    com.unity.modules.physics2d@1.0.0 (location: C:\Users\esims\movindacube\Library\PackageCache\com.unity.modules.physics2d)
    com.unity.modules.physicscore2d@1.0.0 (location: C:\Users\esims\movindacube\Library\PackageCache\com.unity.modules.physicscore2d)
    com.unity.modules.screencapture@1.0.0 (location: C:\Users\esims\movindacube\Library\PackageCache\com.unity.modules.screencapture)
    com.unity.modules.terrain@1.0.0 (location: C:\Users\esims\movindacube\Library\PackageCache\com.unity.modules.terrain)
    com.unity.modules.terrainphysics@1.0.0 (location: C:\Users\esims\movindacube\Library\PackageCache\com.unity.modules.terrainphysics)
    com.unity.modules.tetgen@1.0.0 (location: C:\Users\esims\movindacube\Library\PackageCache\com.unity.modules.tetgen)
    com.unity.modules.tilemap@1.0.0 (location: C:\Users\esims\movindacube\Library\PackageCache\com.unity.modules.tilemap)
    com.unity.modules.timelinefoundation@1.0.0 (location: C:\Users\esims\movindacube\Library\PackageCache\com.unity.modules.timelinefoundation)
    com.unity.modules.ui@1.0.0 (location: C:\Users\esims\movindacube\Library\PackageCache\com.unity.modules.ui)
    com.unity.modules.uielements@1.0.0 (location: C:\Users\esims\movindacube\Library\PackageCache\com.unity.modules.uielements)
    com.unity.modules.umbra@1.0.0 (location: C:\Users\esims\movindacube\Library\PackageCache\com.unity.modules.umbra)
    com.unity.modules.unityanalytics@1.0.0 (location: C:\Users\esims\movindacube\Library\PackageCache\com.unity.modules.unityanalytics)
    com.unity.modules.unitywebrequest@1.0.0 (location: C:\Users\esims\movindacube\Library\PackageCache\com.unity.modules.unitywebrequest)
    com.unity.modules.unitywebrequestassetbundle@1.0.0 (location: C:\Users\esims\movindacube\Library\PackageCache\com.unity.modules.unitywebrequestassetbundle)
    com.unity.modules.unitywebrequestaudio@1.0.0 (location: C:\Users\esims\movindacube\Library\PackageCache\com.unity.modules.unitywebrequestaudio)
    com.unity.modules.unitywebrequesttexture@1.0.0 (location: C:\Users\esims\movindacube\Library\PackageCache\com.unity.modules.unitywebrequesttexture)
    com.unity.modules.unitywebrequestwww@1.0.0 (location: C:\Users\esims\movindacube\Library\PackageCache\com.unity.modules.unitywebrequestwww)
    com.unity.modules.vectorgraphics@1.0.0 (location: C:\Users\esims\movindacube\Library\PackageCache\com.unity.modules.vectorgraphics)
    com.unity.modules.vehicles@1.0.0 (location: C:\Users\esims\movindacube\Library\PackageCache\com.unity.modules.vehicles)
    com.unity.modules.video@1.0.0 (location: C:\Users\esims\movindacube\Library\PackageCache\com.unity.modules.video)
    com.unity.modules.wind@1.0.0 (location: C:\Users\esims\movindacube\Library\PackageCache\com.unity.modules.wind)
    com.unity.modules.xr@1.0.0 (location: C:\Users\esims\movindacube\Library\PackageCache\com.unity.modules.xr)
    com.unity.modules.subsystems@1.0.0 (location: C:\Users\esims\movindacube\Library\PackageCache\com.unity.modules.subsystems)
    com.unity.modules.hierarchycore@1.0.0 (location: C:\Users\esims\movindacube\Library\PackageCache\com.unity.modules.hierarchycore)
    com.unity.ext.nunit@2.1.0 (location: C:\Users\esims\movindacube\Library\PackageCache\com.unity.ext.nunit@0198eae3b53e)
    com.unity.render-pipelines.core@17.6.0 (location: C:\Users\esims\movindacube\Library\PackageCache\com.unity.render-pipelines.core@2d66c71e606e)
    com.unity.shadergraph@17.6.0 (location: C:\Users\esims\movindacube\Library\PackageCache\com.unity.shadergraph@ef6135652377)
    com.unity.render-pipelines.universal-config@17.6.0 (location: C:\Users\esims\movindacube\Library\PackageCache\com.unity.render-pipelines.universal-config@561422b74439)
    com.unity.graph-authoring@1.0.0 (location: C:\Users\esims\movindacube\Library\PackageCache\com.unity.graph-authoring@cfd2588851ee)
    com.unity.burst@2.0.0 (location: C:\Users\esims\movindacube\Library\PackageCache\com.unity.burst@626e66ab421b)
    com.unity.collections@6.6.0 (location: C:\Users\esims\movindacube\Library\PackageCache\com.unity.collections@10fff0607388)
    com.unity.test-framework.performance@6.6.0 (location: C:\Users\esims\movindacube\Library\PackageCache\com.unity.test-framework.performance@0a60b857a52e)
[Subsystems] No new subsystems found in resolved package list.
[Package Manager] Done registering packages in 0.00 seconds
Asset Packages/com.unity.render-pipelines.universal/Runtime/RendererFeatures/ScreenSpaceReflectionRendererFeature/ScreenSpaceReflectionDepthNormalOnlyTransparentPass.cs has no meta file, but it's in an immutable folder. The asset will be ignored.
Asset Packages/com.unity.render-pipelines.universal/Tests/Editor/Tools/Converters/ReadonlyMaterialConverter/ReadonlyMaterialConverterTests.MaterialReferenceBuilder.cs has no meta file, but it's in an immutable folder. The asset will be ignored.
Asset Packages/com.unity.render-pipelines.universal/Tests/Editor/Tools/Converters/ReadonlyMaterialConverter/ReadonlyMaterialConverterTests.MaterialReferenceChanger.cs has no meta file, but it's in an immutable folder. The asset will be ignored.
AcceleratorClientConnectionCallback - disconnected - :0
[API Updater] Processing imported assemblies took 212 ms (0/0 assembly(ies)).
Assembly Updater Post Process Assets time: 0.217187s
[ScriptCompilation] Requested script compilation because: Assembly Definition File(s) changed
[ScriptCompilation] Requested script compilation because: AssetDatabase observed changes in script compilation related files
Starting: C:\Program Files\Unity\Hub\Editor\6000.6.0f1-x86_64\Editor\Data\Tools\BuildPipeline\bee_backend.exe --ipc --defer-dag-verification --dagfile="Library/Bee/1900b0aE.dag" --continue-on-failure --profile="Library/Bee/backend1.traceevents" ScriptAssemblies
WorkingDir: C:/Users/esims/movindacube
ExitCode: 4 Duration: 0s79ms
[             ] Require frontend run.  Library/Bee/1900b0aE.dag couldn't be loaded
Starting: C:\Program Files\Unity\Hub\Editor\6000.6.0f1-x86_64\Editor\Data\DotNetSdk\dotnet.exe "C:\Program Files\Unity\Hub\Editor\6000.6.0f1-x86_64\Editor\Data\Tools\BuildPipeline\ScriptCompilationBuildProgram.exe" "Library/Bee/1900b0aE.dag.json" "Library/Bee/1900b0aE-inputdata.json" "Library\Bee\buildprogram0.traceevents"
WorkingDir: C:/Users/esims/movindacube
ExitCode: 0 Duration: 2s200ms
Starting: C:\Program Files\Unity\Hub\Editor\6000.6.0f1-x86_64\Editor\Data\Tools\BuildPipeline\bee_backend.exe --ipc --defer-dag-verification --dagfile="Library/Bee/1900b0aE.dag" --continue-on-failure --dagfilejson="Library\Bee\1900b0aE.dag.json" --profile="Library/Bee/backend2.traceevents" ScriptAssemblies
WorkingDir: C:/Users/esims/movindacube
warn: Unity.ILPP.Runner.PostProcessingAssemblyLoadContext[0]
      Assembly system.runtime.interopservices.windowsruntime has duplicate hint path. Ignoring "C:\Program Files\Unity\Hub\Editor\6000.6.0f1-x86_64\Editor\Data\UnityReferenceAssemblies\unity-4.8-api\Facades\System.Runtime.InteropServices.WindowsRuntime.dll" in favor of "C:\Program Files\Unity\Hub\Editor\6000.6.0f1-x86_64\Editor\Data\NetStandard\Extensions\2.0.0\System.Runtime.InteropServices.WindowsRuntime.dll"
warn: Unity.ILPP.Runner.PostProcessingAssemblyLoadContext[0]
      Assembly system.componentmodel.composition has duplicate hint path. Ignoring "C:\Program Files\Unity\Hub\Editor\6000.6.0f1-x86_64\Editor\Data\UnityReferenceAssemblies\unity-4.8-api\System.ComponentModel.Composition.dll" in favor of "C:\Program Files\Unity\Hub\Editor\6000.6.0f1-x86_64\Editor\Data\NetStandard\compat\2.1.0\shims\netfx\System.ComponentModel.Composition.dll"
ExitCode: 0 Duration: 1m:27s
Finished compiling graph: 870 nodes, 16214 flattened edges (13814 ToBuild, 130 ToUse), maximum node priority 925
[  1/867    0s] WriteText Library/Bee/artifacts/1900b0aE.dag/UnityEngine.TestRunner.UnityAdditionalFile.txt
[  2/867    0s] WriteText Library/Bee/artifacts/1900b0aE.dag/UnityEngine.TestRunner.rsp2
[  3/867    0s] MovedFromExtractor Library/Bee/artifacts/mvdfrm/UnityEditor.SpriteMaskModule.dll_5FF664376BFF9CF6.mvfrm
[  4/867    0s] MovedFromExtractor Library/Bee/artifacts/mvdfrm/UnityEditor.ShaderCompilationModule.dll_F6768E3B28E8653D.mvfrm
[  5/867    0s] MovedFromExtractor Library/Bee/artifacts/mvdfrm/UnityEditor.SceneTemplateModule.dll_7F557603C32CCF25.mvfrm
[  6/867    0s] MovedFromExtractor Library/Bee/artifacts/mvdfrm/UnityEditor.ShaderPreprocessorModule.dll_3FD6A7E805BF77D9.mvfrm
[  7/867    0s] MovedFromExtractor Library/Bee/artifacts/mvdfrm/UnityEditor.SceneViewModule.dll_B49B30BC75974D50.mvfrm
[  8/867    0s] MovedFromExtractor Library/Bee/artifacts/mvdfrm/UnityEditor.ShaderBuildSettingsModule.dll_0986A8674705F08B.mvfrm
[  9/867    0s] MovedFromExtractor Library/Bee/artifacts/mvdfrm/UnityEditor.SketchUpModule.dll_DE4F68155CB151DC.mvfrm
[ 10/867    0s] MovedFromExtractor Library/Bee/artifacts/mvdfrm/UnityEditor.ShaderFoundryModule.dll_BE354646E5DC4BB3.mvfrm
[ 11/867    0s] MovedFromExtractor Library/Bee/artifacts/mvdfrm/UnityEditor.SyntaxTreeModule.dll_1C332A79964B8706.mvfrm
[ 12/867    0s] MovedFromExtractor Library/Bee/artifacts/mvdfrm/UnityEditor.SubstanceModule.dll_1FCADA8E102C584F.mvfrm
[ 13/867    0s] MovedFromExtractor Library/Bee/artifacts/mvdfrm/UnityEditor.SpriteShapeModule.dll_83BD36DE8890C09B.mvfrm
[ 14/867    0s] MovedFromExtractor Library/Bee/artifacts/mvdfrm/UnityEditor.TerrainModule.dll_A451CCA6F75DA794.mvfrm
[ 15/867    0s] MovedFromExtractor Library/Bee/artifacts/mvdfrm/UnityEditor.TilemapModule.dll_434E34280F1A889D.mvfrm
[ 16/867    0s] MovedFromExtractor Library/Bee/artifacts/mvdfrm/UnityEditor.TextCoreTextEngineModule.dll_64D9D4B6971A5E60.mvfrm
[ 17/867    0s] MovedFromExtractor Library/Bee/artifacts/mvdfrm/UnityEditor.TextCoreFontEngineModule.dll_1CF19E450796A542.mvfrm
[ 18/867    0s] MovedFromExtractor Library/Bee/artifacts/mvdfrm/UnityEditor.TextRenderingModule.dll_C8F8983F1589807E.mvfrm
[ 19/867    0s] MovedFromExtractor Library/Bee/artifacts/mvdfrm/UnityEditor.TreeModule.dll_9329A85A54EA8583.mvfrm
[ 20/867    0s] MovedFromExtractor Library/Bee/artifacts/mvdfrm/UnityEditor.U2DModule.dll_665AD5967B4A5FC6.mvfrm
[ 21/867    0s] MovedFromExtractor Library/Bee/artifacts/mvdfrm/UnityEditor.UIBuilderModule.dll_CA73FAD0F32CF976.mvfrm
[ 22/867    0s] MovedFromExtractor Library/Bee/artifacts/mvdfrm/UnityEditor.UIAutomationModule.dll_B6CC60769DCDA4A0.mvfrm
[ 23/867    0s] MovedFromExtractor Library/Bee/artifacts/mvdfrm/UnityEditor.TimelineFoundationModule.dll_1F371D51A1E90A79.mvfrm
[ 24/867    0s] MovedFromExtractor Library/Bee/artifacts/mvdfrm/UnityEditor.UIElementsSamplesModule.dll_EAA82BC345E4706D.mvfrm
[ 25/867    0s] MovedFromExtractor Library/Bee/artifacts/mvdfrm/UnityEditor.UIToolkitAuthoringModule.dll_504832D2261D2902.mvfrm
[ 26/867    0s] MovedFromExtractor Library/Bee/artifacts/mvdfrm/UnityEditor.UmbraModule.dll_7673F7C4EED8B6A8.mvfrm
[ 27/867    0s] MovedFromExtractor Library/Bee/artifacts/mvdfrm/UnityEditor.UnityConnectModule.dll_01657EFC263DC0FA.mvfrm
[ 28/867    0s] MovedFromExtractor Library/Bee/artifacts/mvdfrm/UnityEditor.VFXModule.dll_3A822AB345ADFF67.mvfrm
[ 29/867    0s] MovedFromExtractor Library/Bee/artifacts/mvdfrm/UnityEditor.VideoModule.dll_20A8D017244426DA.mvfrm
[ 30/867    0s] MovedFromExtractor Library/Bee/artifacts/mvdfrm/UnityEditor.VectorGraphicsModule.dll_8D13830BF6065833.mvfrm
[ 31/867    0s] MovedFromExtractor Library/Bee/artifacts/mvdfrm/UnityEditor.XRModule.dll_01772E72C71C02CF.mvfrm
[ 32/867    0s] MovedFromExtractor Library/Bee/artifacts/mvdfrm/UnityEditor.dll_424EE11706DF4611.mvfrm
[ 33/867    0s] MovedFromExtractor Library/Bee/artifacts/mvdfrm/UnityEngine.AIModule.dll_BEE1384AAB5D5E18.mvfrm
[ 34/867    0s] MovedFromExtractor Library/Bee/artifacts/mvdfrm/UnityEngine.ARModule.dll_7853FD4E087ABCE1.mvfrm
[ 35/867    0s] MovedFromExtractor Library/Bee/artifacts/mvdfrm/UnityEngine.AccessibilityModule.dll_B1FAE19AC3A2F6C2.mvfrm
[ 36/867    0s] MovedFromExtractor Library/Bee/artifacts/mvdfrm/UnityEngine.AndroidJNIModule.dll_4D2B14D486932FD6.mvfrm
[ 37/867    0s] MovedFromExtractor Library/Bee/artifacts/mvdfrm/UnityEngine.AssetBundleModule.dll_7021D912E5289916.mvfrm
[ 38/867    0s] MovedFromExtractor Library/Bee/artifacts/mvdfrm/UnityEngine.AnimationModule.dll_4470C9DD5AD154E8.mvfrm
[ 39/867    0s] MovedFromExtractor Library/Bee/artifacts/mvdfrm/UnityEngine.AdaptivePerformanceModule.dll_C1EFF674AF4C124E.mvfrm
[ 40/867    0s] MovedFromExtractor Library/Bee/artifacts/mvdfrm/UnityEngine.AudioModule.dll_C1CC0810932F3BDA.mvfrm
[ 41/867    0s] MovedFromExtractor Library/Bee/artifacts/mvdfrm/UnityEngine.BurstModule.dll_2AC3F968BA8553C4.mvfrm
[ 42/867    0s] MovedFromExtractor Library/Bee/artifacts/mvdfrm/UnityEngine.ClothModule.dll_28B4650B6D4C1ABE.mvfrm
[ 43/867    0s] MovedFromExtractor Library/Bee/artifacts/mvdfrm/UnityEngine.ClusterInputModule.dll_8101F411D7C593C0.mvfrm
[ 44/867    0s] MovedFromExtractor Library/Bee/artifacts/mvdfrm/UnityEngine.ClusterRendererModule.dll_B13CD95E0D96BA41.mvfrm
[ 45/867    0s] MovedFromExtractor Library/Bee/artifacts/mvdfrm/UnityEngine.ContentLoadModule.dll_09383253B3AB4103.mvfrm
[ 46/867    0s] MovedFromExtractor Library/Bee/artifacts/mvdfrm/UnityEngine.DSPGraphModule.dll_F6A2A6AF07AB5E6D.mvfrm
[ 47/867    0s] MovedFromExtractor Library/Bee/artifacts/mvdfrm/UnityEngine.CoreModule.dll_589E869E752A5B6F.mvfrm
[ 48/867    0s] MovedFromExtractor Library/Bee/artifacts/mvdfrm/UnityEngine.CrashReportingModule.dll_5DDE652611DAEA67.mvfrm
[ 49/867    0s] MovedFromExtractor Library/Bee/artifacts/mvdfrm/UnityEngine.DirectorModule.dll_F1514545954A8D4C.mvfrm
[ 50/867    0s] MovedFromExtractor Library/Bee/artifacts/mvdfrm/UnityEngine.GIModule.dll_571D8158470C4632.mvfrm
[ 51/867    0s] MovedFromExtractor Library/Bee/artifacts/mvdfrm/UnityEngine.GraphicsStateCollectionSerializerModule.dll_AD834B98674D9B6A.mvfrm
[ 52/867    0s] MovedFromExtractor Library/Bee/artifacts/mvdfrm/UnityEngine.GameCenterModule.dll_77785EEF4CD420C7.mvfrm
[ 53/867    0s] MovedFromExtractor Library/Bee/artifacts/mvdfrm/UnityEngine.GridModule.dll_360FA28C8D7EF166.mvfrm
[ 54/867    0s] MovedFromExtractor Library/Bee/artifacts/mvdfrm/UnityEngine.HotReloadModule.dll_C5B987E33604706A.mvfrm
[ 55/867    0s] MovedFromExtractor Library/Bee/artifacts/mvdfrm/UnityEngine.IMGUIModule.dll_FA2BA7775960CFBB.mvfrm
[ 56/867    0s] MovedFromExtractor Library/Bee/artifacts/mvdfrm/UnityEngine.HierarchyCoreModule.dll_29157E7532504FB8.mvfrm
[ 57/867    0s] MovedFromExtractor Library/Bee/artifacts/mvdfrm/UnityEngine.IdentifiersModule.dll_48AB6108A7A1672E.mvfrm
[ 58/867    0s] MovedFromExtractor Library/Bee/artifacts/mvdfrm/UnityEngine.InputLegacyModule.dll_0166F4317D1A4F07.mvfrm
[ 59/867    0s] MovedFromExtractor Library/Bee/artifacts/mvdfrm/UnityEngine.InputForUIModule.dll_7A2AB908ACF4BD83.mvfrm
[ 60/867    0s] MovedFromExtractor Library/Bee/artifacts/mvdfrm/UnityEngine.ImageConversionModule.dll_1D2ED70E8FBB7235.mvfrm
[ 61/867    0s] MovedFromExtractor Library/Bee/artifacts/mvdfrm/UnityEngine.InputModule.dll_2841CFC10967607E.mvfrm
[ 62/867    0s] MovedFromExtractor Library/Bee/artifacts/mvdfrm/UnityEngine.InsightsModule.dll_8B180DD61FC7DCCB.mvfrm
[ 63/867    0s] MovedFromExtractor Library/Bee/artifacts/mvdfrm/UnityEngine.JSONSerializeModule.dll_12126AD6C2DE574C.mvfrm
[ 64/867    0s] MovedFromExtractor Library/Bee/artifacts/mvdfrm/UnityEngine.LocalizationModule.dll_BF4EBE646F4186B9.mvfrm
[ 65/867    0s] MovedFromExtractor Library/Bee/artifacts/mvdfrm/UnityEditor.UIElementsModule.dll_CEE22C013D73C100.mvfrm
[ 66/867    0s] MovedFromExtractor Library/Bee/artifacts/mvdfrm/UnityEngine.ManagedKernelModule.dll_D4B11A1FB2D825D0.mvfrm
[ 67/867    0s] MovedFromExtractor Library/Bee/artifacts/mvdfrm/UnityEngine.MathematicsModule.dll_953686EC59A0904A.mvfrm
[ 68/867    0s] MovedFromExtractor Library/Bee/artifacts/mvdfrm/UnityEngine.MultiplayerModule.dll_EFC9F59F9DF0268E.mvfrm
[ 69/867    0s] MovedFromExtractor Library/Bee/artifacts/mvdfrm/UnityEngine.MarshallingModule.dll_188A77A7C950C668.mvfrm
[ 70/867    0s] MovedFromExtractor Library/Bee/artifacts/mvdfrm/UnityEngine.ParticleSystemModule.dll_B0F0AE727FEC75F5.mvfrm
[ 71/867    0s] MovedFromExtractor Library/Bee/artifacts/mvdfrm/UnityEngine.PerformanceReportingModule.dll_82685187C38B1F2E.mvfrm
[ 72/867    0s] MovedFromExtractor Library/Bee/artifacts/mvdfrm/UnityEngine.Physics2DModule.dll_9116B9CDFBCE4C7D.mvfrm
[ 73/867    0s] MovedFromExtractor Library/Bee/artifacts/mvdfrm/UnityEngine.PhysicsBackendPhysXModule.dll_9C03DE019208550D.mvfrm
[ 74/867    0s] MovedFromExtractor Library/Bee/artifacts/mvdfrm/UnityEngine.PhysicsCore2DModule.dll_9FBEB9462247EBAC.mvfrm
[ 75/867    0s] MovedFromExtractor Library/Bee/artifacts/mvdfrm/UnityEngine.RenderAs2DModule.dll_E5EB60B39F19CF3A.mvfrm
[ 76/867    0s] MovedFromExtractor Library/Bee/artifacts/mvdfrm/UnityEngine.PropertiesModule.dll_A4B39E2DBFBF8503.mvfrm
[ 77/867    0s] MovedFromExtractor Library/Bee/artifacts/mvdfrm/UnityEngine.PhysicsModule.dll_7C8609E286AE45EB.mvfrm
[ 78/867    0s] MovedFromExtractor Library/Bee/artifacts/mvdfrm/UnityEngine.ScriptingModule.dll_5B9222A3DA59039B.mvfrm
[ 79/867    0s] MovedFromExtractor Library/Bee/artifacts/mvdfrm/UnityEngine.RuntimeInitializeOnLoadManagerInitializerModule.dll_56F8534856243746.mvfrm
[ 80/867    0s] MovedFromExtractor Library/Bee/artifacts/mvdfrm/UnityEngine.ScreenCaptureModule.dll_2BFA185BD74A83AE.mvfrm
[ 81/867    0s] MovedFromExtractor Library/Bee/artifacts/mvdfrm/UnityEngine.ShaderVariantAnalyticsModule.dll_B3720AC4A0A04FD6.mvfrm
[ 82/867    0s] MovedFromExtractor Library/Bee/artifacts/mvdfrm/UnityEngine.SpriteShapeModule.dll_8983066D9ACAD120.mvfrm
[ 83/867    0s] MovedFromExtractor Library/Bee/artifacts/mvdfrm/UnityEngine.SpriteMaskModule.dll_60A4D17F6E43B641.mvfrm
[ 84/867    0s] MovedFromExtractor Library/Bee/artifacts/mvdfrm/UnityEngine.StreamingModule.dll_F905B72DAA590C26.mvfrm
[ 85/867    0s] MovedFromExtractor Library/Bee/artifacts/mvdfrm/UnityEngine.SubsystemsModule.dll_CB5237E13C8B9E54.mvfrm
[ 86/867    0s] MovedFromExtractor Library/Bee/artifacts/mvdfrm/UnityEngine.SubstanceModule.dll_D5B0CB76F5AC0A34.mvfrm
[ 87/867    0s] MovedFromExtractor Library/Bee/artifacts/mvdfrm/UnityEngine.TLSModule.dll_C5C53497DEF0A3FF.mvfrm
[ 88/867    0s] MovedFromExtractor Library/Bee/artifacts/mvdfrm/UnityEngine.TerrainPhysicsModule.dll_B16B5745992F7082.mvfrm
[ 89/867    0s] MovedFromExtractor Library/Bee/artifacts/mvdfrm/UnityEngine.TextCoreFontEngineModule.dll_9B5119981A94640D.mvfrm
[ 90/867    0s] MovedFromExtractor Library/Bee/artifacts/mvdfrm/UnityEngine.TerrainModule.dll_96CC85515C6C8ED9.mvfrm
[ 91/867    0s] MovedFromExtractor Library/Bee/artifacts/mvdfrm/UnityEngine.TetgenModule.dll_15BD8EBC45AED13D.mvfrm
[ 92/867    0s] MovedFromExtractor Library/Bee/artifacts/mvdfrm/UnityEngine.TextCoreTextEngineModule.dll_E3395009AA181D2B.mvfrm
[ 93/867    0s] MovedFromExtractor Library/Bee/artifacts/mvdfrm/UnityEditor.GridAndSnapModule.dll_AAE20B95AD4FA4BA.mvfrm
[ 94/867    0s] MovedFromExtractor Library/Bee/artifacts/mvdfrm/UnityEditor.GraphicsStateCollectionSerializerModule.dll_A48F7EA89A4E5205.mvfrm
[ 95/867    0s] MovedFromExtractor Library/Bee/artifacts/mvdfrm/UnityEditor.GraphViewModule.dll_75EB4DB480748042.mvfrm
[ 96/867    0s] MovedFromExtractor Library/Bee/artifacts/mvdfrm/UnityEngine.TextRenderingModule.dll_55398A668E8203A3.mvfrm
[ 97/867    0s] MovedFromExtractor Library/Bee/artifacts/mvdfrm/UnityEditor.GraphToolkitModule.dll_22085630F2090A65.mvfrm
[ 98/867    0s] MovedFromExtractor Library/Bee/artifacts/mvdfrm/UnityEditor.GenericRemoteModule.dll_BBBB454EAC4E9C9C.mvfrm
[ 99/867    0s] MovedFromExtractor Library/Bee/artifacts/mvdfrm/UnityEngine.TilemapModule.dll_35C8ECD274296FE2.mvfrm
[100/867    0s] MovedFromExtractor Library/Bee/artifacts/mvdfrm/UnityEngine.TimelineFoundationModule.dll_9D9698A4B4E6C944.mvfrm
[101/867    0s] MovedFromExtractor Library/Bee/artifacts/mvdfrm/UnityEngine.U2DRuntimeModule.dll_9C2E88A80CE71461.mvfrm
[102/867    0s] MovedFromExtractor Library/Bee/artifacts/mvdfrm/UnityEngine.UIElementsModule.dll_CF9099493FB7DA4B.mvfrm
[103/867    0s] MovedFromExtractor Library/Bee/artifacts/mvdfrm/UnityEngine.UIModule.dll_BA54D67807A463C4.mvfrm
[104/867    0s] MovedFromExtractor Library/Bee/artifacts/mvdfrm/UnityEngine.UmbraModule.dll_3CA0B4292055E74D.mvfrm
[105/867    0s] MovedFromExtractor Library/Bee/artifacts/mvdfrm/UnityEngine.UnityAnalyticsCommonModule.dll_1DA70ECBDD73BD8C.mvfrm
[106/867    0s] MovedFromExtractor Library/Bee/artifacts/mvdfrm/UnityEngine.UnityConnectModule.dll_EEC5030B20C5C1A5.mvfrm
[107/867    0s] MovedFromExtractor Library/Bee/artifacts/mvdfrm/UnityEngine.UnityAnalyticsModule.dll_D0901F3C2C13C7F1.mvfrm
[108/867    0s] MovedFromExtractor Library/Bee/artifacts/mvdfrm/UnityEngine.UnityConsentModule.dll_C06A9A372DD057F5.mvfrm
[109/867    0s] MovedFromExtractor Library/Bee/artifacts/mvdfrm/UnityEngine.UnityCurlModule.dll_778D6B0ECAE546D5.mvfrm
[110/867    0s] MovedFromExtractor Library/Bee/artifacts/mvdfrm/UnityEngine.UnityWebRequestAssetBundleModule.dll_4B011F5428E2F782.mvfrm
[111/867    0s] MovedFromExtractor Library/Bee/artifacts/mvdfrm/UnityEngine.UnityWebRequestAudioModule.dll_FA64A56649F5E9C6.mvfrm
[112/867    0s] MovedFromExtractor Library/Bee/artifacts/mvdfrm/UnityEngine.UnityWebRequestTextureModule.dll_F2B7ED13F4D4145B.mvfrm
[113/867    0s] MovedFromExtractor Library/Bee/artifacts/mvdfrm/UnityEngine.VFXModule.dll_46A3CD06B55E0D6C.mvfrm
[114/867    0s] MovedFromExtractor Library/Bee/artifacts/mvdfrm/UnityEngine.UnityWebRequestModule.dll_2ECDDEB89AB00CB4.mvfrm
[115/867    0s] MovedFromExtractor Library/Bee/artifacts/mvdfrm/UnityEngine.UnityWebRequestWWWModule.dll_ADFB956599D7D997.mvfrm
[116/867    0s] MovedFromExtractor Library/Bee/artifacts/mvdfrm/UnityEngine.VectorGraphicsModule.dll_4837E4A711F2EC3E.mvfrm
[117/867    0s] MovedFromExtractor Library/Bee/artifacts/mvdfrm/UnityEngine.VehiclesModule.dll_69143EC50F745CE7.mvfrm
[118/867    0s] MovedFromExtractor Library/Bee/artifacts/mvdfrm/UnityEngine.VideoModule.dll_E6D58C7B55C1577F.mvfrm
[119/867    0s] MovedFromExtractor Library/Bee/artifacts/mvdfrm/UnityEngine.VirtualTexturingModule.dll_87AFB69C1F6DA14D.mvfrm
[120/867    0s] MovedFromExtractor Library/Bee/artifacts/mvdfrm/UnityEngine.WindModule.dll_CEED61C70660D9D8.mvfrm
[121/867    0s] MovedFromExtractor Library/Bee/artifacts/mvdfrm/UnityEngine.dll_74F327EF6552D2F6.mvfrm
[122/867    0s] MovedFromExtractor Library/Bee/artifacts/mvdfrm/UnityEditor.GIModule.dll_18AEEFC8DB8F1267.mvfrm
[123/867    0s] MovedFromExtractor Library/Bee/artifacts/mvdfrm/UnityEngine.XRModule.dll_3FE5C0023299369A.mvfrm
[124/867    0s] MovedFromExtractor Library/Bee/artifacts/mvdfrm/UnityEditor.EmbreeModule.dll_C5BD96B7EB31C90D.mvfrm
[125/867    0s] MovedFromExtractor Library/Bee/artifacts/mvdfrm/UnityEditor.EditorToolbarModule.dll_5BB60545C44024ED.mvfrm
[126/867    0s] MovedFromExtractor Library/Bee/artifacts/mvdfrm/UnityEditor.DiagnosticsModule.dll_A129251429EAE7CB.mvfrm
[127/867    0s] MovedFromExtractor Library/Bee/artifacts/mvdfrm/UnityEditor.DeviceSimulatorModule.dll_AB9016EC9DDBACBD.mvfrm
[128/867    0s] MovedFromExtractor Library/Bee/artifacts/mvdfrm/UnityEditor.CoreBusinessMetricsModule.dll_814B5B389A4DEE43.mvfrm
[129/867    0s] MovedFromExtractor Library/Bee/artifacts/mvdfrm/UnityEditor.ClothModule.dll_6287A8A73BCEEA19.mvfrm
[130/867    0s] MovedFromExtractor Library/Bee/artifacts/mvdfrm/UnityEditor.ContentLoadModule.dll_037262C4A171307E.mvfrm
[131/867    0s] MovedFromExtractor Library/Bee/artifacts/mvdfrm/UnityEditor.CoreModule.dll_357DB34BCD24F044.mvfrm
[132/867    0s] MovedFromExtractor Library/Bee/artifacts/mvdfrm/UnityEditor.BurstModule.dll_64973D048908231F.mvfrm
[133/867    0s] MovedFromExtractor Library/Bee/artifacts/mvdfrm/UnityEditor.BuildProfileModule.dll_062B71860159DBE0.mvfrm
[134/867    0s] MovedFromExtractor Library/Bee/artifacts/mvdfrm/UnityEditor.BuildAnalysisModule.dll_7E032CF5EC847BB9.mvfrm
[135/867    0s] MovedFromExtractor Library/Bee/artifacts/mvdfrm/UnityEditor.AssetComplianceModule.dll_E46B26DB189790EA.mvfrm
[136/867    0s] MovedFromExtractor Library/Bee/artifacts/mvdfrm/UnityEditor.AccessibilityModule.dll_25B9EF734AAA739D.mvfrm
[137/867    0s] MovedFromExtractor Library/Bee/artifacts/mvdfrm/UnityEditor.AdaptivePerformanceModule.dll_016061BE7406BF49.mvfrm
[138/867    0s] MovedFromExtractor Library/Bee/artifacts/mvdfrm/UnityEditor.AnimationWindowModule.dll_46F40AC4D3699D73.mvfrm
[139/867    0s] MovedFromExtractor Library/Bee/artifacts/mvdfrm/UnityEditor.AIModule.dll_8072A6BB3FE02A4D.mvfrm
[140/867    0s] MovedFromExtractor Library/Bee/artifacts/mvdfrm/Unity.Scripting.dll_0032D8BB11DBC7FD.mvfrm
[141/867    0s] MovedFromExtractor Library/Bee/artifacts/mvdfrm/UnityEditor.PropertiesModule.dll_A40530E5BD7B6BB8.mvfrm
[142/867    0s] MovedFromExtractor Library/Bee/artifacts/mvdfrm/UnityEditor.SafeModeModule.dll_F63A82C5117FB5C5.mvfrm
[143/867    0s] MovedFromExtractor Library/Bee/artifacts/mvdfrm/UnityEditor.QuickSearchModule.dll_2C38A62182C1E424.mvfrm
[144/867    0s] MovedFromExtractor Library/Bee/artifacts/mvdfrm/UnityEditor.PlayModeModule.dll_3C2E747EB048C52C.mvfrm
[145/867    0s] MovedFromExtractor Library/Bee/artifacts/mvdfrm/UnityEditor.ProjectAuditorModule.dll_4080F73CB898A74A.mvfrm
[146/867    0s] MovedFromExtractor Library/Bee/artifacts/mvdfrm/UnityEditor.QuickInstallModule.dll_E50ABFC542E04A13.mvfrm
[147/867    0s] MovedFromExtractor Library/Bee/artifacts/mvdfrm/UnityEditor.PhysicsModule.dll_8A0B5138219F5EA6.mvfrm
[148/867    0s] MovedFromExtractor Library/Bee/artifacts/mvdfrm/UnityEditor.PresetsUIModule.dll_3151869682CCD847.mvfrm
[149/867    0s] MovedFromExtractor Library/Bee/artifacts/mvdfrm/UnityEditor.PhysicsCore2DModule.dll_137DC71EA94F6887.mvfrm
[150/867    0s] WriteText Library/Bee/artifacts/1900b0aE.dag/UnityEngine.UI.rsp2
[151/867    0s] WriteText Library/Bee/artifacts/1900b0aE.dag/UnityEngine.UI.UnityAdditionalFile.txt
[152/867    0s] WriteText Library/Bee/artifacts/1900b0aE.dag/UnityEngine.TestRunner.dll.mvfrm.rsp
[153/867    0s] WriteText Library/Bee/artifacts/1900b0aE.dag/UnityEngine.TestRunner.rsp
[154/867    0s] MovedFromExtractor Library/Bee/artifacts/mvdfrm/UnityEditor.Physics2DModule.dll_DB30C8E5164E9A98.mvfrm
[155/867    0s] MovedFromExtractor Library/Bee/artifacts/mvdfrm/UnityEditor.MediaModule.dll_C75F653DDFFE93C3.mvfrm
[156/867    0s] MovedFromExtractor Library/Bee/artifacts/mvdfrm/UnityEditor.MathematicsModule.dll_8F70B75D47667FC5.mvfrm
[157/867    0s] MovedFromExtractor Library/Bee/artifacts/mvdfrm/UnityEditor.HierarchyModule.dll_635F54903E53BF04.mvfrm
[158/867    0s] MovedFromExtractor Library/Bee/artifacts/mvdfrm/UnityEditor.GridModule.dll_12EECF39E579863B.mvfrm
[159/867    0s] WriteText Library/Bee/artifacts/1900b0aE.dag/UnityEditor.TestRunner.UnityAdditionalFile.txt
[160/867    0s] WriteText Library/Bee/artifacts/1900b0aE.dag/UnityEditor.TestRunner.rsp2
[161/867    0s] WriteText Library/Bee/artifacts/1900b0aE.dag/UnityEngine.UI.dll.mvfrm.rsp
[162/867    0s] MovedFromExtractor Library/Bee/artifacts/mvdfrm/UnityEditor.LightingModule.dll_F041FA41646B7EF1.mvfrm
[163/867    0s] WriteText Library/Bee/artifacts/1900b0aE.dag/UnityEngine.UI.rsp
[164/867    0s] MovedFromExtractor Library/Bee/artifacts/mvdfrm/UnityEditor.MultiplayerModule.dll_EA0426108BB61609.mvfrm
[165/867    0s] MovedFromExtractor Library/Bee/artifacts/mvdfrm/UnityEditor.Graphs.dll_213871A6E6EA3676.mvfrm
[166/867    0s] MovedFromExtractor Library/Bee/artifacts/mvdfrm/Unity.Plastic.Newtonsoft.Json.dll_ED3944E5E8A516CB.mvfrm
[167/867    0s] WriteText Library/Bee/artifacts/1900b0aE.dag/UnityEditor.TestRunner.dll.mvfrm.rsp
[168/867    0s] WriteText Library/Bee/artifacts/1900b0aE.dag/UnityEditor.TestRunner.rsp
[169/867    0s] WriteText Library/Bee/artifacts/1900b0aE.dag/UnityEditor.UI.UnityAdditionalFile.txt
[170/867    0s] WriteText Library/Bee/artifacts/1900b0aE.dag/UnityEditor.UI.rsp2
[171/867    0s] WriteText Library/Bee/artifacts/1900b0aE.dag/UnityEditor.UI.dll.mvfrm.rsp
[172/867    0s] WriteText Library/Bee/artifacts/1900b0aE.dag/UnityEditor.UI.rsp
[173/867    0s] WriteText Library/Bee/artifacts/1900b0aE.dag/Unity.Burst.rsp2
[174/867    0s] WriteText Library/Bee/artifacts/1900b0aE.dag/Unity.Burst.UnityAdditionalFile.txt
[175/867    0s] WriteText Library/Bee/artifacts/1900b0aE.dag/Unity.Burst.dll.mvfrm.rsp
[176/867    0s] WriteText Library/Bee/artifacts/1900b0aE.dag/Unity.Burst.rsp
[177/867    0s] WriteText Library/Bee/artifacts/1900b0aE.dag/Unity.Collections.rsp2
[178/867    0s] WriteText Library/Bee/artifacts/1900b0aE.dag/Unity.Collections.UnityAdditionalFile.txt
[179/867    0s] WriteText Library/Bee/artifacts/1900b0aE.dag/Unity.Collections.dll.mvfrm.rsp
[180/867    0s] WriteText Library/Bee/artifacts/1900b0aE.dag/Unity.Collections.rsp
[181/867    0s] WriteText Library/Bee/artifacts/1900b0aE.dag/Unity.InputSystem.UnityAdditionalFile.txt
[182/867    0s] WriteText Library/Bee/artifacts/1900b0aE.dag/Unity.InputSystem.rsp2
[183/867    0s] WriteText Library/Bee/artifacts/1900b0aE.dag/Unity.InputSystem.dll.mvfrm.rsp
[184/867    0s] WriteText Library/Bee/artifacts/1900b0aE.dag/Unity.InputSystem.rsp
[185/867    0s] MovedFromExtractor Library/Bee/artifacts/mvdfrm/Unity.Plastic.Antlr3.Runtime.dll_4A7ACD353CCE2CCA.mvfrm
[186/867    0s] MovedFromExtractor Library/Bee/artifacts/mvdfrm/Unity.Collections.LowLevel.ILSupport.dll_EE544B55637299A5.mvfrm
[187/867    0s] WriteText Library/Bee/artifacts/1900b0aE.dag/Unity.RenderPipelines.Core.Runtime.UnityAdditionalFile.txt
[188/867    0s] WriteText Library/Bee/artifacts/1900b0aE.dag/Unity.Collections.CodeGen.rsp2
[189/867    0s] WriteText Library/Bee/artifacts/1900b0aE.dag/Unity.Collections.CodeGen.UnityAdditionalFile.txt
[190/867    0s] WriteText Library/Bee/artifacts/1900b0aE.dag/Unity.RenderPipelines.Core.Runtime.rsp2
[191/867    0s] WriteText Library/Bee/artifacts/1900b0aE.dag/Unity.RenderPipelines.Core.Runtime.dll.mvfrm.rsp
[192/867    0s] WriteText Library/Bee/artifacts/1900b0aE.dag/Unity.UnifiedRayTracing.Runtime.UnityAdditionalFile.txt
[193/867    0s] WriteText Library/Bee/artifacts/1900b0aE.dag/Unity.RenderPipelines.Core.Runtime.rsp
[194/867    0s] WriteText Library/Bee/artifacts/1900b0aE.dag/Unity.UnifiedRayTracing.Runtime.dll.mvfrm.rsp
[195/867    0s] WriteText Library/Bee/artifacts/1900b0aE.dag/Unity.UnifiedRayTracing.Runtime.rsp
[196/867    0s] WriteText Library/Bee/artifacts/1900b0aE.dag/Unity.PathTracing.Runtime.UnityAdditionalFile.txt
[197/867    0s] WriteText Library/Bee/artifacts/1900b0aE.dag/Unity.Profiling.Core.UnityAdditionalFile.txt
[198/867    0s] WriteText Library/Bee/artifacts/1900b0aE.dag/Unity.PathTracing.Runtime.rsp2
[199/867    0s] WriteText Library/Bee/artifacts/1900b0aE.dag/Unity.Profiling.Core.rsp2
[200/867    0s] WriteText Library/Bee/artifacts/1900b0aE.dag/Unity.Collections.CodeGen.dll.mvfrm.rsp
[201/867    0s] WriteText Library/Bee/artifacts/1900b0aE.dag/Unity.UnifiedRayTracing.Runtime.rsp2
[202/867    0s] WriteText Library/Bee/artifacts/1900b0aE.dag/Unity.PathTracing.Runtime.dll.mvfrm.rsp
[203/867    0s] WriteText Library/Bee/artifacts/1900b0aE.dag/Unity.Profiling.Core.dll.mvfrm.rsp
[204/867    0s] WriteText Library/Bee/artifacts/1900b0aE.dag/Unity.PathTracing.Runtime.rsp
[205/867    0s] WriteText Library/Bee/artifacts/1900b0aE.dag/Unity.Profiling.Core.rsp
[206/867    0s] WriteText Library/Bee/artifacts/1900b0aE.dag/Unity.Collections.CodeGen.rsp
[207/867    0s] WriteText Library/Bee/artifacts/1900b0aE.dag/Unity.InternalAPIEngineBridge.RenderPipelines.Core.Runtime.Shared.rsp2
[208/867    0s] WriteText Library/Bee/artifacts/1900b0aE.dag/Unity.RenderPipelines.GPUDriven.Runtime.rsp2
[209/867    0s] WriteText Library/Bee/artifacts/1900b0aE.dag/Unity.RenderPipelines.GPUDriven.Runtime.UnityAdditionalFile.txt
[210/867    0s] MovedFromExtractor Library/Bee/artifacts/mvdfrm/UnityEditor.WindowsStandalone.Extensions.dll_4E39341AB39DA99C.mvfrm
[211/867    0s] WriteText Library/Bee/artifacts/1900b0aE.dag/Unity.InternalAPIEngineBridge.RenderPipelines.Core.Runtime.Shared.dll.mvfrm.rsp
[212/867    0s] WriteText Library/Bee/artifacts/1900b0aE.dag/Unity.InternalAPIEngineBridge.RenderPipelines.Core.Runtime.Shared.UnityAdditionalFile.txt
[213/867    0s] WriteText Library/Bee/artifacts/1900b0aE.dag/Unity.InternalAPIEngineBridge.RenderPipelines.Core.Editor.rsp2
[214/867    0s] WriteText Library/Bee/artifacts/1900b0aE.dag/Unity.InternalAPIEngineBridge.RenderPipelines.Core.Runtime.Shared.rsp
[215/867    0s] WriteText Library/Bee/artifacts/1900b0aE.dag/Unity.PathTracing.Editor.rsp2
[216/867    0s] WriteText Library/Bee/artifacts/1900b0aE.dag/Unity.PathTracing.Editor.UnityAdditionalFile.txt
[217/867    0s] WriteText Library/Bee/artifacts/1900b0aE.dag/Unity.RenderPipelines.Core.Runtime.Shared.UnityAdditionalFile.txt
[218/867    0s] WriteText Library/Bee/artifacts/1900b0aE.dag/Unity.InternalAPIEngineBridge.RenderPipelines.Core.Editor.UnityAdditionalFile.txt
[219/867    0s] WriteText Library/Bee/artifacts/1900b0aE.dag/Unity.RenderPipelines.Core.Runtime.Shared.rsp2
[220/867    0s] WriteText Library/Bee/artifacts/1900b0aE.dag/Unity.RenderPipelines.GPUDriven.Runtime.dll.mvfrm.rsp
[221/867    0s] WriteText Library/Bee/artifacts/1900b0aE.dag/Unity.RenderPipeline.Universal.ShaderLibrary.UnityAdditionalFile.txt
[222/867    0s] WriteText Library/Bee/artifacts/1900b0aE.dag/Unity.RenderPipelines.GPUDriven.Runtime.rsp
[223/867    0s] WriteText Library/Bee/artifacts/1900b0aE.dag/Unity.SurfaceCache.Runtime.UnityAdditionalFile.txt
[224/867    0s] WriteText Library/Bee/artifacts/1900b0aE.dag/Unity.RenderPipeline.Universal.ShaderLibrary.rsp2
[225/867    0s] WriteText Library/Bee/artifacts/1900b0aE.dag/Unity.SurfaceCache.Runtime.rsp2
[226/867    0s] WriteText Library/Bee/artifacts/1900b0aE.dag/Unity.InternalAPIEngineBridge.ObjectDispatcher.Runtime.rsp2
[227/867    0s] WriteText Library/Bee/artifacts/1900b0aE.dag/Unity.InternalAPIEngineBridge.ObjectDispatcher.Runtime.UnityAdditionalFile.txt
[228/867    0s] WriteText Library/Bee/artifacts/1900b0aE.dag/Unity.RenderPipelines.Universal.Config.Runtime.UnityAdditionalFile.txt
[229/867    0s] WriteText Library/Bee/artifacts/1900b0aE.dag/Unity.InternalAPIEngineBridge.RenderPipelines.Core.Editor.dll.mvfrm.rsp
[230/867    0s] WriteText Library/Bee/artifacts/1900b0aE.dag/Unity.RenderPipelines.Universal.Config.Runtime.rsp2
[231/867    0s] WriteText Library/Bee/artifacts/1900b0aE.dag/Unity.InternalAPIEngineBridge.RenderPipelines.Core.Editor.rsp
[232/867    0s] WriteText Library/Bee/artifacts/1900b0aE.dag/Unity.PathTracing.Editor.dll.mvfrm.rsp
[233/867    0s] WriteText Library/Bee/artifacts/1900b0aE.dag/Unity.RenderPipelines.Core.Runtime.Shared.dll.mvfrm.rsp
[234/867    0s] MovedFromExtractor Library/Bee/artifacts/mvdfrm/UnityEngine.AMDModule.dll_C7357132B7C028AC.mvfrm
[235/867    0s] WriteText Library/Bee/artifacts/1900b0aE.dag/Unity.RenderPipeline.Universal.ShaderLibrary.dll.mvfrm.rsp
[236/867    0s] WriteText Library/Bee/artifacts/1900b0aE.dag/Unity.SurfaceCache.Runtime.dll.mvfrm.rsp
[237/867    0s] WriteText Library/Bee/artifacts/1900b0aE.dag/Unity.RenderPipelines.Core.Runtime.Shared.rsp
[238/867    0s] WriteText Library/Bee/artifacts/1900b0aE.dag/Unity.PathTracing.Editor.rsp
[239/867    0s] WriteText Library/Bee/artifacts/1900b0aE.dag/Unity.SurfaceCache.Runtime.rsp
[240/867    0s] WriteText Library/Bee/artifacts/1900b0aE.dag/Unity.RenderPipeline.Universal.ShaderLibrary.rsp
[241/867    0s] WriteText Library/Bee/artifacts/1900b0aE.dag/Unity.RenderPipelines.Universal.Config.Runtime.dll.mvfrm.rsp
[242/867    0s] WriteText Library/Bee/artifacts/1900b0aE.dag/Unity.InternalAPIEngineBridge.ObjectDispatcher.Runtime.dll.mvfrm.rsp
[243/867    0s] WriteText Library/Bee/artifacts/1900b0aE.dag/Unity.RenderPipelines.Universal.Config.Runtime.rsp
[244/867    0s] WriteText Library/Bee/artifacts/1900b0aE.dag/Unity.InternalAPIEngineBridge.ObjectDispatcher.Runtime.rsp
[245/867    0s] WriteText Library/Bee/artifacts/1900b0aE.dag/Unity.RenderPipelines.Core.Editor.UnityAdditionalFile.txt
[246/867    0s] WriteText Library/Bee/artifacts/1900b0aE.dag/Unity.RenderPipelines.Universal.Runtime.rsp2
[247/867    0s] WriteText Library/Bee/artifacts/1900b0aE.dag/Unity.RenderPipelines.Universal.Runtime.UnityAdditionalFile.txt
[248/867    0s] WriteText Library/Bee/artifacts/1900b0aE.dag/Unity.RenderPipelines.Core.Editor.rsp2
[249/867    0s] WriteText Library/Bee/artifacts/1900b0aE.dag/Unity.InternalAPIEngineBridge.004.UnityAdditionalFile.txt
[250/867    0s] WriteText Library/Bee/artifacts/1900b0aE.dag/Unity.Searcher.Editor.UnityAdditionalFile.txt
[251/867    0s] WriteText Library/Bee/artifacts/1900b0aE.dag/Unity.GraphAuthoring.Editor.rsp2
[252/867    0s] WriteText Library/Bee/artifacts/1900b0aE.dag/Unity.InternalAPIEngineBridge.004.rsp2
[253/867    0s] WriteText Library/Bee/artifacts/1900b0aE.dag/Unity.InternalAPIEditorBridge.ShaderGraph.Editor.rsp2
[254/867    0s] WriteText Library/Bee/artifacts/1900b0aE.dag/Unity.InternalAPIEditorBridge.ShaderGraph.Editor.UnityAdditionalFile.txt
[255/867    0s] WriteText Library/Bee/artifacts/1900b0aE.dag/Unity.Searcher.Editor.rsp2
[256/867    0s] WriteText Library/Bee/artifacts/1900b0aE.dag/Unity.GraphAuthoring.Editor.UnityAdditionalFile.txt
[257/867    0s] WriteText Library/Bee/artifacts/1900b0aE.dag/Unity.RenderPipelines.Core.Editor.dll.mvfrm.rsp
[258/867    0s] WriteText Library/Bee/artifacts/1900b0aE.dag/Unity.AI.Navigation.UnityAdditionalFile.txt
[259/867    0s] WriteText Library/Bee/artifacts/1900b0aE.dag/Unity.AI.Navigation.rsp2
[260/867    0s] WriteText Library/Bee/artifacts/1900b0aE.dag/Unity.AI.Navigation.Editor.ConversionSystem.UnityAdditionalFile.txt
[261/867    0s] WriteResponseFile Library/Bee/artifacts/rsp/4747638433968585886.rsp
[262/867    0s] WriteText Library/Bee/artifacts/1900b0aE.dag/Unity.AI.Navigation.Editor.ConversionSystem.rsp2
[263/867    0s] MovedFromExtractor Library/Bee/artifacts/mvdfrm/UnityEngine.HierarchyModule.dll_1945457923D370E9.mvfrm
[264/867    0s] WriteText Library/Bee/artifacts/1900b0aE.dag/Unity.RenderPipelines.Universal.Runtime.dll.mvfrm.rsp
[265/867    0s] WriteText Library/Bee/artifacts/1900b0aE.dag/Unity.RenderPipelines.Universal.Runtime.rsp
[266/867    0s] WriteText Library/Bee/artifacts/1900b0aE.dag/Unity.ShaderGraph.Utilities.UnityAdditionalFile.txt
[267/867    0s] WriteText Library/Bee/artifacts/1900b0aE.dag/Unity.ShaderGraph.Utilities.rsp2
[268/867    0s] WriteText Library/Bee/artifacts/1900b0aE.dag/Unity.RenderPipelines.Core.Editor.rsp
[269/867    0s] WriteText Library/Bee/artifacts/1900b0aE.dag/Unity.InternalAPIEditorBridge.ShaderGraph.Editor.dll.mvfrm.rsp
[270/867    0s] WriteText Library/Bee/artifacts/1900b0aE.dag/Unity.Searcher.Editor.dll.mvfrm.rsp
[271/867    0s] WriteText Library/Bee/artifacts/1900b0aE.dag/Unity.GraphAuthoring.Editor.dll.mvfrm.rsp
[272/867    0s] WriteText Library/Bee/artifacts/1900b0aE.dag/Unity.InternalAPIEngineBridge.004.rsp
[273/867    0s] WriteText Library/Bee/artifacts/1900b0aE.dag/Unity.InternalAPIEngineBridge.004.dll.mvfrm.rsp
[274/867    0s] WriteText Library/Bee/artifacts/1900b0aE.dag/Unity.AI.Navigation.dll.mvfrm.rsp
[275/867    0s] WriteText Library/Bee/artifacts/1900b0aE.dag/Unity.InternalAPIEditorBridge.ShaderGraph.Editor.rsp
[276/867    0s] WriteText Library/Bee/artifacts/1900b0aE.dag/Unity.Searcher.Editor.rsp
[277/867    0s] WriteText Library/Bee/artifacts/1900b0aE.dag/Unity.GraphAuthoring.Editor.rsp
[278/867    0s] WriteText Library/Bee/artifacts/1900b0aE.dag/Unity.ShaderGraph.Utilities.dll.mvfrm.rsp
[279/867    0s] WriteText Library/Bee/artifacts/1900b0aE.dag/Unity.AI.Navigation.rsp
[280/867    0s] WriteText Library/Bee/artifacts/1900b0aE.dag/Unity.AI.Navigation.Editor.ConversionSystem.rsp
[281/867    0s] WriteText Library/Bee/artifacts/1900b0aE.dag/Unity.PlasticSCM.Editor.rsp2
[282/867    0s] WriteText Library/Bee/artifacts/1900b0aE.dag/Unity.ShaderGraph.Utilities.rsp
[283/867    0s] WriteText Library/Bee/artifacts/1900b0aE.dag/Unity.TextMeshPro.UnityAdditionalFile.txt
[284/867    0s] WriteText Library/Bee/artifacts/1900b0aE.dag/Unity.RenderPipelines.Core.Editor.Shared.rsp2
[285/867    0s] WriteText Library/Bee/artifacts/1900b0aE.dag/Unity.AI.Navigation.Editor.ConversionSystem.dll.mvfrm.rsp
[286/867    0s] WriteText Library/Bee/artifacts/1900b0aE.dag/Unity.ShaderGraph.Editor.rsp2
[287/867    0s] WriteText Library/Bee/artifacts/1900b0aE.dag/Unity.PlasticSCM.Editor.UnityAdditionalFile.txt
[288/867    0s] WriteText Library/Bee/artifacts/1900b0aE.dag/Unity.RenderPipelines.Universal.2D.Runtime.UnityAdditionalFile.txt
[289/867    0s] WriteText Library/Bee/artifacts/1900b0aE.dag/Unity.ShaderGraph.Editor.UnityAdditionalFile.txt
[290/867    0s] WriteText Library/Bee/artifacts/1900b0aE.dag/Unity.RenderPipelines.Universal.2D.Runtime.rsp2
[291/867    0s] WriteText Library/Bee/artifacts/1900b0aE.dag/Unity.TextMeshPro.rsp2
[292/867    0s] WriteText Library/Bee/artifacts/1900b0aE.dag/Unity.AI.Navigation.Editor.UnityAdditionalFile.txt
[293/867    0s] WriteText Library/Bee/artifacts/1900b0aE.dag/Unity.RenderPipelines.Core.Editor.Shared.UnityAdditionalFile.txt
[294/867    0s] WriteText Library/Bee/artifacts/1900b0aE.dag/Unity.Timeline.rsp2
[295/867    0s] WriteText Library/Bee/artifacts/1900b0aE.dag/Unity.AI.Navigation.Editor.rsp2
[296/867    0s] WriteText Library/Bee/artifacts/1900b0aE.dag/Unity.InputSystem.ForUI.rsp2
[297/867    0s] WriteText Library/Bee/artifacts/1900b0aE.dag/Unity.PlasticSCM.Editor.dll.mvfrm.rsp
[298/867    0s] WriteText Library/Bee/artifacts/1900b0aE.dag/Unity.InputSystem.ForUI.UnityAdditionalFile.txt
[299/867    0s] WriteText Library/Bee/artifacts/1900b0aE.dag/Unity.RenderPipelines.Core.Editor.Shared.dll.mvfrm.rsp
[300/867    0s] WriteText Library/Bee/artifacts/1900b0aE.dag/Unity.PlasticSCM.Editor.rsp
[301/867    0s] WriteText Library/Bee/artifacts/1900b0aE.dag/Unity.Timeline.UnityAdditionalFile.txt
[302/867    0s] WriteText Library/Bee/artifacts/1900b0aE.dag/Unity.TextMeshPro.dll.mvfrm.rsp
[303/867    0s] WriteText Library/Bee/artifacts/1900b0aE.dag/Unity.RenderPipelines.Core.Editor.Shared.rsp
[304/867    0s] WriteText Library/Bee/artifacts/1900b0aE.dag/Unity.RenderPipelines.Universal.2D.Runtime.dll.mvfrm.rsp
[305/867    0s] WriteText Library/Bee/artifacts/1900b0aE.dag/Unity.ShaderGraph.Editor.rsp
[306/867    0s] WriteText Library/Bee/artifacts/1900b0aE.dag/Unity.ShaderGraph.Editor.dll.mvfrm.rsp
[307/867    0s] WriteText Library/Bee/artifacts/1900b0aE.dag/Unity.TextMeshPro.rsp
[308/867    0s] WriteText Library/Bee/artifacts/1900b0aE.dag/Unity.RenderPipelines.Universal.2D.Runtime.rsp
[309/867    0s] WriteText Library/Bee/artifacts/1900b0aE.dag/Unity.Timeline.dll.mvfrm.rsp
[310/867    0s] WriteText Library/Bee/artifacts/1900b0aE.dag/Unity.AI.Navigation.Editor.rsp
[311/867    0s] WriteText Library/Bee/artifacts/1900b0aE.dag/Unity.InputSystem.ForUI.rsp
[312/867    0s] WriteText Library/Bee/artifacts/1900b0aE.dag/Unity.Timeline.rsp
[313/867    0s] WriteText Library/Bee/artifacts/1900b0aE.dag/Unity.Rider.Editor.rsp2
[314/867    0s] WriteText Library/Bee/artifacts/1900b0aE.dag/Unity.VisualStudio.Editor.UnityAdditionalFile.txt
[315/867    0s] WriteText Library/Bee/artifacts/1900b0aE.dag/Unity.AI.Navigation.Editor.dll.mvfrm.rsp
[316/867    0s] WriteText Library/Bee/artifacts/1900b0aE.dag/Unity.VisualStudio.Editor.rsp2
[317/867    0s] WriteText Library/Bee/artifacts/1900b0aE.dag/Unity.AI.Navigation.Updater.rsp2
[318/867    0s] WriteText Library/Bee/artifacts/1900b0aE.dag/Unity.Collections.Tests.CoreCLR.InternalJobNestedPrivate.UnityAdditionalFile.txt
[319/867    0s] WriteText Library/Bee/artifacts/1900b0aE.dag/Unity.Collections.Editor.rsp2
[320/867    0s] WriteText Library/Bee/artifacts/1900b0aE.dag/Unity.InputSystem.ForUI.dll.mvfrm.rsp
[321/867    0s] WriteText Library/Bee/artifacts/1900b0aE.dag/Unity.RenderPipelines.Universal.2D.Editor.Overrides.rsp2
[322/867    0s] WriteText Library/Bee/artifacts/1900b0aE.dag/Unity.RenderPipelines.Core.ShaderLibrary.rsp2
[323/867    0s] WriteText Library/Bee/artifacts/1900b0aE.dag/Unity.RenderPipelines.Universal.Editor.UnityAdditionalFile.txt
[324/867    0s] WriteText Library/Bee/artifacts/1900b0aE.dag/Unity.RenderPipelines.Core.ShaderLibrary.UnityAdditionalFile.txt
[325/867    0s] WriteText Library/Bee/artifacts/1900b0aE.dag/Unity.RenderPipelines.ShaderGraph.ShaderGraphLibrary.rsp2
[326/867    0s] WriteText Library/Bee/artifacts/1900b0aE.dag/Unity.RenderPipelines.Universal.Editor.rsp2
[327/867    0s] WriteText Library/Bee/artifacts/1900b0aE.dag/Unity.PlasticSCM.Editor.Assistant.rsp2
[328/867    0s] WriteText Library/Bee/artifacts/1900b0aE.dag/Unity.Collections.Tests.CoreCLR.InternalJobNestedPrivate.rsp2
[329/867    0s] WriteText Library/Bee/artifacts/1900b0aE.dag/Unity.Rider.Editor.UnityAdditionalFile.txt
[330/867    0s] WriteText Library/Bee/artifacts/1900b0aE.dag/Unity.PlasticSCM.Editor.Assistant.UnityAdditionalFile.txt
[331/867    0s] WriteText Library/Bee/artifacts/1900b0aE.dag/Unity.Rendering.LightTransport.Editor.UnityAdditionalFile.txt
[332/867    0s] WriteText Library/Bee/artifacts/1900b0aE.dag/Unity.RenderPipelines.Universal.Shaders.UnityAdditionalFile.txt
[333/867    0s] WriteText Library/Bee/artifacts/1900b0aE.dag/Unity.InputSystem.ForUI.Editor.rsp2
[334/867    0s] WriteText Library/Bee/artifacts/1900b0aE.dag/Unity.InputSystem.ForUI.Editor.UnityAdditionalFile.txt
[335/867    0s] WriteText Library/Bee/artifacts/1900b0aE.dag/Unity.Collections.Tests.CoreCLR.PublicJobPrivateGeneric.rsp2
[336/867    0s] WriteText Library/Bee/artifacts/1900b0aE.dag/Unity.RenderPipelines.ShaderGraph.ShaderGraphLibrary.UnityAdditionalFile.txt
[337/867    0s] WriteText Library/Bee/artifacts/1900b0aE.dag/Unity.Collections.Tests.CoreCLR.PublicJobPrivateGeneric.UnityAdditionalFile.txt
[338/867    0s] WriteText Library/Bee/artifacts/1900b0aE.dag/Unity.Collections.Tests.CoreCLR.ProtectedJobNested.rsp2
[339/867    0s] WriteText Library/Bee/artifacts/1900b0aE.dag/Unity.Collections.Tests.CoreCLR.ProtectedJobNested.UnityAdditionalFile.txt
[340/867    0s] WriteText Library/Bee/artifacts/1900b0aE.dag/Unity.TextMeshPro.Editor.UnityAdditionalFile.txt
[341/867    0s] WriteText Library/Bee/artifacts/1900b0aE.dag/Unity.Rendering.LightTransport.Editor.rsp2
[342/867    0s] WriteText Library/Bee/artifacts/1900b0aE.dag/Unity.TextMeshPro.Editor.rsp2
[343/867    0s] WriteText Library/Bee/artifacts/1900b0aE.dag/Unity.Timeline.Editor.rsp2
[344/867    0s] WriteText Library/Bee/artifacts/1900b0aE.dag/Unity.RenderPipelines.Universal.2D.Editor.Overrides.UnityAdditionalFile.txt
[345/867    0s] WriteText Library/Bee/artifacts/1900b0aE.dag/Unity.Collections.Tests.CoreCLR.PrivateJobNested.UnityAdditionalFile.txt
[346/867    0s] WriteText Library/Bee/artifacts/1900b0aE.dag/Unity.Collections.Editor.UnityAdditionalFile.txt
[347/867    0s] WriteText Library/Bee/artifacts/1900b0aE.dag/Unity.AI.Navigation.Updater.UnityAdditionalFile.txt
[348/867    0s] WriteText Library/Bee/artifacts/1900b0aE.dag/UnityEditor.UI.Analytics.UnityAdditionalFile.txt
[349/867    0s] WriteText Library/Bee/artifacts/1900b0aE.dag/Unity.Collections.Tests.CoreCLR.PrivateJobNested.rsp2
[350/867    0s] WriteText Library/Bee/artifacts/1900b0aE.dag/UnityEditor.UI.Analytics.rsp2
[351/867    0s] WriteText Library/Bee/artifacts/1900b0aE.dag/Unity.RenderPipelines.Universal.Shaders.rsp2
[352/867    0s] WriteText Library/Bee/artifacts/1900b0aE.dag/Unity.VisualStudio.Editor.dll.mvfrm.rsp
[353/867    0s] WriteText Library/Bee/artifacts/1900b0aE.dag/Unity.Rider.Editor.dll.mvfrm.rsp
[354/867    0s] WriteText Library/Bee/artifacts/1900b0aE.dag/Unity.Collections.Tests.CoreCLR.InternalJobNestedPrivate.dll.mvfrm.rsp
[355/867    0s] WriteText Library/Bee/artifacts/1900b0aE.dag/Unity.RenderPipelines.Universal.2D.Editor.Overrides.dll.mvfrm.rsp
[356/867    0s] WriteText Library/Bee/artifacts/1900b0aE.dag/Unity.AI.Navigation.Updater.dll.mvfrm.rsp
[357/867    0s] WriteText Library/Bee/artifacts/1900b0aE.dag/Unity.RenderPipelines.Universal.Editor.dll.mvfrm.rsp
[358/867    0s] WriteText Library/Bee/artifacts/1900b0aE.dag/Unity.Collections.Editor.dll.mvfrm.rsp
[359/867    0s] WriteText Library/Bee/artifacts/1900b0aE.dag/Unity.Timeline.Editor.UnityAdditionalFile.txt
[360/867    0s] WriteText Library/Bee/artifacts/1900b0aE.dag/Unity.InputSystem.ForUI.Editor.dll.mvfrm.rsp
[361/867    0s] WriteText Library/Bee/artifacts/1900b0aE.dag/Unity.RenderPipelines.Universal.Shaders.dll.mvfrm.rsp
[362/867    0s] WriteText Library/Bee/artifacts/1900b0aE.dag/Unity.Collections.Tests.CoreCLR.PrivateJobNested.dll.mvfrm.rsp
[363/867    0s] WriteText Library/Bee/artifacts/1900b0aE.dag/Unity.Collections.Tests.CoreCLR.ProtectedJobNested.dll.mvfrm.rsp
[364/867    0s] WriteText Library/Bee/artifacts/1900b0aE.dag/Unity.Collections.Tests.CoreCLR.PublicJobPrivateGeneric.dll.mvfrm.rsp
[365/867    0s] WriteText Library/Bee/artifacts/1900b0aE.dag/Unity.PlasticSCM.Editor.Assistant.dll.mvfrm.rsp
[366/867    0s] WriteText Library/Bee/artifacts/1900b0aE.dag/Unity.Timeline.Editor.dll.mvfrm.rsp
[367/867    0s] MovedFromExtractor-Combine Library/Bee/artifacts/1900b0aE.dag/UnityEngine.TestRunner.dll.mvfrm
[368/867    0s] WriteText Library/Bee/artifacts/1900b0aE.dag/UnityEditor.UI.Analytics.dll.mvfrm.rsp
[369/867    0s] WriteText Library/Bee/artifacts/1900b0aE.dag/Unity.TextMeshPro.Editor.dll.mvfrm.rsp
[370/867    0s] WriteText Library/Bee/artifacts/1900b0aE.dag/Unity.RenderPipelines.Core.ShaderLibrary.dll.mvfrm.rsp
[371/867    0s] WriteText Library/Bee/artifacts/1900b0aE.dag/Unity.Rendering.LightTransport.Editor.dll.mvfrm.rsp
[372/867    0s] WriteText Library/Bee/artifacts/1900b0aE.dag/Unity.RenderPipelines.ShaderGraph.ShaderGraphLibrary.dll.mvfrm.rsp
[373/867    0s] WriteText Library/Bee/artifacts/1900b0aE.dag/Unity.Rider.Editor.rsp
[374/867    0s] WriteText Library/Bee/artifacts/1900b0aE.dag/Unity.Collections.Tests.CoreCLR.PublicJobPrivateGeneric.rsp
[375/867    0s] WriteText Library/Bee/artifacts/1900b0aE.dag/Unity.Collections.Editor.rsp
[376/867    0s] WriteText Library/Bee/artifacts/1900b0aE.dag/UnityEditor.UI.Analytics.rsp
[377/867    0s] WriteText Library/Bee/artifacts/1900b0aE.dag/Unity.Collections.Tests.CoreCLR.ProtectedJobNested.rsp
[378/867    0s] WriteText Library/Bee/artifacts/1900b0aE.dag/Unity.RenderPipelines.Universal.Editor.rsp
[379/867    0s] WriteText Library/Bee/artifacts/1900b0aE.dag/Unity.InputSystem.ForUI.Editor.rsp
[380/867    0s] WriteText Library/Bee/artifacts/1900b0aE.dag/Unity.Collections.Tests.CoreCLR.PrivateJobNested.rsp
[381/867    0s] WriteText Library/Bee/artifacts/1900b0aE.dag/Unity.VisualStudio.Editor.rsp
[382/867    0s] WriteText Library/Bee/artifacts/1900b0aE.dag/Unity.AI.Navigation.Updater.rsp
[383/867    0s] WriteText Library/Bee/artifacts/1900b0aE.dag/Unity.PlasticSCM.Editor.Assistant.rsp
[384/867    0s] WriteText Library/Bee/artifacts/1900b0aE.dag/Unity.Timeline.Editor.rsp
[385/867    0s] WriteText Library/Bee/artifacts/1900b0aE.dag/Unity.RenderPipelines.Core.ShaderLibrary.rsp
[386/867    0s] WriteText Library/Bee/artifacts/1900b0aE.dag/Unity.RenderPipelines.ShaderGraph.ShaderGraphLibrary.rsp
[387/867    0s] WriteText Library/Bee/artifacts/1900b0aE.dag/Unity.RenderPipelines.Universal.Shaders.rsp
[388/867    0s] WriteText Library/Bee/artifacts/1900b0aE.dag/Unity.RenderPipelines.Universal.2D.Editor.Overrides.rsp
[389/867    0s] WriteText Library/Bee/artifacts/1900b0aE.dag/Unity.PerformanceTesting.rsp2
[390/867    0s] WriteText Library/Bee/artifacts/1900b0aE.dag/Unity.PerformanceTesting.UnityAdditionalFile.txt
[391/867    0s] WriteText Library/Bee/artifacts/1900b0aE.dag/Unity.PerformanceTesting.dll.mvfrm.rsp
[392/867    0s] WriteText Library/Bee/artifacts/1900b0aE.dag/Unity.PerformanceTesting.rsp
[393/867    0s] WriteText Library/Bee/artifacts/1900b0aE.dag/Assembly-CSharp.rsp2
[394/867    0s] WriteText Library/Bee/artifacts/1900b0aE.dag/Unity.Collections.Tests.CoreCLR.InternalJobNestedPrivate.rsp
[395/867    0s] WriteText Library/Bee/artifacts/1900b0aE.dag/Unity.TextMeshPro.Editor.rsp
[396/867    0s] WriteText Library/Bee/artifacts/1900b0aE.dag/Assembly-CSharp.UnityAdditionalFile.txt
[397/867    0s] WriteText Library/Bee/artifacts/1900b0aE.dag/Unity.Rendering.LightTransport.Editor.rsp
[398/867    0s] WriteText Library/Bee/artifacts/1900b0aE.dag/Assembly-CSharp.dll.mvfrm.rsp
[399/867    0s] WriteText Library/Bee/artifacts/1900b0aE.dag/Unity.PerformanceTesting.Editor.dll.mvfrm.rsp
[400/867    0s] WriteText Library/Bee/artifacts/1900b0aE.dag/Assembly-CSharp.rsp
[401/867    0s] WriteText Library/Bee/artifacts/1900b0aE.dag/Unity.InputSystem.TestFramework.dll.mvfrm.rsp
[402/867    0s] WriteText Library/Bee/artifacts/1900b0aE.dag/Unity.InputSystem.DocCodeSamples.dll.mvfrm.rsp
[403/867    0s] WriteText Library/Bee/artifacts/1900b0aE.dag/Unity.InputSystem.TestFramework.UnityAdditionalFile.txt
[404/867    0s] WriteText Library/Bee/artifacts/1900b0aE.dag/Unity.InputSystem.TestFramework.rsp2
[405/867    0s] WriteText Library/Bee/artifacts/1900b0aE.dag/Assembly-CSharp-Editor.dll.mvfrm.rsp
[406/867    0s] WriteText Library/Bee/artifacts/1900b0aE.dag/Unity.PlasticSCM.Editor.Entities.dll.mvfrm.rsp
[407/867    0s] WriteText Library/Bee/artifacts/1900b0aE.dag/Unity.CollabProxy.Editor.dll.mvfrm.rsp
[408/867    0s] WriteText Library/Bee/artifacts/1900b0aE.dag/Unity.InputSystem.DocCodeSamples.rsp2
[409/867    0s] WriteText Library/Bee/artifacts/1900b0aE.dag/Unity.CollabProxy.Editor.rsp2
[410/867    0s] WriteText Library/Bee/artifacts/1900b0aE.dag/Unity.InputSystem.TestFramework.rsp
[411/867    0s] WriteText Library/Bee/artifacts/1900b0aE.dag/Unity.PlasticSCM.Editor.Entities.rsp2
[412/867    0s] WriteText Library/Bee/artifacts/1900b0aE.dag/Unity.PerformanceTesting.Editor.rsp2
[413/867    0s] WriteText Library/Bee/artifacts/1900b0aE.dag/Unity.CollabProxy.Editor.UnityAdditionalFile.txt
[414/867    0s] WriteText Library/Bee/artifacts/1900b0aE.dag/Assembly-CSharp-Editor.UnityAdditionalFile.txt
[415/867    0s] WriteText Library/Bee/artifacts/1900b0aE.dag/Unity.PlasticSCM.Editor.Entities.UnityAdditionalFile.txt
[416/867    0s] WriteText Library/Bee/artifacts/1900b0aE.dag/Assembly-CSharp-Editor.rsp2
[417/867    0s] WriteText Library/Bee/artifacts/1900b0aE.dag/Unity.PerformanceTesting.Editor.UnityAdditionalFile.txt
[418/867    0s] WriteText Library/Bee/artifacts/1900b0aE.dag/Unity.InputSystem.DocCodeSamples.rsp
[419/867    0s] WriteText Library/Bee/artifacts/1900b0aE.dag/Unity.InputSystem.DocCodeSamples.UnityAdditionalFile.txt
[420/867    0s] WriteText Library/Bee/artifacts/1900b0aE.dag/Assembly-CSharp-Editor.rsp
[421/867    0s] WriteText Library/Bee/artifacts/1900b0aE.dag/Unity.CollabProxy.Editor.rsp
[422/867    0s] WriteText Library/Bee/artifacts/1900b0aE.dag/Unity.PlasticSCM.Editor.Entities.rsp
[423/867    0s] WriteResponseFile Library/Bee/artifacts/rsp/15183482696195477058.rsp
[424/867    0s] WriteText Library/Bee/artifacts/1900b0aE.dag/Unity.PerformanceTesting.Editor.rsp
[425/867    0s] WriteResponseFile Library/Bee/artifacts/rsp/17525389461119239690.rsp
[426/867    0s] WriteResponseFile Library/Bee/artifacts/rsp/12912871946893575143.rsp
[427/867    0s] WriteResponseFile Library/Bee/artifacts/rsp/10397561839769426034.rsp
[428/867    0s] WriteResponseFile Library/Bee/artifacts/rsp/15085861467720516389.rsp
[429/867    0s] WriteResponseFile Library/Bee/artifacts/rsp/10411718816959651794.rsp
[430/867    0s] WriteResponseFile Library/Bee/artifacts/rsp/10678863128556690338.rsp
[431/867    0s] WriteResponseFile Library/Bee/artifacts/rsp/8899139255040401798.rsp
[432/867    0s] WriteResponseFile Library/Bee/artifacts/rsp/2897256077774953845.rsp
[433/867    0s] WriteResponseFile Library/Bee/artifacts/rsp/10010842633742469623.rsp
[434/867    0s] WriteResponseFile Library/Bee/artifacts/rsp/5803490648119114145.rsp
[435/867    0s] WriteResponseFile Library/Bee/artifacts/rsp/18218310762646611085.rsp
[436/867    0s] WriteResponseFile Library/Bee/artifacts/rsp/1478594098268573080.rsp
[437/867    0s] WriteResponseFile Library/Bee/artifacts/rsp/9870516708743257357.rsp
[438/867    0s] WriteResponseFile Library/Bee/artifacts/rsp/3232911574759799904.rsp
[439/867    0s] WriteResponseFile Library/Bee/artifacts/rsp/15966515983506956808.rsp
[440/867    0s] WriteResponseFile Library/Bee/artifacts/rsp/10745884157788120225.rsp
[441/867    0s] WriteResponseFile Library/Bee/artifacts/rsp/5546506141355401238.rsp
[442/867    0s] WriteResponseFile Library/Bee/artifacts/rsp/14832617886295879631.rsp
[443/867    0s] WriteResponseFile Library/Bee/artifacts/rsp/17346584914308636752.rsp
[444/867    0s] WriteResponseFile Library/Bee/artifacts/rsp/7606483801609891643.rsp
[445/867    0s] WriteResponseFile Library/Bee/artifacts/rsp/13686715218353603589.rsp
[446/867    0s] WriteResponseFile Library/Bee/artifacts/rsp/13909235412005675431.rsp
[447/867    0s] WriteResponseFile Library/Bee/artifacts/rsp/1418726328684876121.rsp
[448/867    0s] WriteResponseFile Library/Bee/artifacts/rsp/3064155424177982801.rsp
[449/867    0s] WriteResponseFile Library/Bee/artifacts/rsp/11294775302662683298.rsp
[450/867    0s] WriteResponseFile Library/Bee/artifacts/rsp/2157608619508796868.rsp
[451/867    0s] WriteResponseFile Library/Bee/artifacts/rsp/3071285868016441895.rsp
[452/867    0s] WriteResponseFile Library/Bee/artifacts/rsp/10882039081662076641.rsp
[453/867    0s] WriteResponseFile Library/Bee/artifacts/rsp/14316143403170570236.rsp
[454/867    0s] WriteResponseFile Library/Bee/artifacts/rsp/6413563044966999158.rsp
[455/867    0s] WriteResponseFile Library/Bee/artifacts/rsp/1237274906319909237.rsp
[456/867    0s] WriteResponseFile Library/Bee/artifacts/rsp/14566447020836459352.rsp
[457/867    0s] WriteResponseFile Library/Bee/artifacts/rsp/4014436084419441659.rsp
[458/867    0s] WriteResponseFile Library/Bee/artifacts/rsp/2953117779104569460.rsp
[459/867    0s] WriteResponseFile Library/Bee/artifacts/rsp/11787665206494273547.rsp
[460/867    0s] WriteResponseFile Library/Bee/artifacts/rsp/6083568660615989563.rsp
[461/867    0s] WriteResponseFile Library/Bee/artifacts/rsp/17296387151066238333.rsp
[462/867    0s] WriteResponseFile Library/Bee/artifacts/rsp/6262281476893245489.rsp
[463/867    0s] WriteResponseFile Library/Bee/artifacts/rsp/5652260764500437206.rsp
[464/867    0s] WriteResponseFile Library/Bee/artifacts/rsp/17723086061372457914.rsp
[465/867    0s] WriteResponseFile Library/Bee/artifacts/rsp/9703144790800738880.rsp
[466/867    0s] WriteResponseFile Library/Bee/artifacts/rsp/4772145154433932943.rsp
[467/867    0s] WriteResponseFile Library/Bee/artifacts/rsp/12900333509587573630.rsp
[468/867    0s] WriteResponseFile Library/Bee/artifacts/rsp/15154896315304165303.rsp
[469/867    0s] WriteResponseFile Library/Bee/artifacts/rsp/16285879237017002407.rsp
[470/867    0s] WriteResponseFile Library/Bee/artifacts/rsp/12812556936427222528.rsp
[471/867    0s] WriteResponseFile Library/Bee/artifacts/rsp/2400031028012695012.rsp
[472/867    0s] WriteResponseFile Library/Bee/artifacts/rsp/14402696373757716438.rsp
[473/867    0s] WriteResponseFile Library/Bee/artifacts/rsp/6841316898876630997.rsp
[474/867    0s] WriteResponseFile Library/Bee/artifacts/rsp/9675442845102135732.rsp
[475/867    0s] WriteResponseFile Library/Bee/artifacts/rsp/15394042617203071315.rsp
[476/867    0s] WriteResponseFile Library/Bee/artifacts/rsp/2655319114021734818.rsp
[477/867    0s] WriteResponseFile Library/Bee/artifacts/rsp/9963604852455136489.rsp
[478/867    0s] WriteResponseFile Library/Bee/artifacts/rsp/1488387367365330867.rsp
[479/867    0s] WriteResponseFile Library/Bee/artifacts/rsp/10292501669419677951.rsp
[480/867    0s] WriteResponseFile Library/Bee/artifacts/rsp/2781082588993088484.rsp
[481/867    0s] WriteResponseFile Library/Bee/artifacts/rsp/9111662996337956171.rsp
[482/867    0s] WriteResponseFile Library/Bee/artifacts/rsp/15183149355271759364.rsp
[483/867    0s] WriteResponseFile Library/Bee/artifacts/rsp/8863518860715653438.rsp
[484/867    0s] WriteResponseFile Library/Bee/artifacts/rsp/11820488456832421373.rsp
[485/867    0s] WriteResponseFile Library/Bee/artifacts/rsp/3938377011463375229.rsp
[486/867    0s] MovedFromExtractor Library/Bee/artifacts/mvdfrm/UnityEngine.NVIDIAModule.dll_1DCEAE9F48CEE3BB.mvfrm
[487/867    0s] MovedFromExtractor-Combine Library/Bee/artifacts/1900b0aE.dag/UnityEngine.UI.dll.mvfrm
[488/867    0s] MovedFromExtractor Library/Bee/artifacts/mvdfrm/Unity.CompilationPipeline.Common.dll_640278F779A54C72.mvfrm
[488/867    0s] Csc Library/Bee/artifacts/1900b0aE.dag/UnityEngine.TestRunner.dll (+2 others) [CacheHit 91009e3142519fc90f0412b4e8e4efdc00000000000000000000000000000006]
[489/867    0s] Csc Library/Bee/artifacts/1900b0aE.dag/UnityEngine.TestRunner.dll (+2 others)
[           0s] Csc Library/Bee/artifacts/1900b0aE.dag/UnityEngine.UI.dll (+2 others) [CacheMiss 9bad61e915e9cf18c7167fba4e8a9a8a00000000000000000000000000000006]
[491/867    0s] MovedFromExtractor Library/Bee/artifacts/mvdfrm/UnityEngine.TestRunner.ref.dll_E55D0F7C63F01D9E.mvfrm
[492/867    0s] MovedFromExtractor-Combine Library/Bee/artifacts/1900b0aE.dag/UnityEditor.TestRunner.dll.mvfrm
[491/867    0s] Csc Library/Bee/artifacts/1900b0aE.dag/UnityEditor.TestRunner.dll (+2 others) [CacheHit 3cdfa83452f0d7b0963af590a10f024300000000000000000000000000000006]
[493/867    0s] Csc Library/Bee/artifacts/1900b0aE.dag/UnityEditor.TestRunner.dll (+2 others)
[495/867    0s] MovedFromExtractor Library/Bee/artifacts/mvdfrm/UnityEditor.TestRunner.ref.dll_193EC4CE382CBFB3.mvfrm
[496/867    4s] Csc Library/Bee/artifacts/1900b0aE.dag/UnityEngine.UI.dll (+2 others)
[           0s] Csc Library/Bee/artifacts/1900b0aE.dag/UnityEngine.UI.dll (+2 others) [CacheWrite 9bad61e915e9cf18c7167fba4e8a9a8a00000000000000000000000000000006]
[497/867    0s] MovedFromExtractor Library/Bee/artifacts/mvdfrm/UnityEngine.UI.ref.dll_08FEAA520A2EFD60.mvfrm
[498/867    0s] MovedFromExtractor-Combine Library/Bee/artifacts/1900b0aE.dag/UnityEditor.UI.dll.mvfrm
[           0s] Csc Library/Bee/artifacts/1900b0aE.dag/UnityEditor.UI.dll (+2 others) [CacheMiss 6301ad8d3f08ca68b53c0be2f3e29e4a00000000000000000000000000000006]
[499/867    0s] Csc Library/Bee/artifacts/1900b0aE.dag/UnityEditor.UI.dll (+2 others)
[           0s] Csc Library/Bee/artifacts/1900b0aE.dag/UnityEditor.UI.dll (+2 others) [CacheWrite 6301ad8d3f08ca68b53c0be2f3e29e4a00000000000000000000000000000006]
[500/867    0s] MovedFromExtractor Library/Bee/artifacts/mvdfrm/UnityEditor.UI.ref.dll_4C98D3F7040CD4F5.mvfrm
[501/867    0s] MovedFromExtractor-Combine Library/Bee/artifacts/1900b0aE.dag/Unity.Burst.dll.mvfrm
[502/867    0s] MovedFromExtractor-Combine Library/Bee/artifacts/1900b0aE.dag/Unity.Profiling.Core.dll.mvfrm
[503/867    0s] MovedFromExtractor-Combine Library/Bee/artifacts/1900b0aE.dag/Unity.InputSystem.dll.mvfrm
[504/867    0s] MovedFromExtractor-Combine Library/Bee/artifacts/1900b0aE.dag/Unity.Searcher.Editor.dll.mvfrm
[505/867    0s] MovedFromExtractor-Combine Library/Bee/artifacts/1900b0aE.dag/Unity.InternalAPIEngineBridge.004.dll.mvfrm
[506/867    0s] MovedFromExtractor-Combine Library/Bee/artifacts/1900b0aE.dag/Unity.InternalAPIEngineBridge.ObjectDispatcher.Runtime.dll.mvfrm
[507/867    0s] MovedFromExtractor-Combine Library/Bee/artifacts/1900b0aE.dag/Unity.InternalAPIEngineBridge.RenderPipelines.Core.Editor.dll.mvfrm
[508/867    0s] MovedFromExtractor-Combine Library/Bee/artifacts/1900b0aE.dag/Unity.InternalAPIEngineBridge.RenderPipelines.Core.Runtime.Shared.dll.mvfrm
[           0s] Csc Library/Bee/artifacts/1900b0aE.dag/Unity.Profiling.Core.dll (+2 others) [CacheMiss 4703c9b3607e956f2bebb786ca6cb98a00000000000000000000000000000006]
[           0s] Csc Library/Bee/artifacts/1900b0aE.dag/Unity.Burst.dll (+2 others) [CacheMiss 92b53121f98abb324ab3dd7bb71dd5a800000000000000000000000000000006]
[506/867    0s] Csc Library/Bee/artifacts/1900b0aE.dag/Unity.InputSystem.dll (+2 others) [CacheHit 8df00b740e743caab79af37fbae8908900000000000000000000000000000006]
[509/867    0s] Csc Library/Bee/artifacts/1900b0aE.dag/Unity.InputSystem.dll (+2 others)
[511/867    0s] MovedFromExtractor-Combine Library/Bee/artifacts/1900b0aE.dag/Unity.GraphAuthoring.Editor.dll.mvfrm
[           0s] Csc Library/Bee/artifacts/1900b0aE.dag/Unity.InternalAPIEngineBridge.RenderPipelines.Core.Runtime.Shared.dll (+2 others) [CacheMiss da071865ffd0cb7127555f9d412ad16e00000000000000000000000000000006]
[           0s] Csc Library/Bee/artifacts/1900b0aE.dag/Unity.InternalAPIEngineBridge.RenderPipelines.Core.Editor.dll (+2 others) [CacheMiss 3b10f072a9515a4493696a6036d227cb00000000000000000000000000000006]
[           0s] Csc Library/Bee/artifacts/1900b0aE.dag/Unity.InternalAPIEngineBridge.ObjectDispatcher.Runtime.dll (+2 others) [CacheMiss 8d3734b577307554beace32fcffe67a600000000000000000000000000000006]
[512/867    0s] MovedFromExtractor-Combine Library/Bee/artifacts/1900b0aE.dag/Unity.InternalAPIEditorBridge.ShaderGraph.Editor.dll.mvfrm
[           0s] Csc Library/Bee/artifacts/1900b0aE.dag/Unity.GraphAuthoring.Editor.dll (+2 others) [CacheMiss 9caa43889b652bb64a2d3cc3aa43171200000000000000000000000000000006]
[513/867    0s] MovedFromExtractor Library/Bee/artifacts/mvdfrm/Unity.InputSystem.ref.dll_FD2EC87C14EBE081.mvfrm
[           0s] Csc Library/Bee/artifacts/1900b0aE.dag/Unity.InternalAPIEditorBridge.ShaderGraph.Editor.dll (+2 others) [CacheMiss 3649f0f45173fae162fa86a438792f3000000000000000000000000000000006]
[514/867    0s] Csc Library/Bee/artifacts/1900b0aE.dag/Unity.Burst.dll (+2 others)
[515/867    1s] Csc Library/Bee/artifacts/1900b0aE.dag/Unity.Profiling.Core.dll (+2 others)
[516/867    1s] Csc Library/Bee/artifacts/1900b0aE.dag/Unity.InternalAPIEngineBridge.RenderPipelines.Core.Runtime.Shared.dll (+2 others)
[           0s] Csc Library/Bee/artifacts/1900b0aE.dag/Unity.InternalAPIEngineBridge.004.dll (+2 others) [CacheMiss 874224ecaf9737d24c29dd13117ad47c00000000000000000000000000000006]
[517/867    1s] Csc Library/Bee/artifacts/1900b0aE.dag/Unity.InternalAPIEngineBridge.ObjectDispatcher.Runtime.dll (+2 others)
[518/867    1s] Csc Library/Bee/artifacts/1900b0aE.dag/Unity.InternalAPIEngineBridge.RenderPipelines.Core.Editor.dll (+2 others)
[           0s] Csc Library/Bee/artifacts/1900b0aE.dag/Unity.Burst.dll (+2 others) [CacheWrite 92b53121f98abb324ab3dd7bb71dd5a800000000000000000000000000000006]
[           0s] Csc Library/Bee/artifacts/1900b0aE.dag/Unity.Profiling.Core.dll (+2 others) [CacheWrite 4703c9b3607e956f2bebb786ca6cb98a00000000000000000000000000000006]
[           0s] Csc Library/Bee/artifacts/1900b0aE.dag/Unity.InternalAPIEngineBridge.RenderPipelines.Core.Runtime.Shared.dll (+2 others) [CacheWrite da071865ffd0cb7127555f9d412ad16e00000000000000000000000000000006]
[           0s] Csc Library/Bee/artifacts/1900b0aE.dag/Unity.InternalAPIEngineBridge.ObjectDispatcher.Runtime.dll (+2 others) [CacheWrite 8d3734b577307554beace32fcffe67a600000000000000000000000000000006]
[           0s] Csc Library/Bee/artifacts/1900b0aE.dag/Unity.InternalAPIEngineBridge.RenderPipelines.Core.Editor.dll (+2 others) [CacheWrite 3b10f072a9515a4493696a6036d227cb00000000000000000000000000000006]
[519/867    1s] Csc Library/Bee/artifacts/1900b0aE.dag/Unity.InternalAPIEditorBridge.ShaderGraph.Editor.dll (+2 others)
[520/867    1s] Csc Library/Bee/artifacts/1900b0aE.dag/Unity.GraphAuthoring.Editor.dll (+2 others)
[521/867    0s] Csc Library/Bee/artifacts/1900b0aE.dag/Unity.InternalAPIEngineBridge.004.dll (+2 others)
[522/867    0s] MovedFromExtractor Library/Bee/artifacts/mvdfrm/Unity.Burst.ref.dll_F30DFA20C0DD1968.mvfrm
[           0s] Csc Library/Bee/artifacts/1900b0aE.dag/Unity.InternalAPIEditorBridge.ShaderGraph.Editor.dll (+2 others) [CacheWrite 3649f0f45173fae162fa86a438792f3000000000000000000000000000000006]
[523/867    0s] MovedFromExtractor Library/Bee/artifacts/mvdfrm/Unity.Profiling.Core.ref.dll_DDC12D7300735955.mvfrm
[524/867    0s] MovedFromExtractor Library/Bee/artifacts/mvdfrm/Unity.InternalAPIEngineBridge.ObjectDispatcher.Runtime.ref.dll_A1D41508ACC00104.mvfrm
[525/867    0s] MovedFromExtractor Library/Bee/artifacts/mvdfrm/Unity.InternalAPIEngineBridge.RenderPipelines.Core.Runtime.Shared.ref.dll_5653DD95D72A0F49.mvfrm
[           0s] Csc Library/Bee/artifacts/1900b0aE.dag/Unity.InternalAPIEngineBridge.004.dll (+2 others) [CacheWrite 874224ecaf9737d24c29dd13117ad47c00000000000000000000000000000006]
[526/867    0s] MovedFromExtractor Library/Bee/artifacts/mvdfrm/Unity.InternalAPIEngineBridge.RenderPipelines.Core.Editor.ref.dll_9BED7CE7214FD91B.mvfrm
[           0s] Csc Library/Bee/artifacts/1900b0aE.dag/Unity.GraphAuthoring.Editor.dll (+2 others) [CacheWrite 9caa43889b652bb64a2d3cc3aa43171200000000000000000000000000000006]
[527/867    0s] MovedFromExtractor-Combine Library/Bee/artifacts/1900b0aE.dag/Unity.Collections.dll.mvfrm
[524/867    0s] Csc Library/Bee/artifacts/1900b0aE.dag/Unity.Searcher.Editor.dll (+2 others) [CacheHit f8e7e5122e584f001bb708681256579300000000000000000000000000000006]
[528/867    0s] Csc Library/Bee/artifacts/1900b0aE.dag/Unity.Searcher.Editor.dll (+2 others)
[530/867    0s] MovedFromExtractor-Combine Library/Bee/artifacts/1900b0aE.dag/Unity.AI.Navigation.dll.mvfrm
[531/867    0s] MovedFromExtractor-Combine Library/Bee/artifacts/1900b0aE.dag/Unity.AI.Navigation.Editor.ConversionSystem.dll.mvfrm
[           0s] Csc Library/Bee/artifacts/1900b0aE.dag/Unity.Collections.dll (+2 others) [CacheMiss 0028b13eb8a624f8213e9110594afec800000000000000000000000000000006]
[532/867    0s] MovedFromExtractor-Combine Library/Bee/artifacts/1900b0aE.dag/Unity.ShaderGraph.Utilities.dll.mvfrm
[           0s] Csc Library/Bee/artifacts/1900b0aE.dag/Unity.AI.Navigation.dll (+2 others) [CacheMiss 10efffaa6c8d20ef2e5f866ea93ccd8700000000000000000000000000000006]
[533/867    0s] MovedFromExtractor Library/Bee/artifacts/mvdfrm/Unity.InternalAPIEditorBridge.ShaderGraph.Editor.ref.dll_F96C86A2A70A815B.mvfrm
[534/867    0s] MovedFromExtractor Library/Bee/artifacts/mvdfrm/Unity.GraphAuthoring.Editor.ref.dll_7A473DE0FAD2FBAA.mvfrm
[           0s] Csc Library/Bee/artifacts/1900b0aE.dag/Unity.AI.Navigation.Editor.ConversionSystem.dll (+2 others) [CacheMiss b82d2ecf4f2a9459faed74a4b9ea1cf100000000000000000000000000000006]
[535/867    0s] MovedFromExtractor Library/Bee/artifacts/mvdfrm/Unity.Searcher.Editor.ref.dll_12B7E1785E41BE0E.mvfrm
[536/867    0s] MovedFromExtractor Library/Bee/artifacts/mvdfrm/Unity.InternalAPIEngineBridge.004.ref.dll_9F91F1CFF2D20E26.mvfrm
[           0s] Csc Library/Bee/artifacts/1900b0aE.dag/Unity.ShaderGraph.Utilities.dll (+2 others) [CacheMiss 5f273de6ec7df2a7552c82263d73ecd700000000000000000000000000000006]
[537/867    0s] MovedFromExtractor-Combine Library/Bee/artifacts/1900b0aE.dag/Unity.PlasticSCM.Editor.dll.mvfrm
[538/867    0s] MovedFromExtractor-Combine Library/Bee/artifacts/1900b0aE.dag/Unity.Timeline.dll.mvfrm
[539/867    0s] MovedFromExtractor-Combine Library/Bee/artifacts/1900b0aE.dag/Unity.TextMeshPro.dll.mvfrm
[540/867    0s] MovedFromExtractor-Combine Library/Bee/artifacts/1900b0aE.dag/Unity.InputSystem.ForUI.dll.mvfrm
[541/867    1s] Csc Library/Bee/artifacts/1900b0aE.dag/Unity.AI.Navigation.dll (+2 others)
[           0s] Csc Library/Bee/artifacts/1900b0aE.dag/Unity.PlasticSCM.Editor.dll (+2 others) [CacheMiss f4148fddfbc84ffb77b4714bfce3286d00000000000000000000000000000006]
[           0s] Csc Library/Bee/artifacts/1900b0aE.dag/Unity.TextMeshPro.dll (+2 others) [CacheMiss 063fbd80a63c5d220451488ebeb14b3900000000000000000000000000000006]
[536/867    0s] Csc Library/Bee/artifacts/1900b0aE.dag/Unity.InputSystem.ForUI.dll (+2 others) [CacheHit 006edbaf76137000d9ff4f695bbd71f900000000000000000000000000000006]
[542/867    0s] Csc Library/Bee/artifacts/1900b0aE.dag/Unity.InputSystem.ForUI.dll (+2 others)
[           0s] Csc Library/Bee/artifacts/1900b0aE.dag/Unity.Timeline.dll (+2 others) [CacheMiss 57310a57f765856fcd761a32e8ce16e200000000000000000000000000000006]
[           0s] Csc Library/Bee/artifacts/1900b0aE.dag/Unity.AI.Navigation.dll (+2 others) [CacheWrite 10efffaa6c8d20ef2e5f866ea93ccd8700000000000000000000000000000006]
[544/867    1s] Csc Library/Bee/artifacts/1900b0aE.dag/Unity.ShaderGraph.Utilities.dll (+2 others)
[545/867    1s] Csc Library/Bee/artifacts/1900b0aE.dag/Unity.AI.Navigation.Editor.ConversionSystem.dll (+2 others)
[           0s] Csc Library/Bee/artifacts/1900b0aE.dag/Unity.AI.Navigation.Editor.ConversionSystem.dll (+2 others) [CacheWrite b82d2ecf4f2a9459faed74a4b9ea1cf100000000000000000000000000000006]
[546/867    0s] MovedFromExtractor Library/Bee/artifacts/mvdfrm/Unity.InputSystem.ForUI.ref.dll_0478B67D1094CE70.mvfrm
[547/867    0s] MovedFromExtractor Library/Bee/artifacts/mvdfrm/Unity.AI.Navigation.ref.dll_407F07063643C512.mvfrm
[           0s] Csc Library/Bee/artifacts/1900b0aE.dag/Unity.ShaderGraph.Utilities.dll (+2 others) [CacheWrite 5f273de6ec7df2a7552c82263d73ecd700000000000000000000000000000006]
[548/867    0s] MovedFromExtractor-Combine Library/Bee/artifacts/1900b0aE.dag/Unity.VisualStudio.Editor.dll.mvfrm
[549/867    0s] MovedFromExtractor-Combine Library/Bee/artifacts/1900b0aE.dag/Unity.Rider.Editor.dll.mvfrm
[550/867    1s] MovedFromExtractor Library/Bee/artifacts/mvdfrm/Unity.AI.Navigation.Editor.ConversionSystem.ref.dll_D58562F0DF82BCBA.mvfrm
[551/867    1s] MovedFromExtractor Library/Bee/artifacts/mvdfrm/Unity.ShaderGraph.Utilities.ref.dll_0524057423981A9D.mvfrm
[552/867    1s] MovedFromExtractor-Combine Library/Bee/artifacts/1900b0aE.dag/Unity.AI.Navigation.Editor.dll.mvfrm
[553/867    2s] MovedFromExtractor-Combine Library/Bee/artifacts/1900b0aE.dag/Unity.RenderPipelines.Universal.Shaders.dll.mvfrm
[554/867    3s] MovedFromExtractor-Combine Library/Bee/artifacts/1900b0aE.dag/Unity.Rendering.LightTransport.Editor.dll.mvfrm
[           2s] Csc Library/Bee/artifacts/1900b0aE.dag/Unity.AI.Navigation.Editor.dll (+2 others) [CacheMiss d28d0d7419c0c92ae2649a307db37fd100000000000000000000000000000006]
[555/867    4s] MovedFromExtractor-Combine Library/Bee/artifacts/1900b0aE.dag/Unity.InputSystem.ForUI.Editor.dll.mvfrm
[556/867    1s] MovedFromExtractor-Combine Library/Bee/artifacts/1900b0aE.dag/Unity.RenderPipelines.Core.ShaderLibrary.dll.mvfrm
[557/867    1s] MovedFromExtractor-Combine Library/Bee/artifacts/1900b0aE.dag/Unity.RenderPipelines.ShaderGraph.ShaderGraphLibrary.dll.mvfrm
[558/867    6s] Csc Library/Bee/artifacts/1900b0aE.dag/Unity.Timeline.dll (+2 others)
[552/867    0s] Csc Library/Bee/artifacts/1900b0aE.dag/Unity.Rider.Editor.dll (+2 others) [CacheHit 1241a16f11ceae07af71b0e0c5b923ec00000000000000000000000000000006]
[559/867    0s] Csc Library/Bee/artifacts/1900b0aE.dag/Unity.Rider.Editor.dll (+2 others)
[561/867    6s] Csc Library/Bee/artifacts/1900b0aE.dag/Unity.TextMeshPro.dll (+2 others)
[553/867    0s] Csc Library/Bee/artifacts/1900b0aE.dag/Unity.VisualStudio.Editor.dll (+2 others) [CacheHit acdab1af57593010a275ca2ce6e4b95900000000000000000000000000000006]
[562/867    0s] Csc Library/Bee/artifacts/1900b0aE.dag/Unity.VisualStudio.Editor.dll (+2 others)
[           0s] Csc Library/Bee/artifacts/1900b0aE.dag/Unity.RenderPipelines.ShaderGraph.ShaderGraphLibrary.dll (+2 others) [CacheMiss 7eee691a91a550aabf88bd88309218e600000000000000000000000000000006]
[           0s] Csc Library/Bee/artifacts/1900b0aE.dag/Unity.Timeline.dll (+2 others) [CacheWrite 57310a57f765856fcd761a32e8ce16e200000000000000000000000000000006]
[           0s] Csc Library/Bee/artifacts/1900b0aE.dag/Unity.TextMeshPro.dll (+2 others) [CacheWrite 063fbd80a63c5d220451488ebeb14b3900000000000000000000000000000006]
[           0s] Csc Library/Bee/artifacts/1900b0aE.dag/Unity.RenderPipelines.Core.ShaderLibrary.dll (+2 others) [CacheMiss c688b9cad00023e85b8fea9342585dbc00000000000000000000000000000006]
[556/867    0s] Csc Library/Bee/artifacts/1900b0aE.dag/Unity.InputSystem.ForUI.Editor.dll (+2 others) [CacheHit 7e7f0b20b05b3cada6e252472752a1fa00000000000000000000000000000006]
[564/867    0s] Csc Library/Bee/artifacts/1900b0aE.dag/Unity.InputSystem.ForUI.Editor.dll (+2 others)
[566/867    1s] Csc Library/Bee/artifacts/1900b0aE.dag/Unity.AI.Navigation.Editor.dll (+2 others)
[567/867    0s] MovedFromExtractor Library/Bee/artifacts/mvdfrm/Unity.TextMeshPro.ref.dll_84A4293DBDD182DB.mvfrm
[568/867    0s] MovedFromExtractor Library/Bee/artifacts/mvdfrm/Unity.Timeline.ref.dll_621CDDF9C514DF8F.mvfrm
[           0s] Csc Library/Bee/artifacts/1900b0aE.dag/Unity.AI.Navigation.Editor.dll (+2 others) [CacheWrite d28d0d7419c0c92ae2649a307db37fd100000000000000000000000000000006]
[           0s] Csc Library/Bee/artifacts/1900b0aE.dag/Unity.Rendering.LightTransport.Editor.dll (+2 others) [CacheMiss 4d2c3f7b6f9ca7b61bcacdf06c610d2e00000000000000000000000000000006]
[569/867    1s] Csc Library/Bee/artifacts/1900b0aE.dag/Unity.RenderPipelines.Core.ShaderLibrary.dll (+2 others)
[570/867    2s] Csc Library/Bee/artifacts/1900b0aE.dag/Unity.RenderPipelines.ShaderGraph.ShaderGraphLibrary.dll (+2 others)
[571/867    1s] MovedFromExtractor-Combine Library/Bee/artifacts/1900b0aE.dag/UnityEditor.UI.Analytics.dll.mvfrm
[572/867    1s] MovedFromExtractor-Combine Library/Bee/artifacts/1900b0aE.dag/Unity.Timeline.Editor.dll.mvfrm
[573/867   10s] Csc Library/Bee/artifacts/1900b0aE.dag/Unity.Collections.dll (+2 others)
[574/867    2s] MovedFromExtractor Library/Bee/artifacts/mvdfrm/Unity.AI.Navigation.Editor.ref.dll_7989A1C8D57EF9BF.mvfrm
[           1s] Csc Library/Bee/artifacts/1900b0aE.dag/UnityEditor.UI.Analytics.dll (+2 others) [CacheMiss 72bc73de2ffeb2e977494aa6b6b1307900000000000000000000000000000006]
[           1s] Csc Library/Bee/artifacts/1900b0aE.dag/Unity.RenderPipelines.Core.ShaderLibrary.dll (+2 others) [CacheWrite c688b9cad00023e85b8fea9342585dbc00000000000000000000000000000006]
[           1s] Csc Library/Bee/artifacts/1900b0aE.dag/Unity.Timeline.Editor.dll (+2 others) [CacheMiss 0de34d5505b08a2803a1710f9f366db300000000000000000000000000000006]
[           1s] Csc Library/Bee/artifacts/1900b0aE.dag/Unity.RenderPipelines.ShaderGraph.ShaderGraphLibrary.dll (+2 others) [CacheWrite 7eee691a91a550aabf88bd88309218e600000000000000000000000000000006]
[           1s] Csc Library/Bee/artifacts/1900b0aE.dag/Unity.Collections.dll (+2 others) [CacheWrite 0028b13eb8a624f8213e9110594afec800000000000000000000000000000006]
[575/867    1s] MovedFromExtractor-Combine Library/Bee/artifacts/1900b0aE.dag/Unity.AI.Navigation.Updater.dll.mvfrm
[           1s] Csc Library/Bee/artifacts/1900b0aE.dag/Unity.RenderPipelines.Universal.Shaders.dll (+2 others) [CacheMiss 5c2e9c5e6909cd199a3ae7bf9ce73de900000000000000000000000000000006]
[576/867    2s] MovedFromExtractor-Combine Library/Bee/artifacts/1900b0aE.dag/Unity.PerformanceTesting.dll.mvfrm
[577/867    1s] MovedFromExtractor Library/Bee/artifacts/mvdfrm/Unity.Collections.ref.dll_656D7410E7809ECD.mvfrm
[           1s] Csc Library/Bee/artifacts/1900b0aE.dag/Unity.AI.Navigation.Updater.dll (+2 others) [CacheMiss df48a14e5cdeaf89b0ce1cc2fc6d86f800000000000000000000000000000006]
[569/867    0s] Csc Library/Bee/artifacts/1900b0aE.dag/Unity.PerformanceTesting.dll (+2 others) [CacheHit 1d4c0ede12257fed46fedba742e4905300000000000000000000000000000006]
[578/867    0s] Csc Library/Bee/artifacts/1900b0aE.dag/Unity.PerformanceTesting.dll (+2 others)
[580/867    1s] MovedFromExtractor-Combine Library/Bee/artifacts/1900b0aE.dag/Unity.RenderPipelines.Core.Runtime.dll.mvfrm
[581/867    6s] Csc Library/Bee/artifacts/1900b0aE.dag/Unity.Rendering.LightTransport.Editor.dll (+2 others)
[582/867    4s] Csc Library/Bee/artifacts/1900b0aE.dag/UnityEditor.UI.Analytics.dll (+2 others)
[583/867    1s] MovedFromExtractor-Combine Library/Bee/artifacts/1900b0aE.dag/Unity.UnifiedRayTracing.Runtime.dll.mvfrm
[           0s] Csc Library/Bee/artifacts/1900b0aE.dag/Unity.RenderPipelines.Core.Runtime.dll (+2 others) [CacheMiss ca1218025a2c661db7e36455ebcfd78f00000000000000000000000000000006]
[584/867    2s] Csc Library/Bee/artifacts/1900b0aE.dag/Unity.RenderPipelines.Universal.Shaders.dll (+2 others)
[           0s] Csc Library/Bee/artifacts/1900b0aE.dag/UnityEditor.UI.Analytics.dll (+2 others) [CacheWrite 72bc73de2ffeb2e977494aa6b6b1307900000000000000000000000000000006]
[           0s] Csc Library/Bee/artifacts/1900b0aE.dag/Unity.Rendering.LightTransport.Editor.dll (+2 others) [CacheWrite 4d2c3f7b6f9ca7b61bcacdf06c610d2e00000000000000000000000000000006]
[           0s] Csc Library/Bee/artifacts/1900b0aE.dag/Unity.UnifiedRayTracing.Runtime.dll (+2 others) [CacheMiss cbf301c2c750ae81f69a3c9d767e2e6700000000000000000000000000000006]
[           0s] Csc Library/Bee/artifacts/1900b0aE.dag/Unity.RenderPipelines.Universal.Shaders.dll (+2 others) [CacheWrite 5c2e9c5e6909cd199a3ae7bf9ce73de900000000000000000000000000000006]
[585/867    2s] Csc Library/Bee/artifacts/1900b0aE.dag/Unity.AI.Navigation.Updater.dll (+2 others)
[586/867    0s] MovedFromExtractor-Combine Library/Bee/artifacts/1900b0aE.dag/Unity.Collections.CodeGen.dll.mvfrm
[587/867    0s] MovedFromExtractor-Combine Library/Bee/artifacts/1900b0aE.dag/Unity.Collections.Editor.dll.mvfrm
[           0s] Csc Library/Bee/artifacts/1900b0aE.dag/Unity.AI.Navigation.Updater.dll (+2 others) [CacheWrite df48a14e5cdeaf89b0ce1cc2fc6d86f800000000000000000000000000000006]
[           0s] Csc Library/Bee/artifacts/1900b0aE.dag/Unity.Collections.CodeGen.dll (+2 others) [CacheMiss 88ad069b6f0c106746a143ef7865a13000000000000000000000000000000006]
[588/867    1s] MovedFromExtractor-Combine Library/Bee/artifacts/1900b0aE.dag/Unity.Collections.Tests.CoreCLR.InternalJobNestedPrivate.dll.mvfrm
[589/867    0s] MovedFromExtractor-Combine Library/Bee/artifacts/1900b0aE.dag/Unity.Collections.Tests.CoreCLR.ProtectedJobNested.dll.mvfrm
[590/867    1s] MovedFromExtractor-Combine Library/Bee/artifacts/1900b0aE.dag/Unity.Collections.Tests.CoreCLR.PublicJobPrivateGeneric.dll.mvfrm
[591/867    2s] MovedFromExtractor-Combine Library/Bee/artifacts/1900b0aE.dag/Unity.Collections.Tests.CoreCLR.PrivateJobNested.dll.mvfrm
[592/867    4s] Csc Library/Bee/artifacts/1900b0aE.dag/Unity.UnifiedRayTracing.Runtime.dll (+2 others)
[           2s] Csc Library/Bee/artifacts/1900b0aE.dag/Unity.Collections.Tests.CoreCLR.ProtectedJobNested.dll (+2 others) [CacheMiss 4b944db1f095a273bbd720bde622c40100000000000000000000000000000006]
[           2s] Csc Library/Bee/artifacts/1900b0aE.dag/Unity.Collections.Tests.CoreCLR.PublicJobPrivateGeneric.dll (+2 others) [CacheMiss c9ccaf4fd43231d57cd41e8a9978a1a900000000000000000000000000000006]
[593/867   19s] Csc Library/Bee/artifacts/1900b0aE.dag/Unity.PlasticSCM.Editor.dll (+2 others)
[           0s] Csc Library/Bee/artifacts/1900b0aE.dag/Unity.Collections.Tests.CoreCLR.PrivateJobNested.dll (+2 others) [CacheMiss 6ccfd35c44e65077d8664354c34c538d00000000000000000000000000000006]
[           0s] Csc Library/Bee/artifacts/1900b0aE.dag/Unity.UnifiedRayTracing.Runtime.dll (+2 others) [CacheWrite cbf301c2c750ae81f69a3c9d767e2e6700000000000000000000000000000006]
[           0s] Csc Library/Bee/artifacts/1900b0aE.dag/Unity.PlasticSCM.Editor.dll (+2 others) [CacheWrite f4148fddfbc84ffb77b4714bfce3286d00000000000000000000000000000006]
[594/867    3s] Csc Library/Bee/artifacts/1900b0aE.dag/Unity.Collections.CodeGen.dll (+2 others)
[595/867    0s] Csc Library/Bee/artifacts/1900b0aE.dag/Unity.Collections.Tests.CoreCLR.ProtectedJobNested.dll (+2 others)
[596/867    0s] MovedFromExtractor Library/Bee/artifacts/mvdfrm/Unity.UnifiedRayTracing.Runtime.ref.dll_1311DEF2651EFE0C.mvfrm
[597/867    1s] Csc Library/Bee/artifacts/1900b0aE.dag/Unity.Collections.Tests.CoreCLR.PublicJobPrivateGeneric.dll (+2 others)
[           0s] Csc Library/Bee/artifacts/1900b0aE.dag/Unity.Collections.CodeGen.dll (+2 others) [CacheWrite 88ad069b6f0c106746a143ef7865a13000000000000000000000000000000006]
[           1s] Csc Library/Bee/artifacts/1900b0aE.dag/Unity.Collections.Tests.CoreCLR.ProtectedJobNested.dll (+2 others) [CacheWrite 4b944db1f095a273bbd720bde622c40100000000000000000000000000000006]
[598/867    2s] Csc Library/Bee/artifacts/1900b0aE.dag/Unity.Collections.Tests.CoreCLR.PrivateJobNested.dll (+2 others)
[           1s] Csc Library/Bee/artifacts/1900b0aE.dag/Unity.Collections.Tests.CoreCLR.PublicJobPrivateGeneric.dll (+2 others) [CacheWrite c9ccaf4fd43231d57cd41e8a9978a1a900000000000000000000000000000006]
[           1s] Csc Library/Bee/artifacts/1900b0aE.dag/Unity.Collections.Tests.CoreCLR.InternalJobNestedPrivate.dll (+2 others) [CacheMiss f85610b0fd0e3a268993e22acc0dc98700000000000000000000000000000006]
[599/867   12s] Csc Library/Bee/artifacts/1900b0aE.dag/Unity.Timeline.Editor.dll (+2 others)
[600/867    2s] MovedFromExtractor Library/Bee/artifacts/mvdfrm/Unity.PlasticSCM.Editor.ref.dll_257AEB342BE77856.mvfrm
[           1s] Csc Library/Bee/artifacts/1900b0aE.dag/Unity.Collections.Tests.CoreCLR.PrivateJobNested.dll (+2 others) [CacheWrite 6ccfd35c44e65077d8664354c34c538d00000000000000000000000000000006]
[           1s] Csc Library/Bee/artifacts/1900b0aE.dag/Unity.Collections.Editor.dll (+2 others) [CacheMiss fca70ac4af946b3d89dcfab118624a4700000000000000000000000000000006]
[           0s] Csc Library/Bee/artifacts/1900b0aE.dag/Unity.Timeline.Editor.dll (+2 others) [CacheWrite 0de34d5505b08a2803a1710f9f366db300000000000000000000000000000006]
[601/867    0s] MovedFromExtractor-Combine Library/Bee/artifacts/1900b0aE.dag/Unity.PlasticSCM.Editor.Assistant.dll.mvfrm
[602/867    1s] MovedFromExtractor Library/Bee/artifacts/mvdfrm/Unity.Collections.Tests.CoreCLR.PublicJobPrivateGeneric.ref.dll_ED527B06A1060D96.mvfrm
[603/867    1s] Csc Library/Bee/artifacts/1900b0aE.dag/Unity.Collections.Tests.CoreCLR.InternalJobNestedPrivate.dll (+2 others)
[604/867    0s] MovedFromExtractor Library/Bee/artifacts/mvdfrm/Unity.Collections.Tests.CoreCLR.PrivateJobNested.ref.dll_ED7AB9B4EB8AC079.mvfrm
[605/867    0s] MovedFromExtractor Library/Bee/artifacts/mvdfrm/Unity.Timeline.Editor.ref.dll_0D3D3C0B73557612.mvfrm
[           0s] Csc Library/Bee/artifacts/1900b0aE.dag/Unity.PlasticSCM.Editor.Assistant.dll (+2 others) [CacheMiss 4fd52af139ce68482f80c78f3a36d81f00000000000000000000000000000006]
[           0s] Csc Library/Bee/artifacts/1900b0aE.dag/Unity.Collections.Tests.CoreCLR.InternalJobNestedPrivate.dll (+2 others) [CacheWrite f85610b0fd0e3a268993e22acc0dc98700000000000000000000000000000006]
[606/867    1s] Csc Library/Bee/artifacts/1900b0aE.dag/Unity.Collections.Editor.dll (+2 others)
[607/867    0s] MovedFromExtractor Library/Bee/artifacts/mvdfrm/Unity.Collections.Tests.CoreCLR.ProtectedJobNested.ref.dll_72D48B6844E3635E.mvfrm
[608/867    0s] MovedFromExtractor Library/Bee/artifacts/mvdfrm/Unity.AI.Navigation.Updater.ref.dll_34B8D5B7DED6E76D.mvfrm
[           0s] Csc Library/Bee/artifacts/1900b0aE.dag/Unity.Collections.Editor.dll (+2 others) [CacheWrite fca70ac4af946b3d89dcfab118624a4700000000000000000000000000000006]
[609/867    0s] MovedFromExtractor Library/Bee/artifacts/mvdfrm/Unity.RenderPipelines.Universal.Shaders.ref.dll_9468B054363B0720.mvfrm
[610/867    0s] MovedFromExtractor Library/Bee/artifacts/mvdfrm/Unity.Rendering.LightTransport.Editor.ref.dll_F96E2A343514CFAE.mvfrm
[611/867    0s] Csc Library/Bee/artifacts/1900b0aE.dag/Unity.PlasticSCM.Editor.Assistant.dll (+2 others)
[612/867    0s] MovedFromExtractor Library/Bee/artifacts/mvdfrm/Unity.Collections.Tests.CoreCLR.InternalJobNestedPrivate.ref.dll_C35F259C42248B04.mvfrm
[613/867    0s] MovedFromExtractor Library/Bee/artifacts/mvdfrm/UnityEditor.UI.Analytics.ref.dll_3B64A5A3A726AD5D.mvfrm
[           0s] Csc Library/Bee/artifacts/1900b0aE.dag/Unity.PlasticSCM.Editor.Assistant.dll (+2 others) [CacheWrite 4fd52af139ce68482f80c78f3a36d81f00000000000000000000000000000006]
[614/867    0s] MovedFromExtractor Library/Bee/artifacts/mvdfrm/Unity.RenderPipelines.ShaderGraph.ShaderGraphLibrary.ref.dll_1A2083B43FB0BF18.mvfrm
[615/867    0s] MovedFromExtractor Library/Bee/artifacts/mvdfrm/Unity.Collections.Editor.ref.dll_E4491E98C71DB4B4.mvfrm
[616/867   10s] Csc Library/Bee/artifacts/1900b0aE.dag/Unity.RenderPipelines.Core.Runtime.dll (+2 others)
[617/867    0s] MovedFromExtractor Library/Bee/artifacts/mvdfrm/Unity.InputSystem.ForUI.Editor.ref.dll_40FECCA5C63FF041.mvfrm
[618/867    0s] MovedFromExtractor Library/Bee/artifacts/mvdfrm/Unity.VisualStudio.Editor.ref.dll_3A975DBA53ABA4AD.mvfrm
[619/867    4s] ILPP-Configuration Library/ilpp-configuration.nevergeneratedoutput
[620/867    0s] MovedFromExtractor Library/Bee/artifacts/mvdfrm/Unity.RenderPipelines.Core.ShaderLibrary.ref.dll_7F2C410A434F5518.mvfrm
[           0s] Csc Library/Bee/artifacts/1900b0aE.dag/Unity.RenderPipelines.Core.Runtime.dll (+2 others) [CacheWrite ca1218025a2c661db7e36455ebcfd78f00000000000000000000000000000006]
[621/867    0s] MovedFromExtractor Library/Bee/artifacts/mvdfrm/Unity.PlasticSCM.Editor.Assistant.ref.dll_8E2FBDF189F35426.mvfrm
[622/867    0s] MovedFromExtractor Library/Bee/artifacts/mvdfrm/Unity.Rider.Editor.ref.dll_9B5591808ABA37AF.mvfrm
[623/867    0s] MovedFromExtractor Library/Bee/artifacts/mvdfrm/Unity.PerformanceTesting.ref.dll_F99DC928B1D72E5E.mvfrm
[624/867    0s] MovedFromExtractor-Combine Library/Bee/artifacts/1900b0aE.dag/Unity.InputSystem.TestFramework.dll.mvfrm
[625/867    0s] MovedFromExtractor-Combine Library/Bee/artifacts/1900b0aE.dag/Unity.CollabProxy.Editor.dll.mvfrm
[626/867    0s] MovedFromExtractor-Combine Library/Bee/artifacts/1900b0aE.dag/Unity.PlasticSCM.Editor.Entities.dll.mvfrm
[627/867    0s] MovedFromExtractor-Combine Library/Bee/artifacts/1900b0aE.dag/Unity.InputSystem.DocCodeSamples.dll.mvfrm
[628/867    0s] MovedFromExtractor-Combine Library/Bee/artifacts/1900b0aE.dag/Unity.PerformanceTesting.Editor.dll.mvfrm
[           0s] Csc Library/Bee/artifacts/1900b0aE.dag/Unity.PlasticSCM.Editor.Entities.dll (+2 others) [CacheMiss f0075ce49fd819a228dd88f424d6763200000000000000000000000000000006]
[619/867    0s] Csc Library/Bee/artifacts/1900b0aE.dag/Unity.InputSystem.TestFramework.dll (+2 others) [CacheHit aba176ad8f6fb407bbbec7484cb60e1100000000000000000000000000000006]
[629/867    0s] Csc Library/Bee/artifacts/1900b0aE.dag/Unity.InputSystem.TestFramework.dll (+2 others)
[           0s] Csc Library/Bee/artifacts/1900b0aE.dag/Unity.CollabProxy.Editor.dll (+2 others) [CacheMiss 886c192de90d6c6e0fd4386b3d46d37a00000000000000000000000000000006]
[620/867    0s] Csc Library/Bee/artifacts/1900b0aE.dag/Unity.InputSystem.DocCodeSamples.dll (+2 others) [CacheHit af3e21cc69c2285b06a302b76e8d50c200000000000000000000000000000006]
[631/867    0s] Csc Library/Bee/artifacts/1900b0aE.dag/Unity.InputSystem.DocCodeSamples.dll (+2 others)
[633/867    0s] MovedFromExtractor Library/Bee/artifacts/mvdfrm/Unity.RenderPipelines.Core.Runtime.ref.dll_CE6A42C97D96EB0A.mvfrm
[622/867    0s] Csc Library/Bee/artifacts/1900b0aE.dag/Unity.PerformanceTesting.Editor.dll (+2 others) [CacheHit 6ce4a5aae21fe5ab310282bc8d19763100000000000000000000000000000006]
[634/867    0s] Csc Library/Bee/artifacts/1900b0aE.dag/Unity.PerformanceTesting.Editor.dll (+2 others)
[636/867    0s] MovedFromExtractor-Combine Library/Bee/artifacts/1900b0aE.dag/Unity.PathTracing.Runtime.dll.mvfrm
[637/867    0s] MovedFromExtractor-Combine Library/Bee/artifacts/1900b0aE.dag/Unity.RenderPipelines.GPUDriven.Runtime.dll.mvfrm
[           0s] Csc Library/Bee/artifacts/1900b0aE.dag/Unity.PathTracing.Runtime.dll (+2 others) [CacheMiss d160b718f55c72c5606cad547a58eb2500000000000000000000000000000006]
[638/867    0s] Csc Library/Bee/artifacts/1900b0aE.dag/Unity.PlasticSCM.Editor.Entities.dll (+2 others)
[639/867    1s] Csc Library/Bee/artifacts/1900b0aE.dag/Unity.CollabProxy.Editor.dll (+2 others)
[           0s] Csc Library/Bee/artifacts/1900b0aE.dag/Unity.RenderPipelines.GPUDriven.Runtime.dll (+2 others) [CacheMiss 1c7e6789dfa09da46987a89fd793fcd800000000000000000000000000000006]
[           0s] Csc Library/Bee/artifacts/1900b0aE.dag/Unity.PlasticSCM.Editor.Entities.dll (+2 others) [CacheWrite f0075ce49fd819a228dd88f424d6763200000000000000000000000000000006]
[           0s] Csc Library/Bee/artifacts/1900b0aE.dag/Unity.CollabProxy.Editor.dll (+2 others) [CacheWrite 886c192de90d6c6e0fd4386b3d46d37a00000000000000000000000000000006]
[640/867    1s] ILPostProcess Library/Bee/artifacts/1900b0aE.dag/post-processed/Unity.Collections.Tests.CoreCLR.ProtectedJobNested.dll (+pdb)
Processing assembly Library/Bee/artifacts/1900b0aE.dag/Unity.Collections.Tests.CoreCLR.ProtectedJobNested.dll, with 148 defines and 301 references

processors: Unity.Jobs.CodeGen.JobsILPostProcessor, zzzUnity.Burst.CodeGen.BurstILPostProcessor

1 processor(s) skipped this assembly

running Unity.Jobs.CodeGen.JobsILPostProcessor
[641/867    1s] ILPostProcess Library/Bee/artifacts/1900b0aE.dag/post-processed/Unity.Collections.Tests.CoreCLR.PublicJobPrivateGeneric.dll (+pdb)
Processing assembly Library/Bee/artifacts/1900b0aE.dag/Unity.Collections.Tests.CoreCLR.PublicJobPrivateGeneric.dll, with 148 defines and 301 references

processors: Unity.Jobs.CodeGen.JobsILPostProcessor, zzzUnity.Burst.CodeGen.BurstILPostProcessor

1 processor(s) skipped this assembly

running Unity.Jobs.CodeGen.JobsILPostProcessor
[642/867    0s] MovedFromExtractor-Combine Library/Bee/artifacts/1900b0aE.dag/Unity.RenderPipelines.Core.Runtime.Shared.dll.mvfrm
[643/867    1s] ILPostProcess Library/Bee/artifacts/1900b0aE.dag/post-processed/Unity.InputSystem.TestFramework.dll (+pdb)
Processing assembly Library/Bee/artifacts/1900b0aE.dag/Unity.InputSystem.TestFramework.dll, with 150 defines and 292 references

processors: Unity.Jobs.CodeGen.JobsILPostProcessor, zzzUnity.Burst.CodeGen.BurstILPostProcessor

1 processor(s) skipped this assembly

running Unity.Jobs.CodeGen.JobsILPostProcessor
[644/867    0s] MovedFromExtractor-Combine Library/Bee/artifacts/1900b0aE.dag/Unity.RenderPipeline.Universal.ShaderLibrary.dll.mvfrm
[645/867    0s] MovedFromExtractor-Combine Library/Bee/artifacts/1900b0aE.dag/Unity.RenderPipelines.Universal.Config.Runtime.dll.mvfrm
[646/867    0s] MovedFromExtractor-Combine Library/Bee/artifacts/1900b0aE.dag/Unity.TextMeshPro.Editor.dll.mvfrm
[           0s] Csc Library/Bee/artifacts/1900b0aE.dag/Unity.RenderPipeline.Universal.ShaderLibrary.dll (+2 others) [CacheMiss 8a2d3204f539a5b6f85475bed5e41e3b00000000000000000000000000000006]
[           1s] Csc Library/Bee/artifacts/1900b0aE.dag/Unity.RenderPipelines.Core.Runtime.Shared.dll (+2 others) [CacheMiss ffc63137427304314b269f76062c431700000000000000000000000000000006]
[647/867    2s] Csc Library/Bee/artifacts/1900b0aE.dag/Unity.PathTracing.Runtime.dll (+2 others)
[           1s] Csc Library/Bee/artifacts/1900b0aE.dag/Unity.RenderPipelines.Universal.Config.Runtime.dll (+2 others) [CacheMiss 65ec64c671f44551befd4e7a412ca34600000000000000000000000000000006]
[           1s] Csc Library/Bee/artifacts/1900b0aE.dag/Unity.TextMeshPro.Editor.dll (+2 others) [CacheMiss 2abcaf5f9a8b980221de6654b69a2e2a00000000000000000000000000000006]
[648/867    3s] ILPostProcess Library/Bee/artifacts/1900b0aE.dag/post-processed/UnityEngine.UI.dll (+pdb)
Processing assembly Library/Bee/artifacts/1900b0aE.dag/UnityEngine.UI.dll, with 154 defines and 298 references

processors: Unity.Jobs.CodeGen.JobsILPostProcessor, zzzUnity.Burst.CodeGen.BurstILPostProcessor

1 processor(s) skipped this assembly

running Unity.Jobs.CodeGen.JobsILPostProcessor
[649/867    1s] ILPostProcess Library/Bee/artifacts/1900b0aE.dag/post-processed/Unity.InternalAPIEngineBridge.004.dll (+pdb)
Processing assembly Library/Bee/artifacts/1900b0aE.dag/Unity.InternalAPIEngineBridge.004.dll, with 148 defines and 300 references

processors: Unity.Jobs.CodeGen.JobsILPostProcessor, zzzUnity.Burst.CodeGen.BurstILPostProcessor

1 processor(s) skipped this assembly

running Unity.Jobs.CodeGen.JobsILPostProcessor
[           0s] Csc Library/Bee/artifacts/1900b0aE.dag/Unity.PathTracing.Runtime.dll (+2 others) [CacheWrite d160b718f55c72c5606cad547a58eb2500000000000000000000000000000006]
[650/867    3s] Csc Library/Bee/artifacts/1900b0aE.dag/Unity.RenderPipelines.GPUDriven.Runtime.dll (+2 others)
[651/867    1s] Csc Library/Bee/artifacts/1900b0aE.dag/Unity.RenderPipeline.Universal.ShaderLibrary.dll (+2 others)
[652/867    1s] Csc Library/Bee/artifacts/1900b0aE.dag/Unity.RenderPipelines.Core.Runtime.Shared.dll (+2 others)
[653/867    0s] MovedFromExtractor Library/Bee/artifacts/mvdfrm/Unity.PathTracing.Runtime.ref.dll_A3836DD8411AE5EF.mvfrm
[           0s] Csc Library/Bee/artifacts/1900b0aE.dag/Unity.RenderPipelines.GPUDriven.Runtime.dll (+2 others) [CacheWrite 1c7e6789dfa09da46987a89fd793fcd800000000000000000000000000000006]
[654/867    0s] Csc Library/Bee/artifacts/1900b0aE.dag/Unity.RenderPipelines.Universal.Config.Runtime.dll (+2 others)
[655/867    0s] ILPostProcess Library/Bee/artifacts/1900b0aE.dag/post-processed/Unity.Profiling.Core.dll (+pdb)
Processing assembly Library/Bee/artifacts/1900b0aE.dag/Unity.Profiling.Core.dll, with 148 defines and 300 references

processors: Unity.Jobs.CodeGen.JobsILPostProcessor, zzzUnity.Burst.CodeGen.BurstILPostProcessor

1 processor(s) skipped this assembly

running Unity.Jobs.CodeGen.JobsILPostProcessor
[           0s] Csc Library/Bee/artifacts/1900b0aE.dag/Unity.RenderPipelines.Core.Runtime.Shared.dll (+2 others) [CacheWrite ffc63137427304314b269f76062c431700000000000000000000000000000006]
[           0s] Csc Library/Bee/artifacts/1900b0aE.dag/Unity.RenderPipeline.Universal.ShaderLibrary.dll (+2 others) [CacheWrite 8a2d3204f539a5b6f85475bed5e41e3b00000000000000000000000000000006]
[           0s] Csc Library/Bee/artifacts/1900b0aE.dag/Unity.RenderPipelines.Universal.Config.Runtime.dll (+2 others) [CacheWrite 65ec64c671f44551befd4e7a412ca34600000000000000000000000000000006]
[656/867    0s] MovedFromExtractor-Combine Library/Bee/artifacts/1900b0aE.dag/Unity.PathTracing.Editor.dll.mvfrm
[657/867    0s] MovedFromExtractor-Combine Library/Bee/artifacts/1900b0aE.dag/Unity.SurfaceCache.Runtime.dll.mvfrm
[658/867    0s] MovedFromExtractor Library/Bee/artifacts/mvdfrm/Unity.RenderPipelines.Core.Runtime.Shared.ref.dll_547B576A1A56EABF.mvfrm
[659/867    0s] MovedFromExtractor Library/Bee/artifacts/mvdfrm/Unity.RenderPipelines.GPUDriven.Runtime.ref.dll_94F5458D7254E99F.mvfrm
[660/867    1s] MovedFromExtractor Library/Bee/artifacts/mvdfrm/Unity.RenderPipeline.Universal.ShaderLibrary.ref.dll_5436F99F8BDCED8B.mvfrm
[           0s] Csc Library/Bee/artifacts/1900b0aE.dag/Unity.PathTracing.Editor.dll (+2 others) [CacheMiss d398c8dcb70e3436904e1c077dc04aaa00000000000000000000000000000006]
[           0s] Csc Library/Bee/artifacts/1900b0aE.dag/Unity.SurfaceCache.Runtime.dll (+2 others) [CacheMiss 431b6dcd8f88edbf175a654c9416095200000000000000000000000000000006]
[661/867    1s] MovedFromExtractor Library/Bee/artifacts/mvdfrm/Unity.RenderPipelines.Universal.Config.Runtime.ref.dll_5D92000A132D4840.mvfrm
[662/867    0s] ILPostProcess Library/Bee/artifacts/1900b0aE.dag/post-processed/Unity.RenderPipelines.Universal.Config.Runtime.dll (+pdb)
Processing assembly Library/Bee/artifacts/1900b0aE.dag/Unity.RenderPipelines.Universal.Config.Runtime.dll, with 148 defines and 301 references

processors: Unity.Jobs.CodeGen.JobsILPostProcessor, zzzUnity.Burst.CodeGen.BurstILPostProcessor

1 processor(s) skipped this assembly

running Unity.Jobs.CodeGen.JobsILPostProcessor
[663/867    0s] ILPostProcess Library/Bee/artifacts/1900b0aE.dag/post-processed/Unity.InternalAPIEngineBridge.RenderPipelines.Core.Runtime.Shared.dll (+pdb)
Processing assembly Library/Bee/artifacts/1900b0aE.dag/Unity.InternalAPIEngineBridge.RenderPipelines.Core.Runtime.Shared.dll, with 148 defines and 300 references

processors: Unity.Jobs.CodeGen.JobsILPostProcessor, zzzUnity.Burst.CodeGen.BurstILPostProcessor

1 processor(s) skipped this assembly

running Unity.Jobs.CodeGen.JobsILPostProcessor
[664/867    2s] Csc Library/Bee/artifacts/1900b0aE.dag/Unity.TextMeshPro.Editor.dll (+2 others)
[           0s] Csc Library/Bee/artifacts/1900b0aE.dag/Unity.TextMeshPro.Editor.dll (+2 others) [CacheWrite 2abcaf5f9a8b980221de6654b69a2e2a00000000000000000000000000000006]
[665/867    1s] ILPostProcess Library/Bee/artifacts/1900b0aE.dag/post-processed/Unity.RenderPipelines.Universal.Shaders.dll (+pdb)
Processing assembly Library/Bee/artifacts/1900b0aE.dag/Unity.RenderPipelines.Universal.Shaders.dll, with 148 defines and 300 references

processors: Unity.Jobs.CodeGen.JobsILPostProcessor, zzzUnity.Burst.CodeGen.BurstILPostProcessor

1 processor(s) skipped this assembly

running Unity.Jobs.CodeGen.JobsILPostProcessor
[666/867    0s] ILPostProcess Library/Bee/artifacts/1900b0aE.dag/post-processed/Unity.Collections.Tests.CoreCLR.PrivateJobNested.dll (+pdb)
Processing assembly Library/Bee/artifacts/1900b0aE.dag/Unity.Collections.Tests.CoreCLR.PrivateJobNested.dll, with 148 defines and 301 references

processors: Unity.Jobs.CodeGen.JobsILPostProcessor, zzzUnity.Burst.CodeGen.BurstILPostProcessor

1 processor(s) skipped this assembly

running Unity.Jobs.CodeGen.JobsILPostProcessor
[667/867    0s] MovedFromExtractor Library/Bee/artifacts/mvdfrm/Unity.TextMeshPro.Editor.ref.dll_159E061D77A10B86.mvfrm
[668/867    1s] Csc Library/Bee/artifacts/1900b0aE.dag/Unity.SurfaceCache.Runtime.dll (+2 others)
[669/867    1s] ILPostProcess Library/Bee/artifacts/1900b0aE.dag/post-processed/Unity.RenderPipeline.Universal.ShaderLibrary.dll (+pdb)
Processing assembly Library/Bee/artifacts/1900b0aE.dag/Unity.RenderPipeline.Universal.ShaderLibrary.dll, with 148 defines and 301 references

processors: Unity.Jobs.CodeGen.JobsILPostProcessor, zzzUnity.Burst.CodeGen.BurstILPostProcessor

1 processor(s) skipped this assembly

running Unity.Jobs.CodeGen.JobsILPostProcessor
[           0s] Csc Library/Bee/artifacts/1900b0aE.dag/Unity.SurfaceCache.Runtime.dll (+2 others) [CacheWrite 431b6dcd8f88edbf175a654c9416095200000000000000000000000000000006]
[670/867    0s] ILPostProcess Library/Bee/artifacts/1900b0aE.dag/post-processed/Unity.AI.Navigation.dll (+pdb)
Processing assembly Library/Bee/artifacts/1900b0aE.dag/Unity.AI.Navigation.dll, with 149 defines and 300 references

processors: Unity.Jobs.CodeGen.JobsILPostProcessor, zzzUnity.Burst.CodeGen.BurstILPostProcessor

1 processor(s) skipped this assembly

running Unity.Jobs.CodeGen.JobsILPostProcessor
[671/867    1s] Csc Library/Bee/artifacts/1900b0aE.dag/Unity.PathTracing.Editor.dll (+2 others)
[672/867    0s] MovedFromExtractor Library/Bee/artifacts/mvdfrm/Unity.SurfaceCache.Runtime.ref.dll_1F80B23B2A61B75D.mvfrm
[           0s] Csc Library/Bee/artifacts/1900b0aE.dag/Unity.PathTracing.Editor.dll (+2 others) [CacheWrite d398c8dcb70e3436904e1c077dc04aaa00000000000000000000000000000006]
[673/867    0s] MovedFromExtractor-Combine Library/Bee/artifacts/1900b0aE.dag/Unity.RenderPipelines.Universal.Runtime.dll.mvfrm
[674/867    0s] MovedFromExtractor Library/Bee/artifacts/mvdfrm/Unity.PathTracing.Editor.ref.dll_D122108C09459E7C.mvfrm
[           0s] Csc Library/Bee/artifacts/1900b0aE.dag/Unity.RenderPipelines.Universal.Runtime.dll (+2 others) [CacheMiss e1650734cd625179cb1bd8f0173d5d6b00000000000000000000000000000006]
[675/867    0s] MovedFromExtractor-Combine Library/Bee/artifacts/1900b0aE.dag/Unity.RenderPipelines.Core.Editor.dll.mvfrm
[           0s] Csc Library/Bee/artifacts/1900b0aE.dag/Unity.RenderPipelines.Core.Editor.dll (+2 others) [CacheMiss 36c79be500d1b3d6b0e2652df37031c500000000000000000000000000000006]
[676/867    2s] ILPostProcess Library/Bee/artifacts/1900b0aE.dag/post-processed/Unity.RenderPipelines.GPUDriven.Runtime.dll (+pdb)
Processing assembly Library/Bee/artifacts/1900b0aE.dag/Unity.RenderPipelines.GPUDriven.Runtime.dll, with 149 defines and 304 references

processors: Unity.Jobs.CodeGen.JobsILPostProcessor, zzzUnity.Burst.CodeGen.BurstILPostProcessor

running Unity.Jobs.CodeGen.JobsILPostProcessor

running zzzUnity.Burst.CodeGen.BurstILPostProcessor
[677/867    4s] ILPostProcess Library/Bee/artifacts/1900b0aE.dag/post-processed/Unity.PathTracing.Runtime.dll (+pdb)
Processing assembly Library/Bee/artifacts/1900b0aE.dag/Unity.PathTracing.Runtime.dll, with 151 defines and 303 references

processors: Unity.Jobs.CodeGen.JobsILPostProcessor, zzzUnity.Burst.CodeGen.BurstILPostProcessor

1 processor(s) skipped this assembly

running Unity.Jobs.CodeGen.JobsILPostProcessor
[678/867    3s] ILPostProcess Library/Bee/artifacts/1900b0aE.dag/post-processed/Unity.Burst.dll (+pdb)
Processing assembly Library/Bee/artifacts/1900b0aE.dag/Unity.Burst.dll, with 148 defines and 300 references

processors: Unity.Jobs.CodeGen.JobsILPostProcessor, zzzUnity.Burst.CodeGen.BurstILPostProcessor

running Unity.Jobs.CodeGen.JobsILPostProcessor

running zzzUnity.Burst.CodeGen.BurstILPostProcessor
[679/867    9s] ILPostProcess Library/Bee/artifacts/1900b0aE.dag/post-processed/Unity.RenderPipelines.Core.Runtime.dll (+pdb)
Processing assembly Library/Bee/artifacts/1900b0aE.dag/Unity.RenderPipelines.Core.Runtime.dll, with 153 defines and 303 references

processors: Unity.Jobs.CodeGen.JobsILPostProcessor, zzzUnity.Burst.CodeGen.BurstILPostProcessor

1 processor(s) skipped this assembly

running Unity.Jobs.CodeGen.JobsILPostProcessor
[680/867    5s] ILPostProcess Library/Bee/artifacts/1900b0aE.dag/post-processed/Unity.RenderPipelines.Core.Runtime.Shared.dll (+pdb)
Processing assembly Library/Bee/artifacts/1900b0aE.dag/Unity.RenderPipelines.Core.Runtime.Shared.dll, with 148 defines and 303 references

processors: Unity.Jobs.CodeGen.JobsILPostProcessor, zzzUnity.Burst.CodeGen.BurstILPostProcessor

1 processor(s) skipped this assembly

running Unity.Jobs.CodeGen.JobsILPostProcessor
[681/867    3s] ILPostProcess Library/Bee/artifacts/1900b0aE.dag/post-processed/Unity.RenderPipelines.ShaderGraph.ShaderGraphLibrary.dll (+pdb)
Processing assembly Library/Bee/artifacts/1900b0aE.dag/Unity.RenderPipelines.ShaderGraph.ShaderGraphLibrary.dll, with 148 defines and 300 references

processors: Unity.Jobs.CodeGen.JobsILPostProcessor, zzzUnity.Burst.CodeGen.BurstILPostProcessor

1 processor(s) skipped this assembly

running Unity.Jobs.CodeGen.JobsILPostProcessor
[682/867    4s] ILPostProcess Library/Bee/artifacts/1900b0aE.dag/post-processed/Unity.UnifiedRayTracing.Runtime.dll (+pdb)
Processing assembly Library/Bee/artifacts/1900b0aE.dag/Unity.UnifiedRayTracing.Runtime.dll, with 150 defines and 302 references

processors: Unity.Jobs.CodeGen.JobsILPostProcessor, zzzUnity.Burst.CodeGen.BurstILPostProcessor

running Unity.Jobs.CodeGen.JobsILPostProcessor

running zzzUnity.Burst.CodeGen.BurstILPostProcessor
[683/867    1s] ILPostProcess Library/Bee/artifacts/1900b0aE.dag/post-processed/Unity.SurfaceCache.Runtime.dll (+pdb)
Processing assembly Library/Bee/artifacts/1900b0aE.dag/Unity.SurfaceCache.Runtime.dll, with 149 defines and 303 references

processors: Unity.Jobs.CodeGen.JobsILPostProcessor, zzzUnity.Burst.CodeGen.BurstILPostProcessor

1 processor(s) skipped this assembly

running Unity.Jobs.CodeGen.JobsILPostProcessor
[684/867    7s] Csc Library/Bee/artifacts/1900b0aE.dag/Unity.RenderPipelines.Universal.Runtime.dll (+2 others)
[685/867    1s] ILPostProcess Library/Bee/artifacts/1900b0aE.dag/post-processed/Unity.RenderPipelines.Core.ShaderLibrary.dll (+pdb)
Processing assembly Library/Bee/artifacts/1900b0aE.dag/Unity.RenderPipelines.Core.ShaderLibrary.dll, with 148 defines and 300 references

processors: Unity.Jobs.CodeGen.JobsILPostProcessor, zzzUnity.Burst.CodeGen.BurstILPostProcessor

1 processor(s) skipped this assembly

running Unity.Jobs.CodeGen.JobsILPostProcessor
[           0s] Csc Library/Bee/artifacts/1900b0aE.dag/Unity.RenderPipelines.Universal.Runtime.dll (+2 others) [CacheWrite e1650734cd625179cb1bd8f0173d5d6b00000000000000000000000000000006]
[686/867    7s] Csc Library/Bee/artifacts/1900b0aE.dag/Unity.RenderPipelines.Core.Editor.dll (+2 others)
[           0s] Csc Library/Bee/artifacts/1900b0aE.dag/Unity.RenderPipelines.Core.Editor.dll (+2 others) [CacheWrite 36c79be500d1b3d6b0e2652df37031c500000000000000000000000000000006]
[687/867    0s] ILPostProcess Library/Bee/artifacts/1900b0aE.dag/post-processed/Unity.Collections.Tests.CoreCLR.InternalJobNestedPrivate.dll (+pdb)
Processing assembly Library/Bee/artifacts/1900b0aE.dag/Unity.Collections.Tests.CoreCLR.InternalJobNestedPrivate.dll, with 148 defines and 301 references

processors: Unity.Jobs.CodeGen.JobsILPostProcessor, zzzUnity.Burst.CodeGen.BurstILPostProcessor

1 processor(s) skipped this assembly

running Unity.Jobs.CodeGen.JobsILPostProcessor
[688/867    0s] MovedFromExtractor Library/Bee/artifacts/mvdfrm/Unity.RenderPipelines.Universal.Runtime.ref.dll_5400A10AF7CC6BEA.mvfrm
[689/867    0s] MovedFromExtractor Library/Bee/artifacts/mvdfrm/Unity.RenderPipelines.Core.Editor.ref.dll_46EB9B6930B27991.mvfrm
[690/867    0s] MovedFromExtractor-Combine Library/Bee/artifacts/1900b0aE.dag/Unity.RenderPipelines.Universal.2D.Runtime.dll.mvfrm
[691/867    0s] MovedFromExtractor-Combine Library/Bee/artifacts/1900b0aE.dag/Unity.ShaderGraph.Editor.dll.mvfrm
[692/867    0s] MovedFromExtractor-Combine Library/Bee/artifacts/1900b0aE.dag/Unity.RenderPipelines.Core.Editor.Shared.dll.mvfrm
[           0s] Csc Library/Bee/artifacts/1900b0aE.dag/Unity.RenderPipelines.Core.Editor.Shared.dll (+2 others) [CacheMiss bcd9101b5eaec86aafe61137ec7e613200000000000000000000000000000006]
[           0s] Csc Library/Bee/artifacts/1900b0aE.dag/Unity.ShaderGraph.Editor.dll (+2 others) [CacheMiss 9c42da4ac279174228b419403c524a5800000000000000000000000000000006]
[693/867    1s] Csc Library/Bee/artifacts/1900b0aE.dag/Unity.RenderPipelines.Core.Editor.Shared.dll (+2 others)
[           0s] Csc Library/Bee/artifacts/1900b0aE.dag/Unity.RenderPipelines.Core.Editor.Shared.dll (+2 others) [CacheWrite bcd9101b5eaec86aafe61137ec7e613200000000000000000000000000000006]
[694/867    4s] ILPostProcess Library/Bee/artifacts/1900b0aE.dag/post-processed/Unity.InputSystem.dll (+pdb)
Processing assembly Library/Bee/artifacts/1900b0aE.dag/Unity.InputSystem.dll, with 161 defines and 300 references

processors: Unity.Jobs.CodeGen.JobsILPostProcessor, zzzUnity.Burst.CodeGen.BurstILPostProcessor

1 processor(s) skipped this assembly

running Unity.Jobs.CodeGen.JobsILPostProcessor
[695/867    3s] ILPostProcess Library/Bee/artifacts/1900b0aE.dag/post-processed/Unity.Timeline.dll (+pdb)
Processing assembly Library/Bee/artifacts/1900b0aE.dag/Unity.Timeline.dll, with 149 defines and 300 references

processors: Unity.Jobs.CodeGen.JobsILPostProcessor, zzzUnity.Burst.CodeGen.BurstILPostProcessor

1 processor(s) skipped this assembly

running Unity.Jobs.CodeGen.JobsILPostProcessor
[696/867   11s] ILPostProcess Library/Bee/artifacts/1900b0aE.dag/post-processed/Unity.Collections.dll (+pdb)
Processing assembly Library/Bee/artifacts/1900b0aE.dag/Unity.Collections.dll, with 150 defines and 301 references

processors: Unity.Jobs.CodeGen.JobsILPostProcessor, zzzUnity.Burst.CodeGen.BurstILPostProcessor

running Unity.Jobs.CodeGen.JobsILPostProcessor

running zzzUnity.Burst.CodeGen.BurstILPostProcessor
[697/867    8s] ILPostProcess Library/Bee/artifacts/1900b0aE.dag/post-processed/Unity.TextMeshPro.dll (+pdb)
Processing assembly Library/Bee/artifacts/1900b0aE.dag/Unity.TextMeshPro.dll, with 149 defines and 301 references

processors: Unity.Jobs.CodeGen.JobsILPostProcessor, zzzUnity.Burst.CodeGen.BurstILPostProcessor

1 processor(s) skipped this assembly

running Unity.Jobs.CodeGen.JobsILPostProcessor
[698/867    2s] ILPostProcess Library/Bee/artifacts/1900b0aE.dag/post-processed/Unity.RenderPipelines.Universal.Runtime.dll (+pdb)
Processing assembly Library/Bee/artifacts/1900b0aE.dag/Unity.RenderPipelines.Universal.Runtime.dll, with 156 defines and 310 references

processors: Unity.Jobs.CodeGen.JobsILPostProcessor, zzzUnity.Burst.CodeGen.BurstILPostProcessor

running Unity.Jobs.CodeGen.JobsILPostProcessor

running zzzUnity.Burst.CodeGen.BurstILPostProcessor
[           0s] Csc Library/Bee/artifacts/1900b0aE.dag/Unity.RenderPipelines.Universal.2D.Runtime.dll (+2 others) [CacheMiss b77dea8c04c9626c2b4a6f0d3247831800000000000000000000000000000006]
[699/867    2s] ILPostProcess Library/Bee/artifacts/1900b0aE.dag/post-processed/UnityEngine.TestRunner.dll (+pdb)
Processing assembly Library/Bee/artifacts/1900b0aE.dag/UnityEngine.TestRunner.dll, with 149 defines and 287 references

processors: Unity.Jobs.CodeGen.JobsILPostProcessor, zzzUnity.Burst.CodeGen.BurstILPostProcessor

1 processor(s) skipped this assembly

running Unity.Jobs.CodeGen.JobsILPostProcessor
[700/867    0s] ILPostProcess Library/Bee/artifacts/1900b0aE.dag/post-processed/Unity.InternalAPIEngineBridge.ObjectDispatcher.Runtime.dll (+pdb)
Processing assembly Library/Bee/artifacts/1900b0aE.dag/Unity.InternalAPIEngineBridge.ObjectDispatcher.Runtime.dll, with 148 defines and 300 references

processors: Unity.Jobs.CodeGen.JobsILPostProcessor, zzzUnity.Burst.CodeGen.BurstILPostProcessor

1 processor(s) skipped this assembly

running Unity.Jobs.CodeGen.JobsILPostProcessor
[701/867    0s] MovedFromExtractor Library/Bee/artifacts/mvdfrm/Unity.RenderPipelines.Core.Editor.Shared.ref.dll_FAA396FB17B8C1A8.mvfrm
[702/867    0s] ILPostProcess Library/Bee/artifacts/1900b0aE.dag/post-processed/Unity.RenderPipelines.Core.Editor.Shared.dll (+pdb)
Processing assembly Library/Bee/artifacts/1900b0aE.dag/Unity.RenderPipelines.Core.Editor.Shared.dll, with 146 defines and 316 references

processors: Unity.Jobs.CodeGen.JobsILPostProcessor, zzzUnity.Burst.CodeGen.BurstILPostProcessor

1 processor(s) skipped this assembly

running Unity.Jobs.CodeGen.JobsILPostProcessor
[703/867    0s] ILPostProcess Library/Bee/artifacts/1900b0aE.dag/post-processed/Unity.ShaderGraph.Utilities.dll (+pdb)
Processing assembly Library/Bee/artifacts/1900b0aE.dag/Unity.ShaderGraph.Utilities.dll, with 146 defines and 309 references

processors: Unity.Jobs.CodeGen.JobsILPostProcessor, zzzUnity.Burst.CodeGen.BurstILPostProcessor

1 processor(s) skipped this assembly

running Unity.Jobs.CodeGen.JobsILPostProcessor
[704/867    0s] ILPostProcess Library/Bee/artifacts/1900b0aE.dag/post-processed/Unity.InputSystem.ForUI.dll (+pdb)
Processing assembly Library/Bee/artifacts/1900b0aE.dag/Unity.InputSystem.ForUI.dll, with 148 defines and 301 references

processors: Unity.Jobs.CodeGen.JobsILPostProcessor, zzzUnity.Burst.CodeGen.BurstILPostProcessor

1 processor(s) skipped this assembly

running Unity.Jobs.CodeGen.JobsILPostProcessor
[705/867    0s] ILPostProcess Library/Bee/artifacts/1900b0aE.dag/post-processed/Unity.PerformanceTesting.dll (+pdb)
Processing assembly Library/Bee/artifacts/1900b0aE.dag/Unity.PerformanceTesting.dll, with 149 defines and 290 references

processors: Unity.Jobs.CodeGen.JobsILPostProcessor, zzzUnity.Burst.CodeGen.BurstILPostProcessor

1 processor(s) skipped this assembly

running Unity.Jobs.CodeGen.JobsILPostProcessor
[706/867    0s] ILPostProcess Library/Bee/artifacts/1900b0aE.dag/post-processed/Unity.AI.Navigation.Editor.dll (+pdb)
Processing assembly Library/Bee/artifacts/1900b0aE.dag/Unity.AI.Navigation.Editor.dll, with 147 defines and 311 references

processors: Unity.Jobs.CodeGen.JobsILPostProcessor, zzzUnity.Burst.CodeGen.BurstILPostProcessor

1 processor(s) skipped this assembly

running Unity.Jobs.CodeGen.JobsILPostProcessor
[707/867    3s] Csc Library/Bee/artifacts/1900b0aE.dag/Unity.RenderPipelines.Universal.2D.Runtime.dll (+2 others)
[           1s] Csc Library/Bee/artifacts/1900b0aE.dag/Unity.RenderPipelines.Universal.2D.Runtime.dll (+2 others) [CacheWrite b77dea8c04c9626c2b4a6f0d3247831800000000000000000000000000000006]
[708/867    0s] MovedFromExtractor Library/Bee/artifacts/mvdfrm/Unity.RenderPipelines.Universal.2D.Runtime.ref.dll_D60199621A6AEC70.mvfrm
[709/867    6s] ILPostProcess Library/Bee/artifacts/1900b0aE.dag/post-processed/Unity.Collections.Editor.dll (+pdb)
Processing assembly Library/Bee/artifacts/1900b0aE.dag/Unity.Collections.Editor.dll, with 147 defines and 310 references

processors: Unity.Jobs.CodeGen.JobsILPostProcessor, zzzUnity.Burst.CodeGen.BurstILPostProcessor

1 processor(s) skipped this assembly

running Unity.Jobs.CodeGen.JobsILPostProcessor
[710/867    6s] ILPostProcess Library/Bee/artifacts/1900b0aE.dag/post-processed/Unity.RenderPipelines.Core.Editor.dll (+pdb)
Processing assembly Library/Bee/artifacts/1900b0aE.dag/Unity.RenderPipelines.Core.Editor.dll, with 150 defines and 317 references

processors: Unity.Jobs.CodeGen.JobsILPostProcessor, zzzUnity.Burst.CodeGen.BurstILPostProcessor

1 processor(s) skipped this assembly

running Unity.Jobs.CodeGen.JobsILPostProcessor
[711/867    7s] ILPostProcess Library/Bee/artifacts/1900b0aE.dag/post-processed/Unity.TextMeshPro.Editor.dll (+pdb)
Processing assembly Library/Bee/artifacts/1900b0aE.dag/Unity.TextMeshPro.Editor.dll, with 146 defines and 311 references

processors: Unity.Jobs.CodeGen.JobsILPostProcessor, zzzUnity.Burst.CodeGen.BurstILPostProcessor

1 processor(s) skipped this assembly

running Unity.Jobs.CodeGen.JobsILPostProcessor
[712/867    6s] ILPostProcess Library/Bee/artifacts/1900b0aE.dag/post-processed/Unity.PathTracing.Editor.dll (+pdb)
Processing assembly Library/Bee/artifacts/1900b0aE.dag/Unity.PathTracing.Editor.dll, with 147 defines and 312 references

processors: Unity.Jobs.CodeGen.JobsILPostProcessor, zzzUnity.Burst.CodeGen.BurstILPostProcessor

1 processor(s) skipped this assembly

running Unity.Jobs.CodeGen.JobsILPostProcessor
[713/867    6s] ILPostProcess Library/Bee/artifacts/1900b0aE.dag/post-processed/Unity.InternalAPIEngineBridge.RenderPipelines.Core.Editor.dll (+pdb)
Processing assembly Library/Bee/artifacts/1900b0aE.dag/Unity.InternalAPIEngineBridge.RenderPipelines.Core.Editor.dll, with 146 defines and 309 references

processors: Unity.Jobs.CodeGen.JobsILPostProcessor, zzzUnity.Burst.CodeGen.BurstILPostProcessor

1 processor(s) skipped this assembly

running Unity.Jobs.CodeGen.JobsILPostProcessor
[714/867    6s] ILPostProcess Library/Bee/artifacts/1900b0aE.dag/post-processed/UnityEditor.TestRunner.dll (+pdb)
Processing assembly Library/Bee/artifacts/1900b0aE.dag/UnityEditor.TestRunner.dll, with 147 defines and 300 references

processors: Unity.Jobs.CodeGen.JobsILPostProcessor, zzzUnity.Burst.CodeGen.BurstILPostProcessor

1 processor(s) skipped this assembly

running Unity.Jobs.CodeGen.JobsILPostProcessor
[715/867    0s] ILPostProcess Library/Bee/artifacts/1900b0aE.dag/post-processed/Unity.InputSystem.ForUI.Editor.dll (+pdb)
Processing assembly Library/Bee/artifacts/1900b0aE.dag/Unity.InputSystem.ForUI.Editor.dll, with 146 defines and 311 references

processors: Unity.Jobs.CodeGen.JobsILPostProcessor, zzzUnity.Burst.CodeGen.BurstILPostProcessor

1 processor(s) skipped this assembly

running Unity.Jobs.CodeGen.JobsILPostProcessor
[716/867   11s] Csc Library/Bee/artifacts/1900b0aE.dag/Unity.ShaderGraph.Editor.dll (+2 others)
[           0s] Csc Library/Bee/artifacts/1900b0aE.dag/Unity.ShaderGraph.Editor.dll (+2 others) [CacheWrite 9c42da4ac279174228b419403c524a5800000000000000000000000000000006]
[717/867    1s] ILPostProcess Library/Bee/artifacts/1900b0aE.dag/post-processed/Unity.PerformanceTesting.Editor.dll (+pdb)
Processing assembly Library/Bee/artifacts/1900b0aE.dag/Unity.PerformanceTesting.Editor.dll, with 147 defines and 300 references

processors: Unity.Jobs.CodeGen.JobsILPostProcessor, zzzUnity.Burst.CodeGen.BurstILPostProcessor

1 processor(s) skipped this assembly

running Unity.Jobs.CodeGen.JobsILPostProcessor
[718/867    1s] ILPostProcess Library/Bee/artifacts/1900b0aE.dag/post-processed/Unity.Searcher.Editor.dll (+pdb)
Processing assembly Library/Bee/artifacts/1900b0aE.dag/Unity.Searcher.Editor.dll, with 146 defines and 309 references

processors: Unity.Jobs.CodeGen.JobsILPostProcessor, zzzUnity.Burst.CodeGen.BurstILPostProcessor

1 processor(s) skipped this assembly

running Unity.Jobs.CodeGen.JobsILPostProcessor
[719/867    4s] ILPostProcess Library/Bee/artifacts/1900b0aE.dag/post-processed/Unity.RenderPipelines.Universal.2D.Runtime.dll (+pdb)
Processing assembly Library/Bee/artifacts/1900b0aE.dag/Unity.RenderPipelines.Universal.2D.Runtime.dll, with 151 defines and 305 references

processors: Unity.Jobs.CodeGen.JobsILPostProcessor, zzzUnity.Burst.CodeGen.BurstILPostProcessor

running Unity.Jobs.CodeGen.JobsILPostProcessor

running zzzUnity.Burst.CodeGen.BurstILPostProcessor
[720/867    1s] ILPostProcess Library/Bee/artifacts/1900b0aE.dag/post-processed/Unity.PlasticSCM.Editor.Assistant.dll (+pdb)
Processing assembly Library/Bee/artifacts/1900b0aE.dag/Unity.PlasticSCM.Editor.Assistant.dll, with 146 defines and 310 references

processors: Unity.Jobs.CodeGen.JobsILPostProcessor, zzzUnity.Burst.CodeGen.BurstILPostProcessor

1 processor(s) skipped this assembly

running Unity.Jobs.CodeGen.JobsILPostProcessor
[721/867    1s] ILPostProcess Library/Bee/artifacts/1900b0aE.dag/post-processed/Unity.CollabProxy.Editor.dll (+pdb)
Processing assembly Library/Bee/artifacts/1900b0aE.dag/Unity.CollabProxy.Editor.dll, with 146 defines and 310 references

processors: Unity.Jobs.CodeGen.JobsILPostProcessor, zzzUnity.Burst.CodeGen.BurstILPostProcessor

1 processor(s) skipped this assembly

running Unity.Jobs.CodeGen.JobsILPostProcessor
[722/867    1s] ILPostProcess Library/Bee/artifacts/1900b0aE.dag/post-processed/Unity.GraphAuthoring.Editor.dll (+pdb)
Processing assembly Library/Bee/artifacts/1900b0aE.dag/Unity.GraphAuthoring.Editor.dll, with 146 defines and 309 references

processors: Unity.Jobs.CodeGen.JobsILPostProcessor, zzzUnity.Burst.CodeGen.BurstILPostProcessor

1 processor(s) skipped this assembly

running Unity.Jobs.CodeGen.JobsILPostProcessor
[723/867    0s] MovedFromExtractor Library/Bee/artifacts/mvdfrm/Unity.ShaderGraph.Editor.ref.dll_0F50152946DB09D0.mvfrm
[724/867    0s] ILPostProcess Library/Bee/artifacts/1900b0aE.dag/post-processed/Unity.InternalAPIEditorBridge.ShaderGraph.Editor.dll (+pdb)
Processing assembly Library/Bee/artifacts/1900b0aE.dag/Unity.InternalAPIEditorBridge.ShaderGraph.Editor.dll, with 146 defines and 309 references

processors: Unity.Jobs.CodeGen.JobsILPostProcessor, zzzUnity.Burst.CodeGen.BurstILPostProcessor

1 processor(s) skipped this assembly

running Unity.Jobs.CodeGen.JobsILPostProcessor
[725/867    0s] ILPostProcess Library/Bee/artifacts/1900b0aE.dag/post-processed/UnityEditor.UI.Analytics.dll (+pdb)
Processing assembly Library/Bee/artifacts/1900b0aE.dag/UnityEditor.UI.Analytics.dll, with 146 defines and 310 references

processors: Unity.Jobs.CodeGen.JobsILPostProcessor, zzzUnity.Burst.CodeGen.BurstILPostProcessor

1 processor(s) skipped this assembly

running Unity.Jobs.CodeGen.JobsILPostProcessor
[726/867    0s] MovedFromExtractor-Combine Library/Bee/artifacts/1900b0aE.dag/Unity.RenderPipelines.Universal.2D.Editor.Overrides.dll.mvfrm
[727/867    0s] ILPostProcess Library/Bee/artifacts/1900b0aE.dag/post-processed/Unity.AI.Navigation.Updater.dll (+pdb)
Processing assembly Library/Bee/artifacts/1900b0aE.dag/Unity.AI.Navigation.Updater.dll, with 146 defines and 312 references

processors: Unity.Jobs.CodeGen.JobsILPostProcessor, zzzUnity.Burst.CodeGen.BurstILPostProcessor

1 processor(s) skipped this assembly

running Unity.Jobs.CodeGen.JobsILPostProcessor
[           0s] Csc Library/Bee/artifacts/1900b0aE.dag/Unity.RenderPipelines.Universal.2D.Editor.Overrides.dll (+2 others) [CacheMiss ef2c841620ce17a5498fc3addba88a3300000000000000000000000000000006]
[728/867    0s] MovedFromExtractor-Combine Library/Bee/artifacts/1900b0aE.dag/Unity.RenderPipelines.Universal.Editor.dll.mvfrm
[729/867    1s] ILPostProcess Library/Bee/artifacts/1900b0aE.dag/post-processed/Unity.PlasticSCM.Editor.Entities.dll (+pdb)
Processing assembly Library/Bee/artifacts/1900b0aE.dag/Unity.PlasticSCM.Editor.Entities.dll, with 146 defines and 310 references

processors: Unity.Jobs.CodeGen.JobsILPostProcessor, zzzUnity.Burst.CodeGen.BurstILPostProcessor

1 processor(s) skipped this assembly

running Unity.Jobs.CodeGen.JobsILPostProcessor
[           0s] Csc Library/Bee/artifacts/1900b0aE.dag/Unity.RenderPipelines.Universal.Editor.dll (+2 others) [CacheMiss 191c36ae1be3b4f3f45121c025b1ffbc00000000000000000000000000000006]
[730/867    3s] ILPostProcess Library/Bee/artifacts/1900b0aE.dag/post-processed/Unity.PlasticSCM.Editor.dll (+pdb)
Processing assembly Library/Bee/artifacts/1900b0aE.dag/Unity.PlasticSCM.Editor.dll, with 147 defines and 303 references

processors: Unity.Jobs.CodeGen.JobsILPostProcessor, zzzUnity.Burst.CodeGen.BurstILPostProcessor

1 processor(s) skipped this assembly

running Unity.Jobs.CodeGen.JobsILPostProcessor
[731/867    0s] ILPostProcess Library/Bee/artifacts/1900b0aE.dag/post-processed/Unity.AI.Navigation.Editor.ConversionSystem.dll (+pdb)
Processing assembly Library/Bee/artifacts/1900b0aE.dag/Unity.AI.Navigation.Editor.ConversionSystem.dll, with 146 defines and 309 references

processors: Unity.Jobs.CodeGen.JobsILPostProcessor, zzzUnity.Burst.CodeGen.BurstILPostProcessor

1 processor(s) skipped this assembly

running Unity.Jobs.CodeGen.JobsILPostProcessor
[732/867    1s] Csc Library/Bee/artifacts/1900b0aE.dag/Unity.RenderPipelines.Universal.2D.Editor.Overrides.dll (+2 others)
[733/867    0s] CopyFiles Library/ScriptAssemblies/Unity.Collections.Tests.CoreCLR.InternalJobNestedPrivate.dll
[734/867    0s] CopyFiles Library/ScriptAssemblies/Unity.RenderPipelines.Universal.Shaders.dll
[735/867    0s] CopyFiles Library/ScriptAssemblies/Unity.PerformanceTesting.dll
[736/867    0s] CopyFiles Library/ScriptAssemblies/Unity.Collections.Tests.CoreCLR.ProtectedJobNested.dll
[737/867    0s] CopyFiles Library/ScriptAssemblies/Unity.RenderPipelines.Core.Runtime.dll
[738/867    0s] CopyFiles Library/ScriptAssemblies/Unity.PathTracing.Runtime.dll
[739/867    0s] CopyFiles Library/ScriptAssemblies/Unity.RenderPipelines.Universal.Runtime.dll
[740/867    0s] CopyFiles Library/ScriptAssemblies/Unity.Timeline.dll
[741/867    0s] CopyFiles Library/ScriptAssemblies/Unity.Burst.dll
[742/867    0s] CopyFiles Library/ScriptAssemblies/Unity.Collections.dll
[743/867    0s] CopyFiles Library/ScriptAssemblies/Unity.RenderPipelines.Universal.2D.Runtime.dll
[744/867    0s] CopyFiles Library/ScriptAssemblies/Unity.UnifiedRayTracing.Runtime.dll
[745/867    0s] CopyFiles Library/ScriptAssemblies/Unity.AI.Navigation.dll
[746/867    0s] CopyFiles Library/ScriptAssemblies/Unity.InternalAPIEngineBridge.004.dll
[747/867    0s] CopyFiles Library/ScriptAssemblies/Unity.InputSystem.ForUI.dll
[748/867    2s] ILPostProcess Library/Bee/artifacts/1900b0aE.dag/post-processed/UnityEditor.UI.dll (+pdb)
Processing assembly Library/Bee/artifacts/1900b0aE.dag/UnityEditor.UI.dll, with 149 defines and 308 references

processors: Unity.Jobs.CodeGen.JobsILPostProcessor, zzzUnity.Burst.CodeGen.BurstILPostProcessor

1 processor(s) skipped this assembly

running Unity.Jobs.CodeGen.JobsILPostProcessor
[749/867    0s] CopyFiles Library/ScriptAssemblies/Unity.RenderPipeline.Universal.ShaderLibrary.dll
[750/867    0s] CopyFiles Library/ScriptAssemblies/Unity.InternalAPIEngineBridge.RenderPipelines.Core.Runtime.Shared.dll
[751/867    0s] CopyFiles Library/ScriptAssemblies/Unity.Collections.Tests.CoreCLR.PrivateJobNested.dll
[752/867    0s] CopyFiles Library/ScriptAssemblies/Unity.InputSystem.TestFramework.dll
[753/867    0s] CopyFiles Library/ScriptAssemblies/UnityEngine.TestRunner.dll
[754/867    0s] CopyFiles Library/ScriptAssemblies/Unity.InternalAPIEngineBridge.ObjectDispatcher.Runtime.dll
[755/867    0s] CopyFiles Library/ScriptAssemblies/Unity.Collections.Tests.CoreCLR.PublicJobPrivateGeneric.dll
[756/867    0s] CopyFiles Library/ScriptAssemblies/Unity.RenderPipelines.Core.ShaderLibrary.dll
[757/867    0s] CopyFiles Library/ScriptAssemblies/Unity.RenderPipelines.Core.Runtime.Shared.dll
[758/867    0s] CopyFiles Library/ScriptAssemblies/Unity.SurfaceCache.Runtime.dll
[759/867    0s] CopyFiles Library/ScriptAssemblies/Unity.TextMeshPro.dll
[760/867    0s] CopyFiles Library/ScriptAssemblies/Unity.Profiling.Core.dll
[761/867    0s] CopyFiles Library/ScriptAssemblies/Unity.RenderPipelines.GPUDriven.Runtime.dll
[762/867    0s] CopyFiles Library/ScriptAssemblies/UnityEngine.UI.dll
[763/867    0s] CopyFiles Library/ScriptAssemblies/Unity.InputSystem.dll
[764/867    0s] CopyFiles Library/ScriptAssemblies/Unity.RenderPipelines.Universal.Config.Runtime.dll
[765/867    0s] CopyFiles Library/ScriptAssemblies/Unity.RenderPipelines.ShaderGraph.ShaderGraphLibrary.dll
[766/867    0s] CopyFiles Library/ScriptAssemblies/Unity.AI.Navigation.Editor.ConversionSystem.dll
[767/867    0s] CopyFiles Library/ScriptAssemblies/Unity.AI.Navigation.Editor.ConversionSystem.pdb
[768/867    0s] CopyFiles Library/ScriptAssemblies/Unity.PlasticSCM.Editor.pdb
[769/867    0s] CopyFiles Library/ScriptAssemblies/Unity.PlasticSCM.Editor.dll
[770/867    0s] CopyFiles Library/ScriptAssemblies/Unity.PlasticSCM.Editor.Entities.dll
[771/867    0s] CopyFiles Library/ScriptAssemblies/Unity.PlasticSCM.Editor.Entities.pdb
[           0s] Csc Library/Bee/artifacts/1900b0aE.dag/Unity.RenderPipelines.Universal.2D.Editor.Overrides.dll (+2 others) [CacheWrite ef2c841620ce17a5498fc3addba88a3300000000000000000000000000000006]
[772/867    0s] CopyFiles Library/ScriptAssemblies/Unity.AI.Navigation.Updater.pdb
[773/867    0s] CopyFiles Library/ScriptAssemblies/Unity.AI.Navigation.Updater.dll
[774/867    0s] CopyFiles Library/ScriptAssemblies/UnityEditor.UI.Analytics.dll
[775/867    0s] CopyFiles Library/ScriptAssemblies/UnityEditor.UI.Analytics.pdb
[776/867    0s] CopyFiles Library/ScriptAssemblies/Unity.InternalAPIEditorBridge.ShaderGraph.Editor.pdb
[777/867    0s] CopyFiles Library/ScriptAssemblies/Unity.InternalAPIEditorBridge.ShaderGraph.Editor.dll
[778/867    0s] CopyFiles Library/ScriptAssemblies/Unity.GraphAuthoring.Editor.pdb
[779/867    0s] CopyFiles Library/ScriptAssemblies/Unity.GraphAuthoring.Editor.dll
[780/867    0s] CopyFiles Library/ScriptAssemblies/Unity.PerformanceTesting.Editor.dll
[781/867    0s] CopyFiles Library/ScriptAssemblies/Unity.PerformanceTesting.Editor.pdb
[782/867    0s] CopyFiles Library/ScriptAssemblies/Unity.Searcher.Editor.pdb
[783/867    0s] CopyFiles Library/ScriptAssemblies/Unity.Searcher.Editor.dll
[784/867    0s] CopyFiles Library/ScriptAssemblies/Unity.CollabProxy.Editor.dll
[785/867    0s] CopyFiles Library/ScriptAssemblies/Unity.CollabProxy.Editor.pdb
[786/867    0s] CopyFiles Library/ScriptAssemblies/Unity.PlasticSCM.Editor.Assistant.dll
[787/867    0s] CopyFiles Library/ScriptAssemblies/Unity.PlasticSCM.Editor.Assistant.pdb
[788/867    0s] CopyFiles Library/ScriptAssemblies/Unity.RenderPipelines.Universal.2D.Runtime.pdb
[789/867    0s] CopyFiles Library/ScriptAssemblies/Unity.InputSystem.ForUI.Editor.dll
[790/867    0s] CopyFiles Library/ScriptAssemblies/Unity.InputSystem.ForUI.Editor.pdb
[791/867    0s] CopyFiles Library/ScriptAssemblies/Unity.RenderPipelines.Core.Editor.pdb
[792/867    0s] CopyFiles Library/ScriptAssemblies/Unity.RenderPipelines.Core.Editor.dll
[793/867    0s] CopyFiles Library/ScriptAssemblies/UnityEditor.TestRunner.dll
[794/867    0s] CopyFiles Library/ScriptAssemblies/UnityEditor.TestRunner.pdb
[795/867    0s] CopyFiles Library/ScriptAssemblies/Unity.Collections.Editor.pdb
[796/867    0s] CopyFiles Library/ScriptAssemblies/Unity.Collections.Editor.dll
[797/867    0s] CopyFiles Library/ScriptAssemblies/Unity.PathTracing.Editor.pdb
[798/867    0s] CopyFiles Library/ScriptAssemblies/Unity.PathTracing.Editor.dll
[799/867    0s] CopyFiles Library/ScriptAssemblies/Unity.TextMeshPro.Editor.pdb
[800/867    0s] CopyFiles Library/ScriptAssemblies/UnityEditor.UI.pdb
[801/867    0s] CopyFiles Library/ScriptAssemblies/UnityEditor.UI.dll
[802/867    0s] CopyFiles Library/ScriptAssemblies/Unity.TextMeshPro.Editor.dll
[803/867    0s] CopyFiles Library/ScriptAssemblies/Unity.InternalAPIEngineBridge.RenderPipelines.Core.Editor.dll
[804/867    0s] CopyFiles Library/ScriptAssemblies/Unity.InternalAPIEngineBridge.RenderPipelines.Core.Editor.pdb
[805/867    0s] CopyFiles Library/ScriptAssemblies/Unity.AI.Navigation.Editor.pdb
[806/867    0s] CopyFiles Library/ScriptAssemblies/Unity.AI.Navigation.Editor.dll
[807/867    0s] CopyFiles Library/ScriptAssemblies/Unity.PerformanceTesting.pdb
[808/867    0s] CopyFiles Library/ScriptAssemblies/Unity.InputSystem.ForUI.pdb
[809/867    0s] CopyFiles Library/ScriptAssemblies/Unity.ShaderGraph.Utilities.pdb
[810/867    0s] CopyFiles Library/ScriptAssemblies/Unity.ShaderGraph.Utilities.dll
[811/867    0s] CopyFiles Library/ScriptAssemblies/Unity.RenderPipelines.Core.Editor.Shared.dll
[812/867    0s] CopyFiles Library/ScriptAssemblies/Unity.RenderPipelines.Core.Editor.Shared.pdb
[813/867    0s] CopyFiles Library/ScriptAssemblies/Unity.InternalAPIEngineBridge.ObjectDispatcher.Runtime.pdb
[814/867    0s] CopyFiles Library/ScriptAssemblies/UnityEngine.TestRunner.pdb
[815/867    0s] CopyFiles Library/ScriptAssemblies/Unity.RenderPipelines.Universal.Runtime.pdb
[816/867    0s] CopyFiles Library/ScriptAssemblies/Unity.TextMeshPro.pdb
[817/867    0s] CopyFiles Library/ScriptAssemblies/Unity.Timeline.pdb
[818/867    0s] CopyFiles Library/ScriptAssemblies/Unity.InputSystem.pdb
[819/867    0s] CopyFiles Library/ScriptAssemblies/Unity.Collections.pdb
[820/867    0s] CopyFiles Library/ScriptAssemblies/Unity.Collections.Tests.CoreCLR.InternalJobNestedPrivate.pdb
[821/867    0s] CopyFiles Library/ScriptAssemblies/Unity.RenderPipelines.Core.ShaderLibrary.pdb
[822/867    0s] CopyFiles Library/ScriptAssemblies/Unity.SurfaceCache.Runtime.pdb
[823/867    0s] CopyFiles Library/ScriptAssemblies/Unity.UnifiedRayTracing.Runtime.pdb
[824/867    0s] CopyFiles Library/ScriptAssemblies/Unity.RenderPipelines.ShaderGraph.ShaderGraphLibrary.pdb
[825/867    0s] CopyFiles Library/ScriptAssemblies/Unity.RenderPipelines.Core.Runtime.Shared.pdb
[826/867    1s] ILPostProcess Library/Bee/artifacts/1900b0aE.dag/post-processed/Unity.Rendering.LightTransport.Editor.dll (+pdb)
Processing assembly Library/Bee/artifacts/1900b0aE.dag/Unity.Rendering.LightTransport.Editor.dll, with 146 defines and 309 references

processors: Unity.Jobs.CodeGen.JobsILPostProcessor, zzzUnity.Burst.CodeGen.BurstILPostProcessor

1 processor(s) skipped this assembly

running Unity.Jobs.CodeGen.JobsILPostProcessor
[827/867    0s] CopyFiles Library/ScriptAssemblies/Unity.RenderPipelines.Core.Runtime.pdb
[828/867    0s] CopyFiles Library/ScriptAssemblies/Unity.Burst.pdb
[829/867    0s] CopyFiles Library/ScriptAssemblies/Unity.RenderPipelines.GPUDriven.Runtime.pdb
[830/867    0s] CopyFiles Library/ScriptAssemblies/Unity.PathTracing.Runtime.pdb
[831/867    0s] CopyFiles Library/ScriptAssemblies/Unity.AI.Navigation.pdb
[832/867    0s] CopyFiles Library/ScriptAssemblies/Unity.RenderPipeline.Universal.ShaderLibrary.pdb
[833/867    0s] CopyFiles Library/ScriptAssemblies/Unity.Collections.Tests.CoreCLR.PrivateJobNested.pdb
[834/867    0s] CopyFiles Library/ScriptAssemblies/Unity.RenderPipelines.Universal.Shaders.pdb
[835/867    0s] CopyFiles Library/ScriptAssemblies/Unity.InternalAPIEngineBridge.RenderPipelines.Core.Runtime.Shared.pdb
[836/867    0s] CopyFiles Library/ScriptAssemblies/Unity.RenderPipelines.Universal.Config.Runtime.pdb
[837/867    0s] CopyFiles Library/ScriptAssemblies/Unity.Profiling.Core.pdb
[838/867    0s] CopyFiles Library/ScriptAssemblies/Unity.InternalAPIEngineBridge.004.pdb
[839/867    0s] CopyFiles Library/ScriptAssemblies/UnityEngine.UI.pdb
[840/867    0s] CopyFiles Library/ScriptAssemblies/Unity.InputSystem.TestFramework.pdb
[841/867    0s] CopyFiles Library/ScriptAssemblies/Unity.Collections.Tests.CoreCLR.ProtectedJobNested.pdb
[842/867    0s] CopyFiles Library/ScriptAssemblies/Unity.Collections.Tests.CoreCLR.PublicJobPrivateGeneric.pdb
[843/867    0s] CopyFiles Library/ScriptAssemblies/Unity.Collections.CodeGen.pdb
[844/867    0s] CopyFiles Library/ScriptAssemblies/Unity.Collections.CodeGen.dll
[845/867    0s] CopyFiles Library/ScriptAssemblies/Unity.VisualStudio.Editor.pdb
[846/867    0s] CopyFiles Library/ScriptAssemblies/Unity.VisualStudio.Editor.dll
[847/867    0s] CopyFiles Library/ScriptAssemblies/Unity.Rider.Editor.pdb
[848/867    0s] CopyFiles Library/ScriptAssemblies/Unity.Rider.Editor.dll
[849/867    0s] CopyFiles Library/ScriptAssemblies/Unity.Rendering.LightTransport.Editor.pdb
[850/867    0s] CopyFiles Library/ScriptAssemblies/Unity.Rendering.LightTransport.Editor.dll
[851/867    0s] MovedFromExtractor Library/Bee/artifacts/mvdfrm/Unity.RenderPipelines.Universal.2D.Editor.Overrides.ref.dll_FE6C8CE3BFF0C484.mvfrm
[852/867    1s] ILPostProcess Library/Bee/artifacts/1900b0aE.dag/post-processed/Unity.InputSystem.DocCodeSamples.dll (+pdb)
Processing assembly Library/Bee/artifacts/1900b0aE.dag/Unity.InputSystem.DocCodeSamples.dll, with 146 defines and 300 references

processors: Unity.Jobs.CodeGen.JobsILPostProcessor, zzzUnity.Burst.CodeGen.BurstILPostProcessor

1 processor(s) skipped this assembly

running Unity.Jobs.CodeGen.JobsILPostProcessor
[853/867    0s] CopyFiles Library/ScriptAssemblies/Unity.InputSystem.DocCodeSamples.dll
[854/867    0s] CopyFiles Library/ScriptAssemblies/Unity.InputSystem.DocCodeSamples.pdb
[855/867    0s] ILPostProcess Library/Bee/artifacts/1900b0aE.dag/post-processed/Unity.RenderPipelines.Universal.2D.Editor.Overrides.dll (+pdb)
Processing assembly Library/Bee/artifacts/1900b0aE.dag/Unity.RenderPipelines.Universal.2D.Editor.Overrides.dll, with 147 defines and 317 references

processors: Unity.Jobs.CodeGen.JobsILPostProcessor, zzzUnity.Burst.CodeGen.BurstILPostProcessor

1 processor(s) skipped this assembly

running Unity.Jobs.CodeGen.JobsILPostProcessor
[856/867    0s] CopyFiles Library/ScriptAssemblies/Unity.RenderPipelines.Universal.2D.Editor.Overrides.pdb
[857/867    0s] CopyFiles Library/ScriptAssemblies/Unity.RenderPipelines.Universal.2D.Editor.Overrides.dll
[858/867    5s] ILPostProcess Library/Bee/artifacts/1900b0aE.dag/post-processed/Unity.Timeline.Editor.dll (+pdb)
Processing assembly Library/Bee/artifacts/1900b0aE.dag/Unity.Timeline.Editor.dll, with 147 defines and 310 references

processors: Unity.Jobs.CodeGen.JobsILPostProcessor, zzzUnity.Burst.CodeGen.BurstILPostProcessor

1 processor(s) skipped this assembly

running Unity.Jobs.CodeGen.JobsILPostProcessor
[859/867    0s] CopyFiles Library/ScriptAssemblies/Unity.Timeline.Editor.pdb
[860/867    0s] CopyFiles Library/ScriptAssemblies/Unity.Timeline.Editor.dll
[861/867    5s] ILPostProcess Library/Bee/artifacts/1900b0aE.dag/post-processed/Unity.ShaderGraph.Editor.dll (+pdb)
Processing assembly Library/Bee/artifacts/1900b0aE.dag/Unity.ShaderGraph.Editor.dll, with 146 defines and 315 references

processors: Unity.Jobs.CodeGen.JobsILPostProcessor, zzzUnity.Burst.CodeGen.BurstILPostProcessor

1 processor(s) skipped this assembly

running Unity.Jobs.CodeGen.JobsILPostProcessor
[862/867    0s] CopyFiles Library/ScriptAssemblies/Unity.ShaderGraph.Editor.pdb
[863/867    0s] CopyFiles Library/ScriptAssemblies/Unity.ShaderGraph.Editor.dll
[864/867    4s] Csc Library/Bee/artifacts/1900b0aE.dag/Unity.RenderPipelines.Universal.Editor.dll (+2 others)
[           0s] Csc Library/Bee/artifacts/1900b0aE.dag/Unity.RenderPipelines.Universal.Editor.dll (+2 others) [CacheWrite 191c36ae1be3b4f3f45121c025b1ffbc00000000000000000000000000000006]
[865/867    0s] MovedFromExtractor Library/Bee/artifacts/mvdfrm/Unity.RenderPipelines.Universal.Editor.ref.dll_0FF7AC68384616B1.mvfrm
[866/867    0s] MovedFromExtractor-Combine Library/Bee/artifacts/1900b0aE.dag/Assembly-CSharp.dll.mvfrm
[867/867    0s] ILPostProcess Library/Bee/artifacts/1900b0aE.dag/post-processed/Unity.RenderPipelines.Universal.Editor.dll (+pdb)
Processing assembly Library/Bee/artifacts/1900b0aE.dag/Unity.RenderPipelines.Universal.Editor.dll, with 150 defines and 321 references

processors: Unity.Jobs.CodeGen.JobsILPostProcessor, zzzUnity.Burst.CodeGen.BurstILPostProcessor

1 processor(s) skipped this assembly

running Unity.Jobs.CodeGen.JobsILPostProcessor
[868/867    0s] MovedFromExtractor-Combine Library/Bee/artifacts/1900b0aE.dag/Assembly-CSharp-Editor.dll.mvfrm
[869/867    0s] CopyFiles Library/ScriptAssemblies/Unity.RenderPipelines.Universal.Editor.pdb
[870/867    0s] CopyFiles Library/ScriptAssemblies/Unity.RenderPipelines.Universal.Editor.dll
[871/867    0s] Csc Library/Bee/artifacts/1900b0aE.dag/Assembly-CSharp.dll (+2 others)
[872/867    0s] ILPostProcess Library/Bee/artifacts/1900b0aE.dag/post-processed/Assembly-CSharp.dll (+pdb)
Processing assembly Library/Bee/artifacts/1900b0aE.dag/Assembly-CSharp.dll, with 148 defines and 342 references

processors: Unity.Jobs.CodeGen.JobsILPostProcessor, zzzUnity.Burst.CodeGen.BurstILPostProcessor

1 processor(s) skipped this assembly

running Unity.Jobs.CodeGen.JobsILPostProcessor
[873/867    0s] CopyFiles Library/ScriptAssemblies/Assembly-CSharp.pdb
[874/867    0s] CopyFiles Library/ScriptAssemblies/Assembly-CSharp.dll
[875/867    0s] Csc Library/Bee/artifacts/1900b0aE.dag/Assembly-CSharp-Editor.dll (+2 others)
[876/867    0s] ILPostProcess Library/Bee/artifacts/1900b0aE.dag/post-processed/Assembly-CSharp-Editor.dll (+pdb)
Processing assembly Library/Bee/artifacts/1900b0aE.dag/Assembly-CSharp-Editor.dll, with 146 defines and 361 references

processors: Unity.Jobs.CodeGen.JobsILPostProcessor, zzzUnity.Burst.CodeGen.BurstILPostProcessor

1 processor(s) skipped this assembly

running Unity.Jobs.CodeGen.JobsILPostProcessor
[877/867    0s] CopyFiles Library/ScriptAssemblies/Assembly-CSharp-Editor.dll
[878/867    0s] CopyFiles Library/ScriptAssemblies/Assembly-CSharp-Editor.pdb
*** Tundra build success (87.87 seconds - 0:01:27), 854 items updated, 867 evaluated
AssetDatabase: script compilation time: 91.738455s
[Licensing::Client] Successfully resolved entitlement details
Begin MonoManager ReloadAssembly
'Packages/com.unity.render-pipelines.core/Editor/Deprecated.cs' contains partial class of Unity.Object, exactly 1 of the partial classes needs to be in a file with the same filename. This is to know the one that can be referenced from ie. GameObjects
'Packages/com.unity.render-pipelines.core/Editor/Deprecated.cs' contains partial class of Unity.Object, exactly 1 of the partial classes needs to be in a file with the same filename. This is to know the one that can be referenced from ie. GameObjects
Importing 'GUID: 00000000000000004000000000000000 - Path: ProjectSettings/ProjectSettings.asset' with importer (LibraryAssetImporter)
Imported 'GUID: 00000000000000004000000000000000' -> (Import Result ID: 'e8a11a2f068c69b2ed6ea1c8920fd1dd') in 0.073 seconds [static dependencies only]. Details - ImportResultOutputID=054c890a8f4b6dddbea933bc5e4b7df4 DependenciesID=429aecfef2fefc3c24eb3b8fee467bcf StaticDependenciesID=40c490c685728e2e13e32404a5824a0d 
Importing 'GUID: 0000000000000000a100000000000000 - Path: ProjectSettings/UnityConnectSettings.asset' with importer (LibraryAssetImporter)
Imported 'GUID: 0000000000000000a100000000000000' -> (Import Result ID: 'ccfbcdf02dc745f916046a7dd3000df3') in 0.011 seconds [static dependencies only]. Details - ImportResultOutputID=a2c5944bc70168a38041609ba26dc022 DependenciesID=16628efba34cb190d4b39ded765831df StaticDependenciesID=d7d7e6a0191d04e9669a446c6be8239d 
Importing 'GUID: a0f2da1350319d97932402a50c6d1941 - Path: Packages/com.unity.render-pipelines.universal' with importer (DefaultImporter)
Imported 'GUID: a0f2da1350319d97932402a50c6d1941' -> (Import Result ID: '2bf365a0ed9b48aa883590294ca67c3d') in 0.003 seconds [static dependencies only]. Details - ImportResultOutputID=8892e2989b91052b0d4ced7d5d154ac1 DependenciesID=4a592f742cac084b6246d43cb5a35413 StaticDependenciesID=6fefa74f40d5ada67d6c7df5ffaa13e8 
Importing 'GUID: 515638b803bef8599dbd6d5c8bdaa53e - Path: Packages/com.unity.modules.xr' with importer (DefaultImporter)
Imported 'GUID: 515638b803bef8599dbd6d5c8bdaa53e' -> (Import Result ID: 'c863a302c93da23f9b787b182838053f') in 0.002 seconds [static dependencies only]. Details - ImportResultOutputID=4abc2d12d7cb863eccc06f40fa668046 DependenciesID=7cda08148d34c645c546687368e4e331 StaticDependenciesID=d7b74c9ab0bacc304e199bd48aac46ea 
Importing 'GUID: b219c86ce508e478367c0a46e1aa9fe4 - Path: Packages/com.unity.modules.assetbundle' with importer (DefaultImporter)
Imported 'GUID: b219c86ce508e478367c0a46e1aa9fe4' -> (Import Result ID: 'd579235fe42056f50dec7b5f78e8418d') in 0.002 seconds [static dependencies only]. Details - ImportResultOutputID=3b865eb0e861e2684118da921a42770f DependenciesID=b34e02bc9610c79a0e3caf9966c9109c StaticDependenciesID=c50e91621288bc046ceef15624b81bd8 
Importing 'GUID: e2714e623a7d2305df8acf3bfb1e8c90 - Path: Packages/com.unity.shadergraph' with importer (DefaultImporter)
Imported 'GUID: e2714e623a7d2305df8acf3bfb1e8c90' -> (Import Result ID: '0269ea1292389d36c42ff0179b8a7a95') in 0.002 seconds [static dependencies only]. Details - ImportResultOutputID=477ae48d7f6280fbef843a174f22f2c6 DependenciesID=b5d2f82f701fb325b1889598e12e552a StaticDependenciesID=ac6fe480c651b0b4be9ef26238184393 
Importing 'GUID: 837e0ae31bb38cc435d7a6275b768dc8 - Path: Packages/com.unity.profiling.core' with importer (DefaultImporter)
Imported 'GUID: 837e0ae31bb38cc435d7a6275b768dc8' -> (Import Result ID: '98cc845b2cbed3f6180683dcb495585a') in 0.002 seconds [static dependencies only]. Details - ImportResultOutputID=2cb14a38177e774e47f5a11bdca3a87a DependenciesID=96af1f26eaf03db4f14b1d6080994a76 StaticDependenciesID=aefa5b8eb836100523a864722ba82c43 
Importing 'GUID: 5469ef0820152a4ae45d400fdc4626e4 - Path: Packages/com.unity.modules.screencapture' with importer (DefaultImporter)
Imported 'GUID: 5469ef0820152a4ae45d400fdc4626e4' -> (Import Result ID: 'e0014a8d499b436e2e372ff968958bc9') in 0.002 seconds [static dependencies only]. Details - ImportResultOutputID=93e2e0095437a3f0b6c6f329c875f5e8 DependenciesID=836be4a1c8e0478ac67837d8b35ecfc4 StaticDependenciesID=9fea1899b8e13368a8f75cb958effa91 
Importing 'GUID: c4df1124e2787ee0c8d1a911de17ee73 - Path: Packages/com.unity.modules.cloth' with importer (DefaultImporter)
Imported 'GUID: c4df1124e2787ee0c8d1a911de17ee73' -> (Import Result ID: '90d1e803345d162d9893c4276810bdda') in 0.002 seconds [static dependencies only]. Details - ImportResultOutputID=0b75edd4713af0c60b6538f3fc21bbac DependenciesID=8e3da12c7bafcf02c47b26114c4da198 StaticDependenciesID=13465632f2451e2958f144130c30ea24 
Importing 'GUID: 25151ed74dce0c18857ead186416ac0c - Path: Packages/com.unity.modules.tetgen' with importer (DefaultImporter)
Imported 'GUID: 25151ed74dce0c18857ead186416ac0c' -> (Import Result ID: 'ad3d3ff065b099f3d3d989c01a95b76e') in 0.002 seconds [static dependencies only]. Details - ImportResultOutputID=7135452d37129296f8f5f522edc0cf0e DependenciesID=e34149d0dd79a755583c28b3d97cab01 StaticDependenciesID=fca226df487fba45a034e6c70bc853ff 
Importing 'GUID: 95f85adeda79e994f011eb2152cf4fc9 - Path: Packages/com.unity.modules.terrainphysics' with importer (DefaultImporter)
Imported 'GUID: 95f85adeda79e994f011eb2152cf4fc9' -> (Import Result ID: 'a2645d29d8b6e7ce765b0a71c8fde07a') in 0.002 seconds [static dependencies only]. Details - ImportResultOutputID=2de9e307301bed78f620e1b3216ab46d DependenciesID=489c13d7d5dbf10040e5b19d47780b8f StaticDependenciesID=07ff05ffd577d0ee9d59cccee746e97e 
Importing 'GUID: c522a644a29fcab2eaf63298c118a65b - Path: Packages/com.unity.modules.unitywebrequest' with importer (DefaultImporter)
Imported 'GUID: c522a644a29fcab2eaf63298c118a65b' -> (Import Result ID: '35a749b2771ad0b4b5b34b5d03bd8927') in 0.002 seconds [static dependencies only]. Details - ImportResultOutputID=42d17fa5e199085b5ebf5fe43fc0c3d6 DependenciesID=ce37d507f238dcd94a9d3e589600c542 StaticDependenciesID=7efec60060c890ac0bae1bf9ffddf104 
Importing 'GUID: d5f0b0adc6826e9dd3b72e292e8438be - Path: Packages/com.unity.modules.unitywebrequestassetbundle' with importer (DefaultImporter)
Imported 'GUID: d5f0b0adc6826e9dd3b72e292e8438be' -> (Import Result ID: 'b0bf9ebd083072b9d2772ff760b138a0') in 0.002 seconds [static dependencies only]. Details - ImportResultOutputID=0d6659e8e2d823a2c3b0031d1bb70f46 DependenciesID=adc45c23fabcf57940d4f0557c73390d StaticDependenciesID=72ff8d7bce36ab98adec41c76a73ca55 
Importing 'GUID: 060ddbd15749dceff5026527a3d7a56d - Path: Packages/com.unity.render-pipelines.core' with importer (DefaultImporter)
Imported 'GUID: 060ddbd15749dceff5026527a3d7a56d' -> (Import Result ID: 'f4e3204a7298d5ebf3c9533d6df98b5b') in 0.002 seconds [static dependencies only]. Details - ImportResultOutputID=7db9f525f2fa88aa2e230fbe7530b380 DependenciesID=0de2892183377b95a6386a9de8c698bd StaticDependenciesID=8a037eacc33f8befdd7dc1b3ac694ea3 
Importing 'GUID: d6c6a000a805f00649b36b542e8426c2 - Path: Packages/com.unity.modules.unityanalytics' with importer (DefaultImporter)
Imported 'GUID: d6c6a000a805f00649b36b542e8426c2' -> (Import Result ID: 'fc2791e35f078eae4b236800632f7916') in 0.002 seconds [static dependencies only]. Details - ImportResultOutputID=404c94bd647a52d20e25d58febc853db DependenciesID=53973ece9e77b50e0b665c02b5f9cf61 StaticDependenciesID=07ccf3242da58ddd33f9f34377a02471 
Importing 'GUID: d6c962ae867cb1f5117b0802face7838 - Path: Packages/com.unity.render-pipelines.universal-config' with importer (DefaultImporter)
Imported 'GUID: d6c962ae867cb1f5117b0802face7838' -> (Import Result ID: 'efdb23fbdbdbe7647f03e49219c31e89') in 0.001 seconds [static dependencies only]. Details - ImportResultOutputID=c4b8fe1afb86e2b847559212ac803edb DependenciesID=fe417edf7e1d43bce9bed3c4a0a9c0de StaticDependenciesID=c1fb87c5a560e8e0fb3de1860081d75f 
Importing 'GUID: 376c84ea405e0f2b80562c23bb977216 - Path: Packages/com.unity.modules.physics2d' with importer (DefaultImporter)
Imported 'GUID: 376c84ea405e0f2b80562c23bb977216' -> (Import Result ID: '46fcc1a3300c8fe45a973eefc3817c4d') in 0.002 seconds [static dependencies only]. Details - ImportResultOutputID=76abd9b5f9d9723c46af1bb476315b64 DependenciesID=c7cdb6995e1fd6f8bb262dc47a15263a StaticDependenciesID=9eb03461e036054c251ca5627068ed0b 
Importing 'GUID: b77b1ad9c05af0412725856c6c53b037 - Path: Packages/com.unity.modules.wind' with importer (DefaultImporter)
Imported 'GUID: b77b1ad9c05af0412725856c6c53b037' -> (Import Result ID: 'b022eb5c72de662c91deef513e2b9f9e') in 0.002 seconds [static dependencies only]. Details - ImportResultOutputID=0a486d2f85568b494a776277e829c892 DependenciesID=0b0cf31f8861a80454670ca002b592f5 StaticDependenciesID=d099c1903e87c349148c1cd2a049849c 
Importing 'GUID: c72c70ec0dc14895c2a062d690485576 - Path: Packages/com.unity.test-framework' with importer (DefaultImporter)
Imported 'GUID: c72c70ec0dc14895c2a062d690485576' -> (Import Result ID: 'c2e37b6dd33afc93bd441c5b2e04aca2') in 0.002 seconds [static dependencies only]. Details - ImportResultOutputID=860856971941c6002997bd0301743dca DependenciesID=9c16e414711a5b87739efa699d3ccb36 StaticDependenciesID=834dcc71b6307b2d9cef8e0fe10a93a4 
Importing 'GUID: 38e3a8976f0b9c586b6dfbcef4e4066c - Path: Packages/com.unity.modules.unitywebrequestaudio' with importer (DefaultImporter)
Imported 'GUID: 38e3a8976f0b9c586b6dfbcef4e4066c' -> (Import Result ID: 'c619ed6d867c9697591f0aa25aa34bdb') in 0.002 seconds [static dependencies only]. Details - ImportResultOutputID=d1f3114c05e2cb5c6a5bb7e50160fe1d DependenciesID=20f019fc40094542b06406247fc1855f StaticDependenciesID=7ccd079c63a61d87ddc0234b9358de49 
Importing 'GUID: 09e28640d754a611467eebfb261ed749 - Path: Packages/com.unity.modules.tilemap' with importer (DefaultImporter)
Imported 'GUID: 09e28640d754a611467eebfb261ed749' -> (Import Result ID: '91f01c3ec1303f55e7d4d2c1a39ad2ff') in 0.002 seconds [static dependencies only]. Details - ImportResultOutputID=1afeb32cfcaea483a8ff5041a15448c3 DependenciesID=2d2742a7c503aead8d80bb8a9db947f7 StaticDependenciesID=021b3676001985a689c476087d878f4b 
Importing 'GUID: 995c08a3305ff9f0dab5e86f340bd9a7 - Path: Packages/com.unity.modules.androidjni' with importer (DefaultImporter)
Imported 'GUID: 995c08a3305ff9f0dab5e86f340bd9a7' -> (Import Result ID: '8d9fec0caa5ce7e5f68a6ab541c3002d') in 0.002 seconds [static dependencies only]. Details - ImportResultOutputID=41e43b0974a24d3349dec4b773ad496c DependenciesID=90c06ce69692aae6d8a89fd575a47967 StaticDependenciesID=42ecc5ca78b6c08022d64898942ebc42 
Importing 'GUID: 1cf2469083ffa484da4d78dd70d708e8 - Path: Packages/com.unity.modules.vehicles' with importer (DefaultImporter)
Imported 'GUID: 1cf2469083ffa484da4d78dd70d708e8' -> (Import Result ID: '1fd876edd6f47d29c67cb20ce78b5deb') in 0.002 seconds [static dependencies only]. Details - ImportResultOutputID=d37813053da7924b8632088a8e5223e5 DependenciesID=bcdfeb2afe71922b0a0805d74914b039 StaticDependenciesID=7979be20ea7bbdb7a5df1132be287211 
Importing 'GUID: 8c718689612384464c230d1066fd1ace - Path: Packages/com.unity.test-framework.performance' with importer (DefaultImporter)
Imported 'GUID: 8c718689612384464c230d1066fd1ace' -> (Import Result ID: 'fe8c460c64a88c3bc5b60e340635049c') in 0.002 seconds [static dependencies only]. Details - ImportResultOutputID=e35e89e9eb24095b1c75d86400dfaec2 DependenciesID=5fe96202c90a63b4d2c60be1a501dfc4 StaticDependenciesID=4de6f162fe7dcb85c548b2d73713578e 
Importing 'GUID: 9c7c268fa6492449654839df69f2a2f4 - Path: Packages/com.unity.modules.umbra' with importer (DefaultImporter)
Imported 'GUID: 9c7c268fa6492449654839df69f2a2f4' -> (Import Result ID: '00805290f3f96867e214b997460f75b1') in 0.002 seconds [static dependencies only]. Details - ImportResultOutputID=5992b0bcc1e4bb97278147d3456844ab DependenciesID=2d6c43174266d7992d49b52cac077ded StaticDependenciesID=8676463a2677bf46e4389aef917bc42c 
Importing 'GUID: dcc8c6e92b172a65719af5ddf47dd968 - Path: Packages/com.unity.modules.unitywebrequestwww' with importer (DefaultImporter)
Imported 'GUID: dcc8c6e92b172a65719af5ddf47dd968' -> (Import Result ID: '961b8fd983d26f856fd78b91f0db379c') in 0.002 seconds [static dependencies only]. Details - ImportResultOutputID=b884c6996f4168ec055a21bc3df6135a DependenciesID=dc4e5fb8a9d3128049bde219dbc5f1bc StaticDependenciesID=1629687512ed27ed8fceaf1d8e76b02a 
Importing 'GUID: cd697a842015c734ff4c7715eea6b193 - Path: Packages/com.unity.collections' with importer (DefaultImporter)
Imported 'GUID: cd697a842015c734ff4c7715eea6b193' -> (Import Result ID: '9bb5ea7e3621aafc5030fbfbb3c9ed3b') in 0.002 seconds [static dependencies only]. Details - ImportResultOutputID=e38bd3775475fb6ff962e6c4159a2b4d DependenciesID=cf34989a794c868da2ed2cde2d001662 StaticDependenciesID=37c68b9e8ef747da7acd603830ef110f 
Importing 'GUID: ede0462698a4a5643aa9872c074acd38 - Path: Packages/com.unity.modules.video' with importer (DefaultImporter)
Imported 'GUID: ede0462698a4a5643aa9872c074acd38' -> (Import Result ID: '11a9afcfbe909c604b4f4fd82ecd1731') in 0.002 seconds [static dependencies only]. Details - ImportResultOutputID=4e6515b3bd000d511f10952ecb46d019 DependenciesID=477c840358a397b370a501c422ab8f88 StaticDependenciesID=c9d05cc66955a0337e7be42ba854ab1e 
Importing 'GUID: 6e1c8b97ec8aa0464e92506ffe099558 - Path: Packages/com.unity.modules.terrain' with importer (DefaultImporter)
Imported 'GUID: 6e1c8b97ec8aa0464e92506ffe099558' -> (Import Result ID: '38b887e6118f5d6dc6049e7245ef2f24') in 0.002 seconds [static dependencies only]. Details - ImportResultOutputID=7bffbe27b3074ed188309356b499e191 DependenciesID=22a2d69e145aaf070736cfa33f430edc StaticDependenciesID=9a4538a6dce990dd143d6282d7852b90 
Importing 'GUID: fe4917d0f6ea59979b332b4bbffbb92e - Path: Packages/com.unity.ugui' with importer (DefaultImporter)
Imported 'GUID: fe4917d0f6ea59979b332b4bbffbb92e' -> (Import Result ID: '503eabd386a94c0a4aff3110ba4878b9') in 0.002 seconds [static dependencies only]. Details - ImportResultOutputID=c6d61d0e62bfaff1d751b536deb047dd DependenciesID=f5494983030038c40ec887cf7419a529 StaticDependenciesID=707f431529516103cfaf62260722e1dd 
Importing 'GUID: 3fc097d3131b60b2095addee914c1b2b - Path: Packages/com.unity.timeline' with importer (DefaultImporter)
Imported 'GUID: 3fc097d3131b60b2095addee914c1b2b' -> (Import Result ID: '8098ba0340abe2f9b38add6655660ac2') in 0.002 seconds [static dependencies only]. Details - ImportResultOutputID=ae9f892684f2815f0b5bf7e5afd16fec DependenciesID=79e5c81a2f4075f9293dfce2e6ea8ed1 StaticDependenciesID=d591b8020a965fef288c233c338ec855 
Importing 'GUID: 6f1c7ebc8ac78cb951be24c238cbd3ba - Path: Packages/com.unity.modules.unitywebrequesttexture' with importer (DefaultImporter)
Imported 'GUID: 6f1c7ebc8ac78cb951be24c238cbd3ba' -> (Import Result ID: '79a048a2e3e1bd3fae7a4cc63054a6b4') in 0.002 seconds [static dependencies only]. Details - ImportResultOutputID=7447a1aeb827c07b00333d43bf3a2e88 DependenciesID=9eb4ba80cf14f0fa1e22c5c7582aabe4 StaticDependenciesID=09e96c195b29e1ab3fe8f0b9faadf68b 
Importing 'GUID: 9f2214f1d2afdb23b011c486f9dcea1b - Path: Packages/com.unity.ext.nunit' with importer (DefaultImporter)
Imported 'GUID: 9f2214f1d2afdb23b011c486f9dcea1b' -> (Import Result ID: '92d046cc2ce0e2aa37cd71476c4890ba') in 0.002 seconds [static dependencies only]. Details - ImportResultOutputID=5d48fc592d097cd8671e05de607d44b7 DependenciesID=40443867d3f42fa9691d65597ed1686a StaticDependenciesID=2bca5968263aa8a69066e31e4e57f016 
Importing 'GUID: d850db319a63d2546932ff76fe55a498 - Path: Packages/com.unity.ugui/Tests' with importer (DefaultImporter)
Imported 'GUID: d850db319a63d2546932ff76fe55a498' -> (Import Result ID: 'f7b29b916ad8dacf79347779596592af') in 0.002 seconds [static dependencies only]. Details - ImportResultOutputID=afe8a3e3be711a616ae011e8dc80e85e DependenciesID=02e2302c72c0af43f6504cc6cee9b334 StaticDependenciesID=342d01c1c59c1481d269928e2d1f3ee4 
Importing 'GUID: 936bea4b2545c4a4fad2e623b0f6371f - Path: Packages/com.unity.ugui/Tests/Editor' with importer (DefaultImporter)
Imported 'GUID: 936bea4b2545c4a4fad2e623b0f6371f' -> (Import Result ID: '486491fcb0ba74336d1bf76fcc02b685') in 0.002 seconds [static dependencies only]. Details - ImportResultOutputID=5e2f9f05513aba926879e97ca8e205cd DependenciesID=8f99883bce6b6fd0ffe65519cc1bb154 StaticDependenciesID=a42b50904223cea4eaa7035b6f2aaf65 
Importing 'GUID: c545241cf2e56ec4997d7677f01ef43d - Path: Packages/com.unity.ugui/Tests/Runtime' with importer (DefaultImporter)
Imported 'GUID: c545241cf2e56ec4997d7677f01ef43d' -> (Import Result ID: '6a889a8ebadd1d1bf8f5d6b1b524c512') in 0.003 seconds [static dependencies only]. Details - ImportResultOutputID=b49dc4bddfefa834d76a8f1255a3c59e DependenciesID=9d5b0ed881b9bacb25cd05e7a471479b StaticDependenciesID=30dfe8bd27135fa7f5878ecdcbfb3237 
Importing 'GUID: 914613548ded44a43a59eb9852503f18 - Path: Packages/com.unity.ugui/Tests/Runtime/TMP' with importer (DefaultImporter)
Imported 'GUID: 914613548ded44a43a59eb9852503f18' -> (Import Result ID: 'bde54ce642facce8219f1e37581918f9') in 0.003 seconds [static dependencies only]. Details - ImportResultOutputID=17912888fbb260642c12c578d9419330 DependenciesID=6845671a1a2fc74e9047394ab2503c88 StaticDependenciesID=43db8f13931fd3860f3fe601cd3dcc64 
Importing 'GUID: 53caebc5909234b4ebe1fcaf3dc913a5 - Path: Packages/com.unity.ugui/Tests/Runtime/UGUI' with importer (DefaultImporter)
Imported 'GUID: 53caebc5909234b4ebe1fcaf3dc913a5' -> (Import Result ID: '54c046a9492f18eb83f86163153e1943') in 0.002 seconds [static dependencies only]. Details - ImportResultOutputID=7c3cbbd41f066d186013bf438cd4f32a DependenciesID=3c8d254de51827b9c3b7f9a17d488c79 StaticDependenciesID=720b1de9c60d57f52a3e48ad915c1b9e 
Importing 'GUID: fae3ac1997e164d1eba5fa5c417cbefd - Path: Packages/com.unity.ugui/Tests/Editor/UGUI' with importer (DefaultImporter)
Imported 'GUID: fae3ac1997e164d1eba5fa5c417cbefd' -> (Import Result ID: '23c64172a1fcf751ad23eee891c3f37e') in 0.003 seconds [static dependencies only]. Details - ImportResultOutputID=f7713b5d5cf33a8c204b2a2b1a28939a DependenciesID=2c2d18819535a7db81a970984bedec7a StaticDependenciesID=40e233ba846e4b51c6a5b3241291f7ea 
Importing 'GUID: 3ddaad49a7bcb4087b403f2225d54840 - Path: Packages/com.unity.ugui/Tests/Editor/TMP' with importer (DefaultImporter)
Imported 'GUID: 3ddaad49a7bcb4087b403f2225d54840' -> (Import Result ID: '86f998f82984b95d03c06167ff2b4ca5') in 0.002 seconds [static dependencies only]. Details - ImportResultOutputID=09f3672032e2b756467bd1b8888c220c DependenciesID=40ec637a46a47a9c605d0d663c9ec62b StaticDependenciesID=8783cbfd387883268781d3731efb8a7f 
Importing 'GUID: cd9c8fc1c8d64d54ab1e22aae9678d84 - Path: Packages/com.unity.ugui/Tests/Editor/Common' with importer (DefaultImporter)
Imported 'GUID: cd9c8fc1c8d64d54ab1e22aae9678d84' -> (Import Result ID: '20948fb9776fae3c9b467683d942bb49') in 0.003 seconds [static dependencies only]. Details - ImportResultOutputID=0d0e7404c505268944fbca5095487151 DependenciesID=7e74166c67256b50b90aa4ef99711fbe StaticDependenciesID=d78b6ba1d9967af4f20ad4ed719fb7b7 
Importing 'GUID: 1091bc2ad06e3234aac2b2fa2841c09d - Path: Packages/com.unity.ugui/Tests/Runtime/UGUI/Image' with importer (DefaultImporter)
Imported 'GUID: 1091bc2ad06e3234aac2b2fa2841c09d' -> (Import Result ID: 'ca86c05bd3360ab5d936ff062633359c') in 0.002 seconds [static dependencies only]. Details - ImportResultOutputID=772529048520a7440e4ad37180880f1c DependenciesID=6fe48ce7f7d09a749926244b4a367aa2 StaticDependenciesID=d79be942104491cee4d671fbd627d480 
Importing 'GUID: 305ca32be1aa5504aa182f583895dfe4 - Path: Packages/com.unity.ugui/Tests/Editor/UGUI/RectMask2D' with importer (DefaultImporter)
Imported 'GUID: 305ca32be1aa5504aa182f583895dfe4' -> (Import Result ID: '8f5c0538332136079575ead9209977b6') in 0.002 seconds [static dependencies only]. Details - ImportResultOutputID=d73035c86cc096d7ad810645123c403d DependenciesID=89d21b75232b89ee68543420782c9821 StaticDependenciesID=073cae0e5496d229e1ba9c098d149cb1 
Importing 'GUID: c16c54fe03afb5740bcc0a2a295cb79d - Path: Packages/com.unity.ugui/Tests/Editor/UGUI/InputField' with importer (DefaultImporter)
Imported 'GUID: c16c54fe03afb5740bcc0a2a295cb79d' -> (Import Result ID: 'e39889565896ffef157df0d6adc3dfd7') in 0.003 seconds [static dependencies only]. Details - ImportResultOutputID=2e87704a5e94d7751c53551396781cdf DependenciesID=3c6260de6bc2ce90dc7f7324674ecd4d StaticDependenciesID=c92b86f3cb84d04ad526f6a26d768bcc 
Importing 'GUID: e210c8bf2e9c6514d90a1bd77586af1f - Path: Packages/com.unity.ugui/Tests/Runtime/UGUI/Toggle' with importer (DefaultImporter)
Imported 'GUID: e210c8bf2e9c6514d90a1bd77586af1f' -> (Import Result ID: 'd0cbb6b0e7e51639dd09e3f6f28003b5') in 0.002 seconds [static dependencies only]. Details - ImportResultOutputID=f9f478d966208acda369517e237f1a8b DependenciesID=e7b9973d5b0813ff4df38c7efc009139 StaticDependenciesID=bb261c516012507ddf17a83c82b571e6 
Importing 'GUID: 239dd6edc8e5cd14585c03e09e86a747 - Path: Packages/com.unity.ugui/Tests/Runtime/UGUI/Button' with importer (DefaultImporter)
Imported 'GUID: 239dd6edc8e5cd14585c03e09e86a747' -> (Import Result ID: '2feb40cbff3fd7078fcd86b6a8e3c618') in 0.006 seconds [static dependencies only]. Details - ImportResultOutputID=e3c9f1acd4dc825265c979f9da230f6a DependenciesID=9e41ebd42669266f475263224ffe1902 StaticDependenciesID=4465d33724e97338b49e057daff06bc2 
Importing 'GUID: 43b1467da3d29ae4597a733828cdd84a - Path: Packages/com.unity.ugui/Tests/Runtime/UGUI/ScrollBar' with importer (DefaultImporter)
Imported 'GUID: 43b1467da3d29ae4597a733828cdd84a' -> (Import Result ID: '94776161eaa9d8cdc20ad1146055e509') in 0.002 seconds [static dependencies only]. Details - ImportResultOutputID=e182f296e19bb90282900452b159ae44 DependenciesID=01c10a7e78726cf17f951744664182f1 StaticDependenciesID=48ba65521b208bc3d4201a8c3a02bd54 
Importing 'GUID: 8313ea704470a264295ec9e09aec6ebc - Path: Packages/com.unity.ugui/Tests/Runtime/UGUI/Graphic' with importer (DefaultImporter)
Imported 'GUID: 8313ea704470a264295ec9e09aec6ebc' -> (Import Result ID: '935f40a83ee0a7cc0c2c0bb5aa352e3e') in 0.002 seconds [static dependencies only]. Details - ImportResultOutputID=b2d40ba865db2bc96b98695d8c711298 DependenciesID=b5e7bed34d92fc1fa4a6ce9c843d13e4 StaticDependenciesID=a963257744c8e9fa25d72d40da4eacaf 
Importing 'GUID: 850af9f3bf6d14143baf2ecfbf25db52 - Path: Packages/com.unity.ugui/Tests/Runtime/UGUI/Slider' with importer (DefaultImporter)
Imported 'GUID: 850af9f3bf6d14143baf2ecfbf25db52' -> (Import Result ID: '3c18d7a360062324a17773a6acaf08d4') in 0.002 seconds [static dependencies only]. Details - ImportResultOutputID=57d22b82fb590c7f764877a8db9c0aa4 DependenciesID=d1a27546923d6c6039b8f000c22d8d2e StaticDependenciesID=ab8a4d23a2949721142fa7ba3705105c 
Importing 'GUID: 16c7d1f4783e4042b974149dd463f76e - Path: Packages/com.unity.ugui/Tests/Editor/UGUI/SafeArea' with importer (DefaultImporter)
Imported 'GUID: 16c7d1f4783e4042b974149dd463f76e' -> (Import Result ID: 'b5281d301c559671263d01cfff990cc4') in 0.002 seconds [static dependencies only]. Details - ImportResultOutputID=ae5dab9956bbc504ef73f12ef8acabef DependenciesID=b84461d2918855ef2794f7c3726e44e1 StaticDependenciesID=4577e25787b3f228c8dfe4a5b00b87eb 
Importing 'GUID: a69b08936f9f74179ae333a4bebe7c54 - Path: Packages/com.unity.ugui/Tests/Runtime/UGUI/CanvasRenderer' with importer (DefaultImporter)
Imported 'GUID: a69b08936f9f74179ae333a4bebe7c54' -> (Import Result ID: 'c3b0ce546252fef6fb04f95abef63b62') in 0.002 seconds [static dependencies only]. Details - ImportResultOutputID=4212dc1b5a997e7bc55cba7220df8278 DependenciesID=bb88134582a6c8950ba1d5202a62ba04 StaticDependenciesID=8f75547e61888669a49036740386131b 
Importing 'GUID: e7689eda3a8b1a847a8b197dbe90d9a6 - Path: Packages/com.unity.ugui/Tests/Editor/UGUI/UI' with importer (DefaultImporter)
Imported 'GUID: e7689eda3a8b1a847a8b197dbe90d9a6' -> (Import Result ID: '145bacba0608864562ccf092d5dc8274') in 0.002 seconds [static dependencies only]. Details - ImportResultOutputID=1ca42600950ef13293b74483fdc072c8 DependenciesID=34771cbf859e8545a3fcd72cefd96fe1 StaticDependenciesID=d1d28d881a27169556f9595f053abcb7 
Importing 'GUID: 98d14ab1acf42df4f88a0561822ac807 - Path: Packages/com.unity.ugui/Tests/Editor/UGUI/EventSystem' with importer (DefaultImporter)
Imported 'GUID: 98d14ab1acf42df4f88a0561822ac807' -> (Import Result ID: '28b3c9c2af9c273b80e18a73bb905773') in 0.002 seconds [static dependencies only]. Details - ImportResultOutputID=7608701975efb5ecedc2d368f2ca3c02 DependenciesID=8bd370bda62b75adda125b4092311f14 StaticDependenciesID=b688eaa829d23d954f9e7d7fedfc1c6a 
Importing 'GUID: b86b117346968ac4d9cc63e4385becb7 - Path: Packages/com.unity.ugui/Tests/Editor/UGUI/Canvas' with importer (DefaultImporter)
Imported 'GUID: b86b117346968ac4d9cc63e4385becb7' -> (Import Result ID: '5d0edd691f418e0aa25ffaf737652b1f') in 0.003 seconds [static dependencies only]. Details - ImportResultOutputID=47c2bd6bc3289b802c2d93ad439600ef DependenciesID=b04388fb0c4edcb5befd1683eb5054bd StaticDependenciesID=d2f60cdf3ce72a44f46ccc8764e2c2af 
Importing 'GUID: e90cc37a5ccf4a44dbecc5b7172ec512 - Path: Packages/com.unity.ugui/Tests/Editor/UGUI/UnityEvent' with importer (DefaultImporter)
Imported 'GUID: e90cc37a5ccf4a44dbecc5b7172ec512' -> (Import Result ID: '2a1dddf8c5218350d63d0c2a5556932c') in 0.003 seconds [static dependencies only]. Details - ImportResultOutputID=293ea98754001b9fa56a6248a75c45fa DependenciesID=53e48aff53990ec9394ca258bce8e6b8 StaticDependenciesID=893095c86d20ed19fce6780c865e3baf 
Importing 'GUID: 2a28c2fab6b1bb745a844ef6b908e7ee - Path: Packages/com.unity.ugui/Tests/Runtime/UGUI/InputField' with importer (DefaultImporter)
Imported 'GUID: 2a28c2fab6b1bb745a844ef6b908e7ee' -> (Import Result ID: '302d44132da9c0d220b06660b9b94468') in 0.002 seconds [static dependencies only]. Details - ImportResultOutputID=8ea7332793032bb5dfb9fd2c26cfbded DependenciesID=d0544483ce7d5b861984e100b83b3084 StaticDependenciesID=56063d9124d4d50c9a9e9bfbf4f0b34a 
Importing 'GUID: 9a3557da07c729b4eb774b8e30e157a4 - Path: Packages/com.unity.ugui/Tests/Runtime/UGUI/Canvas' with importer (DefaultImporter)
Imported 'GUID: 9a3557da07c729b4eb774b8e30e157a4' -> (Import Result ID: 'd95f3983fee562214c66d7c793af78f1') in 0.002 seconds [static dependencies only]. Details - ImportResultOutputID=0ab99d96296b64bf2229c22a9bdc1eb7 DependenciesID=bfca3084f73fc9453d13aaff95fdff75 StaticDependenciesID=055cb8e108b1a184ab8a94ca846e0ea9 
Importing 'GUID: bae197be297529d4fa735fbe7c91828d - Path: Packages/com.unity.ugui/Tests/Runtime/UGUI/Dropdown' with importer (DefaultImporter)
Imported 'GUID: bae197be297529d4fa735fbe7c91828d' -> (Import Result ID: '042a7e8258c157d7c3856db5fa853f5f') in 0.002 seconds [static dependencies only]. Details - ImportResultOutputID=36a0935bf8759e757450e1558245f79c DependenciesID=3964d5a4f5cfdbdb0dab890285e454c0 StaticDependenciesID=c40caf89477f63454e9c99de58de998c 
Importing 'GUID: 2bc8a181dfd9de24388de89bb8db7713 - Path: Packages/com.unity.ugui/Tests/Runtime/UGUI/MaskClipping' with importer (DefaultImporter)
Imported 'GUID: 2bc8a181dfd9de24388de89bb8db7713' -> (Import Result ID: 'd12c22933fd1e3b0ebca7f32870c6836') in 0.002 seconds [static dependencies only]. Details - ImportResultOutputID=824dbfacf42486762ae0e8e47478d568 DependenciesID=60cd9a319b11cc4c3f66bef5ca26326c StaticDependenciesID=c57a88fe06875f024836c21aa1a93a25 
Importing 'GUID: 9bedab6f9886aee42b33e424bffdb640 - Path: Packages/com.unity.ugui/Tests/Runtime/UGUI/ScrollRect' with importer (DefaultImporter)
Imported 'GUID: 9bedab6f9886aee42b33e424bffdb640' -> (Import Result ID: '50ee513cd99a5651e78e255acef93b5d') in 0.002 seconds [static dependencies only]. Details - ImportResultOutputID=452ef99a32d1d475ebd965e4c1416b60 DependenciesID=2056e36380cb5ceb3855b590a2d212e1 StaticDependenciesID=36d01f46f1546e9aa86e71fac20816b8 
Importing 'GUID: ab93e1a81defc3243a6e9cd0df3cb443 - Path: Packages/com.unity.ugui/Tests/Runtime/UGUI/EventSystem' with importer (DefaultImporter)
Imported 'GUID: ab93e1a81defc3243a6e9cd0df3cb443' -> (Import Result ID: '19b986781f9205277ba2d47d16a57048') in 0.002 seconds [static dependencies only]. Details - ImportResultOutputID=60f18c998610bdbb79a7a0c99e9c00bd DependenciesID=ce90cd145b3edd35a5bd1682ed42fa7b StaticDependenciesID=4b3eb4d2c1b77c818bb0e9182536b267 
Importing 'GUID: eb7e44c5cec24463ab95d52834898a3b - Path: Packages/com.unity.ugui/Tests/Runtime/UGUI/RawImage' with importer (DefaultImporter)
Imported 'GUID: eb7e44c5cec24463ab95d52834898a3b' -> (Import Result ID: 'e2fb30e59f7cca9a4316a7ff217f4bca') in 0.002 seconds [static dependencies only]. Details - ImportResultOutputID=cfacd570a4cfd393330c0e243a249afc DependenciesID=2f18145f0c39e4ac81b76cd5b5ffca63 StaticDependenciesID=44d83e43968a92f6abc9d42c1f8585cb 
Importing 'GUID: 4cfe5ade9a1375e40aed87618b92bd12 - Path: Packages/com.unity.ugui/Tests/Editor/UGUI/Slider' with importer (DefaultImporter)
Imported 'GUID: 4cfe5ade9a1375e40aed87618b92bd12' -> (Import Result ID: '0f49070f7278d21779aafab8015f7a7b') in 0.002 seconds [static dependencies only]. Details - ImportResultOutputID=4a7ea0a159e4fd397fefbacef85013ef DependenciesID=37ac6972afa7d808eb779abd4af591f4 StaticDependenciesID=7b56a3c35148d580dd9b66c79fcdf1e6 
Importing 'GUID: cc313cc004395df4a9884390556690a5 - Path: Packages/com.unity.ugui/Tests/Runtime/UGUI/Layout' with importer (DefaultImporter)
Imported 'GUID: cc313cc004395df4a9884390556690a5' -> (Import Result ID: '35dc7a7cc828b0d8b43bfd4cd6e4107f') in 0.002 seconds [static dependencies only]. Details - ImportResultOutputID=e587d5ef0094c1723640f0732d54e892 DependenciesID=5f7e5ff21a661f06456937cdb7ffe3f9 StaticDependenciesID=f42ef25fdfd15c3f3e0b3febe30604a0 
Importing 'GUID: cce7e34ecb3cc43ebabe7154ebe11414 - Path: Packages/com.unity.ugui/Tests/Runtime/UGUI/RaycastReceiver' with importer (DefaultImporter)
Imported 'GUID: cce7e34ecb3cc43ebabe7154ebe11414' -> (Import Result ID: '26c30248a3ebdd5d620d442309b4a1d0') in 0.002 seconds [static dependencies only]. Details - ImportResultOutputID=2a1509ac23bafeeab8a428cbb02d7c40 DependenciesID=a882636677cfe8d300a9ad16ad993ad9 StaticDependenciesID=159f82b04c5e2c23f833ecac4545b0e5 
Importing 'GUID: 2d9b6ff056b6f484ba6500aa8e06bcf3 - Path: Packages/com.unity.ugui/Tests/Runtime/UGUI/LayoutGroup' with importer (DefaultImporter)
Imported 'GUID: 2d9b6ff056b6f484ba6500aa8e06bcf3' -> (Import Result ID: 'fefe44ce622ede36592a451f18acd1cd') in 0.002 seconds [static dependencies only]. Details - ImportResultOutputID=eaec6d77cf9cfcfd3a23adc1b00eddd6 DependenciesID=9f995fefc7684cd05cb5955653e46705 StaticDependenciesID=e9e94f60338bb0d65b914deb3e02aafa 
Importing 'GUID: dda9947aba73a46d29f6277ca33c8e59 - Path: Packages/com.unity.ugui/Tests/Runtime/UGUI/SafeArea' with importer (DefaultImporter)
Imported 'GUID: dda9947aba73a46d29f6277ca33c8e59' -> (Import Result ID: 'd0c260bf4756a245a348de9b3064fe0f') in 0.002 seconds [static dependencies only]. Details - ImportResultOutputID=889c3d73fce55638312b38a469fec510 DependenciesID=d4d15d5222f72c027a7d5e64a953444a StaticDependenciesID=c484ccdac2b0c2634d4dcb2ba252aefd 
Importing 'GUID: ae242449e9279d44789513b922d3178a - Path: Packages/com.unity.ugui/Tests/Editor/UGUI/CanvasRenderer' with importer (DefaultImporter)
Imported 'GUID: ae242449e9279d44789513b922d3178a' -> (Import Result ID: 'fb76cb946fd1b0c1a5ed8306651d86c2') in 0.003 seconds [static dependencies only]. Details - ImportResultOutputID=4729e3cfa92e89c00cb33b0f98eab0f4 DependenciesID=1d34c5108fbfe76360fe772e52e8937b StaticDependenciesID=fc0b727607e54e1f3d2bd7cc9d72394f 
Importing 'GUID: 1f71aeacc4a9f1a40b22a1a590331f6b - Path: Packages/com.unity.ugui/Tests/Editor/UGUI/Dropdown' with importer (DefaultImporter)
Imported 'GUID: 1f71aeacc4a9f1a40b22a1a590331f6b' -> (Import Result ID: 'c4739443c58138f17e348fe7a6a5034e') in 0.002 seconds [static dependencies only]. Details - ImportResultOutputID=c0c6e1a2574eaa70b48d39fbb04e22f6 DependenciesID=31b56f23dc53b1c1f74e477dbc85a981 StaticDependenciesID=3257b287a4638d966c02c6696f3ddaac 
Importing 'GUID: 4f9ac6e545d53f94b9f09c85b9576f36 - Path: Packages/com.unity.ugui/Tests/Editor/UGUI/Text' with importer (DefaultImporter)
Imported 'GUID: 4f9ac6e545d53f94b9f09c85b9576f36' -> (Import Result ID: 'b86ed74f043d4ed54b54998e75830cbf') in 0.004 seconds [static dependencies only]. Details - ImportResultOutputID=bf63f04a230ad219e2c75d059670908c DependenciesID=6fe09032437761d84e537650f8194724 StaticDependenciesID=2e212248eca01ab9e3f67b2e7a387ceb 
Importing 'GUID: af30a361ab68260438b6ec3fb7e64500 - Path: Packages/com.unity.ugui/Tests/Runtime/UGUI/Util' with importer (DefaultImporter)
Imported 'GUID: af30a361ab68260438b6ec3fb7e64500' -> (Import Result ID: '7c85b0c1a47d04785fcc0e5841dcc0bb') in 0.003 seconds [static dependencies only]. Details - ImportResultOutputID=dd25680f94364bcd4c86cb7289667537 DependenciesID=6437e800d195c6d99458bc8695c4f832 StaticDependenciesID=7024316f14e6e5c5d0d2ed78ed0f60a4 
Importing 'GUID: efad3ddb7270ac241b9b1357ec5ee2f2 - Path: Packages/com.unity.ugui/Tests/Runtime/UGUI/NestedLayout' with importer (DefaultImporter)
Imported 'GUID: efad3ddb7270ac241b9b1357ec5ee2f2' -> (Import Result ID: '068d6aa4c9a19068a27f8cc30d7da5ed') in 0.002 seconds [static dependencies only]. Details - ImportResultOutputID=13326018adb8f86d8fa28589653c849a DependenciesID=46be99377494b2c22ac81f6be8e246f1 StaticDependenciesID=01b5c9fede6dd92ae63f8a722690b8ef 
Importing 'GUID: 24333a116497b144f9782b1160984b57 - Path: Packages/com.unity.ugui/Tests/Editor/UGUI/UI/PropertyDrawers' with importer (DefaultImporter)
Imported 'GUID: 24333a116497b144f9782b1160984b57' -> (Import Result ID: '9a943630faba94e5d2f61f49e14cd421') in 0.002 seconds [static dependencies only]. Details - ImportResultOutputID=e64191c42bfa43d7fd12c02fb233877e DependenciesID=5c86888164aa8578f24b43b188f24f25 StaticDependenciesID=61809fb59bb969a83a1306a07105e35a 
Importing 'GUID: 7a892c920c8ad2848b469ec9579c5219 - Path: Packages/com.unity.ugui/Tests/Runtime/UGUI/EventSystem/InputModuleTests' with importer (DefaultImporter)
Imported 'GUID: 7a892c920c8ad2848b469ec9579c5219' -> (Import Result ID: '0cc254c516cd0c2f1865de3e12ca1fcf') in 0.002 seconds [static dependencies only]. Details - ImportResultOutputID=59fce8a9e6fa5cd49ac52afb2dce82c6 DependenciesID=7b19cc820fd0682fe473ea2802eb28de StaticDependenciesID=574aac1ef430026b27344ad980d224a9 
Importing 'GUID: 309bb9a8839ee1340af783c0cbfb01bc - Path: Packages/com.unity.collections/Unity.Collections.Tests/Jobs/CoreCLRTestAssemblies/ProtectedJobNested/ProtectedJobNested.asmdef' with importer (AssemblyDefinitionImporter)
Imported 'GUID: 309bb9a8839ee1340af783c0cbfb01bc' -> (Import Result ID: '3f33c02853ba9fae0deb6831c74829aa') in 0.007 seconds [static dependencies only]. Details - ImportResultOutputID=00e1286658989663db77fed55c80e681 DependenciesID=44fbd7f91d00579d1bba0bdac647643b StaticDependenciesID=4e01249ebbb42140544a2a0d8f19bb2f 
Importing 'GUID: c49c619b6af2be941af9bcbca2641964 - Path: Packages/com.unity.render-pipelines.core/Runtime/PathTracing/Unity.PathTracing.Runtime.asmdef' with importer (AssemblyDefinitionImporter)
Imported 'GUID: c49c619b6af2be941af9bcbca2641964' -> (Import Result ID: 'cbc3868c8f090bbac08f00672a17dae6') in 0.003 seconds [static dependencies only]. Details - ImportResultOutputID=87270949bdbcab0efcd3f75f36a58fa6 DependenciesID=16dd7ea09ecce2ca92568e4cb41246d8 StaticDependenciesID=59bb6a4a54570ee8530e09cfc100dd90 
Importing 'GUID: f4677a7cb8f4ae241973648755879bfc - Path: Packages/com.unity.collections/Unity.Collections.Tests/Jobs/CoreCLRTestAssemblies/PublicJobPrivateGeneric/PublicJobPrivateGeneric.asmdef' with importer (AssemblyDefinitionImporter)
Imported 'GUID: f4677a7cb8f4ae241973648755879bfc' -> (Import Result ID: 'a01eea37d71c956b38b59ff091890282') in 0.003 seconds [static dependencies only]. Details - ImportResultOutputID=4f1f75cb5e5fd2770d59742c321f3eee DependenciesID=51414e5623004676bbc641d3522740e7 StaticDependenciesID=26d2baf670ac5f40cd4a018fa43ef1b9 
Importing 'GUID: 05242c3d99f24a74f99cc20369fcb344 - Path: Packages/com.unity.ugui/Tests/Editor/Common/UnityEditor.UI.Common.Tests.asmdef' with importer (AssemblyDefinitionImporter)
Imported 'GUID: 05242c3d99f24a74f99cc20369fcb344' -> (Import Result ID: '204fb8ab226f8f55d8e2b96d0f43d217') in 0.003 seconds [static dependencies only]. Details - ImportResultOutputID=85f42511b1eb5e70fb4f71139713c089 DependenciesID=c8e00a12d28dcd7ea316e02e5612fa67 StaticDependenciesID=de6ed06bdb30aa02e0de1a8d8606c7c5 
Importing 'GUID: 656e461844099ae43a609ff6109b0877 - Path: Packages/com.unity.ugui/Tests/Editor/TMP/Unity.TextMeshPro.Editor.Tests.asmdef' with importer (AssemblyDefinitionImporter)
Imported 'GUID: 656e461844099ae43a609ff6109b0877' -> (Import Result ID: '33011e45041dee7cd652c71e02a28d8a') in 0.003 seconds [static dependencies only]. Details - ImportResultOutputID=dcf766a2835af30e5dff0e5e6aaf3025 DependenciesID=e11d7ee041a49a98affe5ad12c3ebb46 StaticDependenciesID=b2ec98dc71f0dd6857a734d1a9f7706c 
Importing 'GUID: b5b1bcf1950c2204f8e3959f64726eab - Path: Packages/com.unity.render-pipelines.core/Runtime/Lighting/SurfaceCache/Unity.SurfaceCache.Runtime.asmdef' with importer (AssemblyDefinitionImporter)
Imported 'GUID: b5b1bcf1950c2204f8e3959f64726eab' -> (Import Result ID: '1ba483c283364d7ab67b0050e97f2afe') in 0.003 seconds [static dependencies only]. Details - ImportResultOutputID=b7bdc46ed443faa0ddc782be88e3b05c DependenciesID=6072bc45cf369b320aafe470de87ae13 StaticDependenciesID=9d056f476dfde8378f93be60cf493afd 
Importing 'GUID: 36d514892e55d4340b470c29fcab8b44 - Path: Packages/com.unity.render-pipelines.universal/Tests/Editor/Unity.RenderPipelines.Universal.Editor.Tests.asmdef' with importer (AssemblyDefinitionImporter)
Imported 'GUID: 36d514892e55d4340b470c29fcab8b44' -> (Import Result ID: '36087d8cb4947b0c1891db1a06af0d18') in 0.003 seconds [static dependencies only]. Details - ImportResultOutputID=65406badcd585574b9d8b29a3e5e29ef DependenciesID=615016ca640603a3177db7d60bb5c35d StaticDependenciesID=636cb51c9a437d73d6afcf44ff546744 
Importing 'GUID: 27619889b8ba8c24980f49ee34dbb44a - Path: Packages/com.unity.test-framework/UnityEngine.TestRunner/UnityEngine.TestRunner.asmdef' with importer (AssemblyDefinitionImporter)
Imported 'GUID: 27619889b8ba8c24980f49ee34dbb44a' -> (Import Result ID: 'dde441411b61d7f243edd6bd86eaed2f') in 0.003 seconds [static dependencies only]. Details - ImportResultOutputID=3370b80e2922aa61095329e63cd7b568 DependenciesID=c378fe730506c60d98d3d2985f14dfea StaticDependenciesID=efd7b7b3471c17ad6b92a6854eb4dc18 
Importing 'GUID: 298bc460cd9598745b3b942e70574db0 - Path: Packages/com.unity.collections/Unity.Collections.Tests/Jobs/CoreCLRTestAssemblies/InternalJobNestedPrivate/InternalJobNestedPrivate.asmdef' with importer (AssemblyDefinitionImporter)
Imported 'GUID: 298bc460cd9598745b3b942e70574db0' -> (Import Result ID: 'f6ca2ffa73452f825443ee85abf6e80b') in 0.003 seconds [static dependencies only]. Details - ImportResultOutputID=731bdbae248e0e60c4e14ade005b4e59 DependenciesID=9c09bfd24d2a52ba7063b0ae663deceb StaticDependenciesID=aff26d964a29cfe7c9f6ef3b16d3e061 
Importing 'GUID: 3949f2582b2c4bce9fde2d52b829b107 - Path: Packages/com.unity.render-pipelines.core/Tests/Runtime/SurfaceCache/Unity.SurfaceCache.Tests.asmdef' with importer (AssemblyDefinitionImporter)
Imported 'GUID: 3949f2582b2c4bce9fde2d52b829b107' -> (Import Result ID: '5de458da65747f592ca343f51b8ff6e6') in 0.003 seconds [static dependencies only]. Details - ImportResultOutputID=e93fae33a5a64618c8bce5b80b90e45a DependenciesID=1138e9dada10159412f48352a7629e66 StaticDependenciesID=8b68bb66a7c50679e285cffc52abc620 
Importing 'GUID: e9745f6a32442194c8dc5a43e9ab86f9 - Path: Packages/com.unity.ugui/Tests/Runtime/UGUI/UnityEngine.UI.Tests.asmdef' with importer (AssemblyDefinitionImporter)
Imported 'GUID: e9745f6a32442194c8dc5a43e9ab86f9' -> (Import Result ID: '84524e126e25038bdfd26b3ec59a92a5') in 0.003 seconds [static dependencies only]. Details - ImportResultOutputID=2b3c3626c54c595d218b84b23f8d2c38 DependenciesID=d4bfbe4c825e23a654634933c2033f66 StaticDependenciesID=6e8881aa18fbd1abf2a7aabb73941c36 
Importing 'GUID: bb05cab7d802aa5468f8f2f86840d984 - Path: Packages/com.unity.ugui/Tests/Runtime/TMP/Unity.TextMeshPro.Tests.asmdef' with importer (AssemblyDefinitionImporter)
Imported 'GUID: bb05cab7d802aa5468f8f2f86840d984' -> (Import Result ID: '5e68e27354c939fe603eb4eb77469ca3') in 0.003 seconds [static dependencies only]. Details - ImportResultOutputID=49b5000aa348ae6e6f0b4d067303a4a8 DependenciesID=12b17a826b956da1c2390d415dadc826 StaticDependenciesID=8a41bad9b68ba21b4ebf17eac42c46ab 
Importing 'GUID: 7c04f0dfa9243c04681a55d90d3ff3fc - Path: Packages/com.unity.ugui/Tests/Editor/UGUI/UnityEditor.UI.EditorTests.asmdef' with importer (AssemblyDefinitionImporter)
Imported 'GUID: 7c04f0dfa9243c04681a55d90d3ff3fc' -> (Import Result ID: 'cc1fad722f14c8955f39430bb979b25d') in 0.003 seconds [static dependencies only]. Details - ImportResultOutputID=7509f794d9d725c9f24bb507014f8d05 DependenciesID=b03623885704673aae6552704d6e6bc1 StaticDependenciesID=437231d2d3e72834c69d52cbff73ba64 
Importing 'GUID: ef6b0e23948ec0543b9874c56d460b41 - Path: Packages/com.unity.collections/Unity.Collections.Tests/Jobs/CoreCLRTestAssemblies/PrivateJobNested/PrivateJobNested.asmdef' with importer (AssemblyDefinitionImporter)
Imported 'GUID: ef6b0e23948ec0543b9874c56d460b41' -> (Import Result ID: '6c625c12633835f185254ba2b1a36e43') in 0.003 seconds [static dependencies only]. Details - ImportResultOutputID=c15806f9ff5f56f7834d347be83e47d1 DependenciesID=e780771157637bcf2d838674edda2fae StaticDependenciesID=0051a25fd6be0b0c74c3e7deea0cc30b 
Importing 'GUID: 71136fc5cf34f2cc10be0e33c0b08019 - Path: Packages/com.unity.modules.unityanalytics/package.ModuleCompilationTrigger' with importer (DefaultImporter)
Imported 'GUID: 71136fc5cf34f2cc10be0e33c0b08019' -> (Import Result ID: '56d126e4d1bc3d7b9e851b6322fe1bf8') in 0.053 seconds [static dependencies only]. Details - ImportResultOutputID=19db86d6fd47355ede82a1c702bde617 DependenciesID=b7469a4e7d2ca43e0537a7ec0ec6f7f8 StaticDependenciesID=0fa4fc0f2aeadebbd7eb627812335e19 
Importing 'GUID: a1c42005fe7c5d78585a77ce396a5eea - Path: Packages/com.unity.modules.tilemap/package.ModuleCompilationTrigger' with importer (DefaultImporter)
Imported 'GUID: a1c42005fe7c5d78585a77ce396a5eea' -> (Import Result ID: '3e9d656e966633573cb2046a22ae4ca5') in 0.003 seconds [static dependencies only]. Details - ImportResultOutputID=41e18ad721a806fe228204bdeef3a130 DependenciesID=97ef5d5583d5a20672f05956a22555d4 StaticDependenciesID=4ee5382b003fc77fa6aba69871f9e483 
Importing 'GUID: 222fc39b0c85d800342910da2cd64781 - Path: Packages/com.unity.modules.assetbundle/package.ModuleCompilationTrigger' with importer (DefaultImporter)
Imported 'GUID: 222fc39b0c85d800342910da2cd64781' -> (Import Result ID: '0fd01ec1cec49f43ec72c5169f6a2f32') in 0.003 seconds [static dependencies only]. Details - ImportResultOutputID=7310c3d2b5a0454edeaf1531193e1a44 DependenciesID=fe2b344c41a59d7326b14e42dbe8dfa7 StaticDependenciesID=068dda8c383984ece564f394f95f8957 
Importing 'GUID: d2ec2d1228c8e67cdd913cb5609176a2 - Path: Packages/com.unity.modules.unitywebrequest/package.ModuleCompilationTrigger' with importer (DefaultImporter)
Imported 'GUID: d2ec2d1228c8e67cdd913cb5609176a2' -> (Import Result ID: 'a3f2f0e23f3ad60f0708fa9556b1addd') in 0.004 seconds [static dependencies only]. Details - ImportResultOutputID=fa2ee3949a508ef3b244c0a794acf950 DependenciesID=cbbd01d5144c855f237ee6f40affeaad StaticDependenciesID=373cbc2130578c37890108d08e3aa5a8 
Importing 'GUID: 23032f4383e95e772bce465c5896d0fd - Path: Packages/com.unity.modules.terrain/package.ModuleCompilationTrigger' with importer (DefaultImporter)
Imported 'GUID: 23032f4383e95e772bce465c5896d0fd' -> (Import Result ID: 'bd30ba83ed02823c9e823c14b941a7f1') in 0.003 seconds [static dependencies only]. Details - ImportResultOutputID=f8cc97289111b69a8286fb59513f51d0 DependenciesID=f7f84d52c1320d9424f005284d1bf4d4 StaticDependenciesID=5c35be58abc6fbf8152e89babfca9984 
Importing 'GUID: a31a332ce3485f00f7df8d987302a29c - Path: Packages/com.unity.modules.unitywebrequesttexture/package.ModuleCompilationTrigger' with importer (DefaultImporter)
Imported 'GUID: a31a332ce3485f00f7df8d987302a29c' -> (Import Result ID: '7029b3a7fbb8733a8662ce0664153cce') in 0.002 seconds [static dependencies only]. Details - ImportResultOutputID=a17619517ae6297bd7d73537d7aa1eef DependenciesID=4cb8ff9f6c9825e23497eb6dfab28558 StaticDependenciesID=cee85ab715b09873ab2419e18d764d2a 
Importing 'GUID: 553737203d61a8109f9544a97201e1aa - Path: Packages/com.unity.modules.unitywebrequestaudio/package.ModuleCompilationTrigger' with importer (DefaultImporter)
Imported 'GUID: 553737203d61a8109f9544a97201e1aa' -> (Import Result ID: '0f4eb7ae2b60b7c89087cdbc39d4a4fe') in 0.003 seconds [static dependencies only]. Details - ImportResultOutputID=64727956256aa51f7cb2d4856cb94864 DependenciesID=cd465c0c33eadf2436e57ee7f25fa7fb StaticDependenciesID=bd9a4bcd391b2567d2810cdd845fb0eb 
Importing 'GUID: e5c46c19ce0ce2e0103aa6f82df1043a - Path: Packages/com.unity.modules.vehicles/package.ModuleCompilationTrigger' with importer (DefaultImporter)
Imported 'GUID: e5c46c19ce0ce2e0103aa6f82df1043a' -> (Import Result ID: 'b99ed6723b74a4d66aa0206620636a07') in 0.003 seconds [static dependencies only]. Details - ImportResultOutputID=9b7b8c0cced984a57484c36eeeb14744 DependenciesID=ef2dffd146da6b275d6d1e44bea61be8 StaticDependenciesID=9ca15e267986355ee32da087f45ce101 
Importing 'GUID: 7610600f5c83e01041a6fe849d39279f - Path: Packages/com.unity.modules.unitywebrequestassetbundle/package.ModuleCompilationTrigger' with importer (DefaultImporter)
Imported 'GUID: 7610600f5c83e01041a6fe849d39279f' -> (Import Result ID: 'd143180331801b6afac4cb0441c03e0e') in 0.003 seconds [static dependencies only]. Details - ImportResultOutputID=f30f7eaa989873c773f075bfa516083b DependenciesID=688e9abb6902a064839efe5478506764 StaticDependenciesID=d0e36a883dc7d1e0c9c852b0a2bc5946 
Importing 'GUID: f62135e79edb837b2d2ee3c524da864c - Path: Packages/com.unity.modules.video/package.ModuleCompilationTrigger' with importer (DefaultImporter)
Imported 'GUID: f62135e79edb837b2d2ee3c524da864c' -> (Import Result ID: '3aef036da86c810165ec7e6a476a5e6a') in 0.002 seconds [static dependencies only]. Details - ImportResultOutputID=3eada0df8170b53fc4bf86e17012a94e DependenciesID=22c43316fff881fb5401b42ecaa5cf6b StaticDependenciesID=fbd77c14c4971f0ecd6ad9fa2e1328c7 
Importing 'GUID: c7a8b0317f4e68556d7509828e9e211e - Path: Packages/com.unity.modules.xr/package.ModuleCompilationTrigger' with importer (DefaultImporter)
Imported 'GUID: c7a8b0317f4e68556d7509828e9e211e' -> (Import Result ID: 'e6bc977ec43908b8c483480c50ba709b') in 0.002 seconds [static dependencies only]. Details - ImportResultOutputID=3c34469eeb3b36ac519079aacda65087 DependenciesID=d798ecfd2d3e606ae271c325f8d3f9d8 StaticDependenciesID=e7f1a4af7c34a1d23cbcb270e74c5222 
Importing 'GUID: 082fbee38a82835433261a5e9c00e267 - Path: Packages/com.unity.modules.cloth/package.ModuleCompilationTrigger' with importer (DefaultImporter)
Imported 'GUID: 082fbee38a82835433261a5e9c00e267' -> (Import Result ID: '054de114cf7b1ddb2123ab78864bfa32') in 0.002 seconds [static dependencies only]. Details - ImportResultOutputID=9be4c5c78bb42c0f666e2a3f388dc295 DependenciesID=9832c12933ccfc77258802dcb0e3f72b StaticDependenciesID=ef90c48130220f5be7a14d844c91ba67 
Importing 'GUID: c82e859b16636ddd2ca4a1f63fd34938 - Path: Packages/com.unity.modules.androidjni/package.ModuleCompilationTrigger' with importer (DefaultImporter)
Imported 'GUID: c82e859b16636ddd2ca4a1f63fd34938' -> (Import Result ID: 'ff8c030b16c1cc7102200c9ad9435e1d') in 0.003 seconds [static dependencies only]. Details - ImportResultOutputID=55f36a6ec0ad2395ab65ece168bae855 DependenciesID=d43e9c36192ead1f86158e7e35972b1d StaticDependenciesID=5262811eb11f19499d820f4d7138ccaa 
Importing 'GUID: 2adec19fac7df68adf1fd6eb83197bb1 - Path: Packages/com.unity.modules.wind/package.ModuleCompilationTrigger' with importer (DefaultImporter)
Imported 'GUID: 2adec19fac7df68adf1fd6eb83197bb1' -> (Import Result ID: '6f5329e3c0cac076202f7a8638885e2a') in 0.002 seconds [static dependencies only]. Details - ImportResultOutputID=7f18c13849c24c83cffeb627f22214a1 DependenciesID=0282cb2b50e52649b51b1218e25d341f StaticDependenciesID=eacd0b75a9f702da0584600b1d54bde7 
Importing 'GUID: 1b6246f2248883964991eac9e9b4817c - Path: Packages/com.unity.modules.umbra/package.ModuleCompilationTrigger' with importer (DefaultImporter)
Imported 'GUID: 1b6246f2248883964991eac9e9b4817c' -> (Import Result ID: 'e584efd2346a6fcd345a9419a0e8a578') in 0.003 seconds [static dependencies only]. Details - ImportResultOutputID=b67f1a35dabb3a69e999ed6262ee3706 DependenciesID=acae37db5af4c558d67e981e08dc71f4 StaticDependenciesID=4c307308065751d30c0501355fc00317 
Importing 'GUID: 4bf139fc5e9d9240edc107e25d67d398 - Path: Packages/com.unity.modules.tetgen/package.ModuleCompilationTrigger' with importer (DefaultImporter)
Imported 'GUID: 4bf139fc5e9d9240edc107e25d67d398' -> (Import Result ID: '32c0a5c247b7d4630e34dc8a23b68bbe') in 0.003 seconds [static dependencies only]. Details - ImportResultOutputID=65cbec6ab1d9e8bebe15b1d11261c757 DependenciesID=f8e401a0bd87c3dc127a91c1ab3cd02f StaticDependenciesID=bcf844a6408d7a7017ee86bb65031aa6 
Importing 'GUID: cbb1a39d56ce4d9ac1a46ac505893fa7 - Path: Packages/com.unity.modules.terrainphysics/package.ModuleCompilationTrigger' with importer (DefaultImporter)
Imported 'GUID: cbb1a39d56ce4d9ac1a46ac505893fa7' -> (Import Result ID: '0015779f9cd014ade85ffd7046bb2285') in 0.003 seconds [static dependencies only]. Details - ImportResultOutputID=55421b023a735b0064eb2b4eb850448a DependenciesID=f66c66036bb2a04dc531dade5a20af10 StaticDependenciesID=9281758ea84e1fefc5eeb8796f201f8d 
Importing 'GUID: cd561f5f687aed43bf280c27a84f79e3 - Path: Packages/com.unity.modules.screencapture/package.ModuleCompilationTrigger' with importer (DefaultImporter)
Imported 'GUID: cd561f5f687aed43bf280c27a84f79e3' -> (Import Result ID: '44b7856086d9635bc03bb42d4968c411') in 0.004 seconds [static dependencies only]. Details - ImportResultOutputID=c0a8303c6754efb32cd09ffd146f4f49 DependenciesID=c0c206a2785c8acb2042240a2f88798b StaticDependenciesID=ffe48f33e27a5f63f50b47fe4620e5e4 
Importing 'GUID: ae87256f29d9c8b50490f4caf75b2c41 - Path: Packages/com.unity.modules.unitywebrequestwww/package.ModuleCompilationTrigger' with importer (DefaultImporter)
Imported 'GUID: ae87256f29d9c8b50490f4caf75b2c41' -> (Import Result ID: '04c5ca5b57cafa76228e9ce9042e8863') in 0.003 seconds [static dependencies only]. Details - ImportResultOutputID=e6bac705e462011a5c14df84abae17b9 DependenciesID=313bca068a82967cd7169028c09e9c78 StaticDependenciesID=794bf6e576894272110ccdcb72c79620 
Importing 'GUID: fe6a6957b37b61417b457a1e0541791d - Path: Packages/com.unity.modules.physics2d/package.ModuleCompilationTrigger' with importer (DefaultImporter)
Imported 'GUID: fe6a6957b37b61417b457a1e0541791d' -> (Import Result ID: '277c9d9c9443fa4d20de51563b0d83a5') in 0.002 seconds [static dependencies only]. Details - ImportResultOutputID=0029339c38fd9ee58145f1e3cabdd15e DependenciesID=adeb826391ab9c6ccdea71424fa76aa4 StaticDependenciesID=a2616f4ea2d94c01ce1fa3af66244439 
Refreshing native plugins compatible for Editor in 13.92 ms, found 3 plugins.
Shader 'Hidden/Universal/HDRDebugView': fallback shader 'Hidden/Core/FallbackError' not found
Shader 'Universal Render Pipeline/Autodesk Interactive/AutodeskInteractive': fallback shader 'Hidden/Shader Graph/FallbackError' not found
Shader 'Universal Render Pipeline/Autodesk Interactive/AutodeskInteractiveTransparent': fallback shader 'Hidden/Shader Graph/FallbackError' not found
Shader 'Universal Render Pipeline/Autodesk Interactive/AutodeskInteractiveMasked': fallback shader 'Hidden/Shader Graph/FallbackError' not found
Shader 'Universal Render Pipeline/Nature/SpeedTree7': fallback shader 'Hidden/Universal Render Pipeline/FallbackError' not found
Shader 'Universal Render Pipeline/Nature/SpeedTree7': dependency 'BillboardShader' shader 'Universal Render Pipeline/Nature/SpeedTree7 Billboard' not found
Shader 'Universal Render Pipeline/Nature/SpeedTree8_PBRLit': fallback shader 'Hidden/Shader Graph/FallbackError' not found
Shader 'Universal Render Pipeline/Nature/SpeedTree9_URP': fallback shader 'Hidden/Shader Graph/FallbackError' not found
Shader 'Hidden/Universal Render Pipeline/StencilDeferred': fallback shader 'Hidden/Universal Render Pipeline/FallbackError' not found
Shader 'Hidden/Universal Render Pipeline/ClusterDeferred': fallback shader 'Hidden/Universal Render Pipeline/FallbackError' not found
Shader 'Hidden/Universal Render Pipeline/FallbackError': fallback shader 'Hidden/Core/FallbackError' not found
Shader 'Universal Render Pipeline/Lit': fallback shader 'Hidden/Universal Render Pipeline/FallbackError' not found
Shader 'Universal Render Pipeline/Simple Lit': fallback shader 'Hidden/Universal Render Pipeline/FallbackError' not found
Shader 'Universal Render Pipeline/Particles/Unlit': fallback shader 'Hidden/Universal Render Pipeline/FallbackError' not found
Shader 'Universal Render Pipeline/Terrain/Lit': fallback shader 'Hidden/Universal Render Pipeline/FallbackError' not found
Shader 'Universal Render Pipeline/Terrain/Lit': dependency 'AddPassShader' shader 'Hidden/Universal Render Pipeline/Terrain/Lit (Add Pass)' not found
Shader 'Universal Render Pipeline/Terrain/Lit': dependency 'BaseMapShader' shader 'Hidden/Universal Render Pipeline/Terrain/Lit (Base Pass)' not found
Shader 'Universal Render Pipeline/Terrain/Lit': dependency 'BaseMapGenShader' shader 'Hidden/Universal Render Pipeline/Terrain/Lit (Basemap Gen)' not found
Shader 'Shader Graphs/Decal': fallback shader 'Hidden/Shader Graph/FallbackError' not found
Native extension for WindowsStandalone target not found
ScheduleIndexationOnStartup MainProcess:True IndexOnStartup:True
Scripting: successfully reloaded assembly
- Finished resetting the current domain, in  4.860 seconds
Domain Reload Profiling: 8610ms
	BeginReloadAssembly (1053ms)
		DisableScriptedObjects (103ms)
		CreateAndSetChildDomain (272ms)
	RebuildCommonClasses (37ms)
	RebuildNativeTypeToScriptingClass (63ms)
	initialDomainReloadingComplete (235ms)
	LoadAllAssembliesAndSetupDomain (2360ms)
		LoadAssemblies (1293ms)
		TypeCache.Refresh (595ms)
			TypeCache.ScanAssembly (557ms)
		AnalyzeDomain (264ms)
			BuildScriptInfoCaches (230ms)
			ResolveRequiredComponents (29ms)
	FinalizeReload (4862ms)
		SetupLoadedEditorAssemblies (0ms)
			LogAssemblyErrors (7ms)
			InitializePlatformSupportModulesInManaged (4ms)
			BeforeProcessingInitializeOnLoad (467ms)
			ProcessInitializeOnLoadAttributes (1789ms)
			ProcessInitializeOnLoadMethodAttributes (339ms)
			AfterProcessingInitializeOnLoad (44ms)
			EditorAssembliesLoaded (5ms)
		AwakeInstancesAfterBackupRestoration (119ms)
Starting new worker id: 0 with log in C:/Users/esims/movindacube/Logs/AssetImportWorkerHW0.log
Importing 'GUID: 3d707c2c34101af48b8dc0b38ea50a1f - Path: Packages/com.unity.render-pipelines.universal/Editor/VFXGraph/Shaders/VFXPasses.template' with importer (DefaultImporter)
Imported 'GUID: 3d707c2c34101af48b8dc0b38ea50a1f' -> (Import Result ID: '3c59a36c5c5c385a4a5448710b4d1379') in 0.008 seconds [static dependencies only]. Details - ImportResultOutputID=843ec34fee29ffb79db55151a155cb87 DependenciesID=2d3af85a9f69f2167d65862d2487e47f StaticDependenciesID=8c2086c58373ede0a17ecc2dbd3624ba 
Importing 'GUID: 4059f0b867f24f38b3d2baed5de3cc8c - Path: Packages/com.unity.render-pipelines.universal/Editor/VFXGraph/Shaders/Templates/URPDecal/PassScreenSpace.template' with importer (DefaultImporter)
Imported 'GUID: 4059f0b867f24f38b3d2baed5de3cc8c' -> (Import Result ID: 'fe586e1413e07b412fab770e993bd74d') in 0.003 seconds [static dependencies only]. Details - ImportResultOutputID=f92e95030d24ff23a344aa74f375a5b0 DependenciesID=3ba937f7061bf08aa59cc038c19b9e2f StaticDependenciesID=27de2c172041dcf4526571f49b0d5315 
Importing 'GUID: 127279d577f25ac4ea17dae3782e5074 - Path: Packages/com.unity.render-pipelines.core/Runtime/Debugging/White1px.png' with importer (TextureImporter)
Imported 'GUID: 127279d577f25ac4ea17dae3782e5074' -> (Import Result ID: 'a013989190bff0bc84f10d9f080765ae') in 0.055 seconds [static and dynamic dependencies]. Details - ImportResultOutputID=0278bbe67db9f1b3f51fba1aff9ef4f1 DependenciesID=caf9c6bc8f3a684c1a7f2572b72df7cc StaticDependenciesID=2f84769516d719eba6374c3db740fde2 
Importing 'GUID: 2085a40153652db43a116297c1924476 - Path: Packages/com.unity.render-pipelines.universal/Editor/ShaderGraph/Includes/Varyings.hlsl' with importer (ShaderIncludeImporter)
Imported 'GUID: 2085a40153652db43a116297c1924476' -> (Import Result ID: '399fa2252582ea9bdc2f8cb9bdaba287') in 0.007 seconds [static dependencies only]. Details - ImportResultOutputID=e5bd588aef16fad412768b77600225e6 DependenciesID=6e65b8d2d4f0b543172e62f8a66d913f StaticDependenciesID=c4b6ef822a98c66fc6799cf6db6365ae 
Importing 'GUID: 30ba55673585a6e4f9afd796eb8b170e - Path: Packages/com.unity.render-pipelines.core/ShaderLibrary/API/Validate.hlsl' with importer (ShaderIncludeImporter)
Imported 'GUID: 30ba55673585a6e4f9afd796eb8b170e' -> (Import Result ID: '49c79fe1e35bd959e5124d2d45e297b1') in 0.003 seconds [static dependencies only]. Details - ImportResultOutputID=24d05343c880d69f1961e1fd254d97b6 DependenciesID=ada5f3add199315f1d877c8c42cb6c38 StaticDependenciesID=ba200bfb0aa721dd3cd469b54070c3a4 
Importing 'GUID: 70003ec87ea6481a920369a377c1b623 - Path: Packages/com.unity.render-pipelines.universal/Shaders/BakedLitForwardPass.hlsl' with importer (ShaderIncludeImporter)
Imported 'GUID: 70003ec87ea6481a920369a377c1b623' -> (Import Result ID: 'db01c5918d69393145ce7a5fc3afa7a0') in 0.003 seconds [static dependencies only]. Details - ImportResultOutputID=779a478ad37edbb364f04f519aa48950 DependenciesID=a75784b3a0a56cb9d8ae63798832d432 StaticDependenciesID=38172c079852678c121a01d2a12b5b23 
Importing 'GUID: 804415e4b1bf68147a30546faefeeb0b - Path: Packages/com.unity.render-pipelines.core/Runtime/Lighting/SurfaceCache/PatchUtil.hlsl' with importer (ShaderIncludeImporter)
Imported 'GUID: 804415e4b1bf68147a30546faefeeb0b' -> (Import Result ID: 'e4d737dd55366cc8cb9ad4431bcfbb45') in 0.003 seconds [static dependencies only]. Details - ImportResultOutputID=c53140b455164a16520bc85133c12684 DependenciesID=f8aadf69eaf7414b9edf9c7f63debf06 StaticDependenciesID=a97cc072df3d97b4099573b084e39646 
Importing 'GUID: d0ccc42c5a0934462a0ff237772dceff - Path: Packages/com.unity.render-pipelines.universal/Shaders/Particles/ParticlesSimpleLitForwardPass.hlsl' with importer (ShaderIncludeImporter)
Imported 'GUID: d0ccc42c5a0934462a0ff237772dceff' -> (Import Result ID: 'db415701b3dcdca0d9150b9df0ba4671') in 0.003 seconds [static dependencies only]. Details - ImportResultOutputID=d01d4a445d1b0395075e4e018cdfa87a DependenciesID=7b26b80cebce72e10414f70fb94f7257 StaticDependenciesID=79f60bc1500b51dca3baf6ad79833253 
Importing 'GUID: e0badbba7ccb42748817520dc250e720 - Path: Packages/com.unity.render-pipelines.core/ShaderLibrary/API/WebGPU.hlsl' with importer (ShaderIncludeImporter)
Imported 'GUID: e0badbba7ccb42748817520dc250e720' -> (Import Result ID: '543251409cc0948e4c3d330d40d8ddd4') in 0.003 seconds [static dependencies only]. Details - ImportResultOutputID=be200c5dc3813a866d6a027912c2df72 DependenciesID=bcca1191d30cb4ec95d0815593aaff69 StaticDependenciesID=5d061c82a4339e1772df1940483110e4 
Importing 'GUID: 0172f7cbd9e44e8b844a485dbd8e8349 - Path: Packages/com.unity.render-pipelines.universal/Shaders/Utils/FogDeferred.hlsl' with importer (ShaderIncludeImporter)
Imported 'GUID: 0172f7cbd9e44e8b844a485dbd8e8349' -> (Import Result ID: 'f1b67d3f80a8cc3f95c3e9107e062db1') in 0.003 seconds [static dependencies only]. Details - ImportResultOutputID=7976892b34be6c93bab5775cb3b132e0 DependenciesID=9e746fdc690220b29db98100d0ad84e0 StaticDependenciesID=3dabb6af30a1845448f43919d7f195f1 
Importing 'GUID: 116bd973269b9f741b7177c8523b9e50 - Path: Packages/com.unity.render-pipelines.universal/Shaders/LitForwardPass.hlsl' with importer (ShaderIncludeImporter)
Imported 'GUID: 116bd973269b9f741b7177c8523b9e50' -> (Import Result ID: 'cd4e591369b9dee8c2219151f5f5d695') in 0.004 seconds [static dependencies only]. Details - ImportResultOutputID=8367d3e6228c529e0bde00a3cb3abcad DependenciesID=b4156b93a10d0129694364641e539075 StaticDependenciesID=ab018a26d6e491cf8f757e550ea76edd 
Importing 'GUID: 713d6952dfc661f44b856f1bfc9a4880 - Path: Packages/com.unity.render-pipelines.universal/Editor/ShaderGraph/Includes/Terrain/PBRForwardPass.hlsl' with importer (ShaderIncludeImporter)
Imported 'GUID: 713d6952dfc661f44b856f1bfc9a4880' -> (Import Result ID: 'd4772415763b5944cb3c7d5cd979becd') in 0.004 seconds [static dependencies only]. Details - ImportResultOutputID=0e3249d00d01cd57ab622053c0fdb6de DependenciesID=a00ebc14039312391306d6dfbadec39a StaticDependenciesID=0a8c3708ce6c6ef722408004e129a016 
Importing 'GUID: 91796a9618276ff42930ee05801207aa - Path: Packages/com.unity.render-pipelines.core/Runtime/Sampling/Common.hlsl' with importer (ShaderIncludeImporter)
Imported 'GUID: 91796a9618276ff42930ee05801207aa' -> (Import Result ID: 'a081e5220acf1072ddab3a781498caa0') in 0.003 seconds [static dependencies only]. Details - ImportResultOutputID=bec2a1071b4d8216ca28a665ed209a72 DependenciesID=36730ebb942b973a4ac808e4e9d70a1c StaticDependenciesID=ab5acabb3b70d524217a03d618cd5205 
Importing 'GUID: 91bd1404255c4cb28a6c81f20300308f - Path: Packages/com.unity.render-pipelines.universal/ShaderLibrary/UniversalDOTSInstancing.hlsl' with importer (ShaderIncludeImporter)
Imported 'GUID: 91bd1404255c4cb28a6c81f20300308f' -> (Import Result ID: 'aa50b807425b3081e79ab6a540f5fb96') in 0.003 seconds [static dependencies only]. Details - ImportResultOutputID=69b61e7d6ac5de8944fa055622a1a157 DependenciesID=b3ca493bc9b356219fd8b9971391d747 StaticDependenciesID=2c4e2d6cd75340e555e5930183a17b1e 
Importing 'GUID: e1cfc5ca61db3d448825f316ff92cb0b - Path: Packages/com.unity.render-pipelines.core/ShaderLibrary/UnityInstancing.hlsl' with importer (ShaderIncludeImporter)
Imported 'GUID: e1cfc5ca61db3d448825f316ff92cb0b' -> (Import Result ID: '869d4137bf5e97fc4cd2fcbd6cf25866') in 0.004 seconds [static dependencies only]. Details - ImportResultOutputID=d7d8fea636f7f18edd5b54804f379d67 DependenciesID=47f6164fe8c162c6f72eb8801381d795 StaticDependenciesID=8d71767836375381d0651a131d0f9c66 
Importing 'GUID: 92a8a2733f9d18a44aad998449c6ee51 - Path: Packages/com.unity.render-pipelines.universal/ShaderLibrary/DeclareNormalsTexture.hlsl' with importer (ShaderIncludeImporter)
Imported 'GUID: 92a8a2733f9d18a44aad998449c6ee51' -> (Import Result ID: '670a696f0f643d0f80c6f90632f4686e') in 0.003 seconds [static dependencies only]. Details - ImportResultOutputID=3687d534d448dec520dcf938856cb2f9 DependenciesID=4b72092c62e0cb0417b30e652e5f9bf5 StaticDependenciesID=8d98167a846dff1ecbceb4af02520c45 
Importing 'GUID: b2555155ead696140913bef1ec93adf0 - Path: Packages/com.unity.render-pipelines.universal/ShaderLibrary/Input.hlsl' with importer (ShaderIncludeImporter)
Imported 'GUID: b2555155ead696140913bef1ec93adf0' -> (Import Result ID: '58ad7af7f339dacb6de13dbc3c8942e7') in 0.004 seconds [static dependencies only]. Details - ImportResultOutputID=7edc9eda506ad356e4a212b296694a0a DependenciesID=91e28739a1161b575ab499655a65885c StaticDependenciesID=a5915826026c38131959c624d2ad3e70 
Importing 'GUID: 13f1cda4ab8412041ac157181fa6e421 - Path: Packages/com.unity.render-pipelines.core/Runtime/GPUDriven/Culling/OcclusionCullingCommon.hlsl' with importer (ShaderIncludeImporter)
Imported 'GUID: 13f1cda4ab8412041ac157181fa6e421' -> (Import Result ID: '1a48a23e8c6348e85658c3535f5353da') in 0.007 seconds [static dependencies only]. Details - ImportResultOutputID=a5f4af0f890bb311b9246023e3924a75 DependenciesID=e2230716d47853bc4211ae4ab0bac4c3 StaticDependenciesID=8eea42ea14a2e019070e00d865f078e3 
Importing 'GUID: 131f64991fbd3cb4286f7fbc05dcf29e - Path: Packages/com.unity.render-pipelines.universal/Editor/ShaderGraph/Includes/ShaderPassDecal.hlsl' with importer (ShaderIncludeImporter)
Imported 'GUID: 131f64991fbd3cb4286f7fbc05dcf29e' -> (Import Result ID: '129178f039bd5031e1ed889490c8ad2d') in 0.004 seconds [static dependencies only]. Details - ImportResultOutputID=fe843cd080dd57b0720e1163b0eb07a5 DependenciesID=22e1537f4e3721d14389ebe29056f044 StaticDependenciesID=12cd246d74cd0fb72bc53cac343053c4 
Importing 'GUID: 6300b0e79f5d15e499b9d6b5d23ca01b - Path: Packages/com.unity.render-pipelines.core/ShaderLibrary/Macros.hlsl' with importer (ShaderIncludeImporter)
Imported 'GUID: 6300b0e79f5d15e499b9d6b5d23ca01b' -> (Import Result ID: 'cc827bf243dafd4868c06ae2b5391e22') in 0.004 seconds [static dependencies only]. Details - ImportResultOutputID=da2079af5c12f349b870a617e64ee341 DependenciesID=b0d50ccf9a948281ec0be283aef63e9f StaticDependenciesID=08315fe8b723cc0b62710e6630cac697 
Importing 'GUID: 637c27b6fe6224a06b2b066769d0a6e6 - Path: Packages/com.unity.render-pipelines.universal/Shaders/Particles/ParticlesDepthNormalsPass.hlsl' with importer (ShaderIncludeImporter)
Imported 'GUID: 637c27b6fe6224a06b2b066769d0a6e6' -> (Import Result ID: 'f990c803409a5c04f48a3a5f11e75f7e') in 0.003 seconds [static dependencies only]. Details - ImportResultOutputID=9cb452d0649c6519e9b1de4a446265a1 DependenciesID=bccae4afd4f3eee7bac9716b91bb95a5 StaticDependenciesID=e1e116330767f276905e99c4ec281d3e 
Importing 'GUID: 83384e2d6206c8649ba879ec271c4254 - Path: Packages/com.unity.render-pipelines.universal/Shaders/Utils/StencilDeferred.hlsl' with importer (ShaderIncludeImporter)
Imported 'GUID: 83384e2d6206c8649ba879ec271c4254' -> (Import Result ID: '94a457392c04fe6a5531ae2865e8065f') in 0.004 seconds [static dependencies only]. Details - ImportResultOutputID=d2415ce6202737d5d2c93374b1abe338 DependenciesID=8159adb6adc998c7ab129fa9d30a3d22 StaticDependenciesID=c3ca66538979aea939df1952007fc3fc 
Importing 'GUID: 930a5f40803cb414b84db9a1889f890c - Path: Packages/com.unity.render-pipelines.universal/ShaderLibrary/SSAO.hlsl' with importer (ShaderIncludeImporter)
Imported 'GUID: 930a5f40803cb414b84db9a1889f890c' -> (Import Result ID: '80c6dd4091f4e846daf253eed439c882') in 0.004 seconds [static dependencies only]. Details - ImportResultOutputID=42d4b1ec9660a6eecb54c45cec4e3d52 DependenciesID=665edf0cfc3f7ca24fd02cff5b3babba StaticDependenciesID=ccc8c1073877537ed115b52511420d29 
Importing 'GUID: a361552991159403bbd785132d5cb812 - Path: Packages/com.unity.render-pipelines.universal/Shaders/Particles/ParticlesUnlitForwardPass.hlsl' with importer (ShaderIncludeImporter)
Imported 'GUID: a361552991159403bbd785132d5cb812' -> (Import Result ID: '306d8fd87336d07562ece25fca291182') in 0.004 seconds [static dependencies only]. Details - ImportResultOutputID=1b2f4ee4d65289f7beda5a1c084d1e99 DependenciesID=f8eb9fe9cbc4127abe8d7fabcbfee9cb StaticDependenciesID=037961e0a05f20802e7c753e730593ee 
Importing 'GUID: a30369464edbd71488d5d8fdb678695f - Path: Packages/com.unity.render-pipelines.core/Runtime/Lighting/SurfaceCache/PathTracing.hlsl' with importer (ShaderIncludeImporter)
Imported 'GUID: a30369464edbd71488d5d8fdb678695f' -> (Import Result ID: 'ec908ac416aa0887812a001159ba099a') in 0.004 seconds [static dependencies only]. Details - ImportResultOutputID=5119ee004f580a1b18e0f788ef6cca32 DependenciesID=8964dc01fb34132e9b94dcb547413891 StaticDependenciesID=74c60d88ac236a262286c11c5b96afc5 
Importing 'GUID: f3f941933e171854386001194281536f - Path: Packages/com.unity.render-pipelines.universal/Shaders/Nature/SpeedTree7Passes.hlsl' with importer (ShaderIncludeImporter)
Imported 'GUID: f3f941933e171854386001194281536f' -> (Import Result ID: '94e4086c520a9ea35c9850b5974ac1bf') in 0.004 seconds [static dependencies only]. Details - ImportResultOutputID=e8ad3161b8a7a54fbc37b566258c9a5c DependenciesID=3c81646893248903cb6897c2110fb71e StaticDependenciesID=53e6e207bc58ec8fb14e30d6b6c4dd3b 
Importing 'GUID: 047623a35563f0e45bbfce747454416c - Path: Packages/com.unity.render-pipelines.core/Runtime/UnifiedRayTracing/Bindings.hlsl' with importer (ShaderIncludeImporter)
Imported 'GUID: 047623a35563f0e45bbfce747454416c' -> (Import Result ID: '23a3cbd50b52fbd59f296cf0057d6842') in 0.003 seconds [static dependencies only]. Details - ImportResultOutputID=eec3a769a73d4a09f33adaf700cc6def DependenciesID=257fa5848c5007f15563d70ac03fafa0 StaticDependenciesID=5ac03573eb81fda6f1c9741e2c78e98d 
Importing 'GUID: 045a06f7c76196a43a929d2a916c7d95 - Path: Packages/com.unity.render-pipelines.universal/Runtime/VFXGraph/Shaders/VFXLit.hlsl' with importer (ShaderIncludeImporter)
Imported 'GUID: 045a06f7c76196a43a929d2a916c7d95' -> (Import Result ID: '6aba2bc47f70fd99cd32dc7810eaf4cf') in 0.004 seconds [static dependencies only]. Details - ImportResultOutputID=d97c37a4006aec41b1bad2d0b57e026f DependenciesID=acecbe0e554a3f0e625398ea305ea436 StaticDependenciesID=1ec25e851f41b8b103496e523b8e1cec 
Importing 'GUID: 14a46e0dac04a0245b3f95359167b663 - Path: Packages/com.unity.render-pipelines.core/ShaderLibrary/API/GLES3.hlsl' with importer (ShaderIncludeImporter)
Imported 'GUID: 14a46e0dac04a0245b3f95359167b663' -> (Import Result ID: 'dd39cc7e677e8dde290e5686071f48c5') in 0.004 seconds [static dependencies only]. Details - ImportResultOutputID=a7ed2b751c52235da7d46b63792a835d DependenciesID=48f4652c3dc6efce7abb835e4b26a5d1 StaticDependenciesID=acc3f142cffa5e6126d2901b61add086 
Importing 'GUID: 749e1c2d203942319da1fdb1d94c5f2a - Path: Packages/com.unity.render-pipelines.universal/Shaders/Terrain/TerrainDetailLitPasses.hlsl' with importer (ShaderIncludeImporter)
Imported 'GUID: 749e1c2d203942319da1fdb1d94c5f2a' -> (Import Result ID: 'fd922081b1eb7cdcb4c31679956fc041') in 0.004 seconds [static dependencies only]. Details - ImportResultOutputID=1b0f7132c867ae77f73fcf896c4a7332 DependenciesID=7b9ebba0d5cab7fe3955c4d7bea70253 StaticDependenciesID=39e6ca9cfaaef63c42140ee642fca8c6 
Importing 'GUID: a419d344c87843af8e1ce2e8c571fcb6 - Path: Packages/com.unity.render-pipelines.universal/ShaderLibrary/Debug/DebuggingCommon.hlsl' with importer (ShaderIncludeImporter)
Imported 'GUID: a419d344c87843af8e1ce2e8c571fcb6' -> (Import Result ID: '02fdf7ce2627acc8ff1702b35a04f1c5') in 0.003 seconds [static dependencies only]. Details - ImportResultOutputID=200cd7ca01c04fd8c36747f1e95e0629 DependenciesID=39d3178de2375683b3c536bb25f4225f StaticDependenciesID=aab7c40dcc3706b49accb500cbcb4725 
Importing 'GUID: b4bc78a1364154f15b718a412e9710b6 - Path: Packages/com.unity.render-pipelines.universal/Shaders/Terrain/WavingGrassPasses.hlsl' with importer (ShaderIncludeImporter)
Imported 'GUID: b4bc78a1364154f15b718a412e9710b6' -> (Import Result ID: '2198f9bebf402dd8f6dad1eb5387e104') in 0.004 seconds [static dependencies only]. Details - ImportResultOutputID=a67d0704b1899d0127124034f80fabe3 DependenciesID=7fe9d7af96aa230379f4173d7299392f StaticDependenciesID=09b92eeaf6cf71e74e7369684a610aad 
Importing 'GUID: f4d1137d7b0a472438ff16f81047ba11 - Path: Packages/com.unity.render-pipelines.core/Runtime/PathTracing/Shaders/LightSampling.hlsl' with importer (ShaderIncludeImporter)
Imported 'GUID: f4d1137d7b0a472438ff16f81047ba11' -> (Import Result ID: 'a3a023a23d1d63aa01117dfe2ab864e1') in 0.006 seconds [static dependencies only]. Details - ImportResultOutputID=da5380ea105877cff69aae9bf36cbf7c DependenciesID=333ff0429cc5f66af622709a3009a519 StaticDependenciesID=44a3c9bd49d771800d6ad95aca17de64 
Importing 'GUID: f4d51e77f119d4dc8899ff02b46bb621 - Path: Packages/com.unity.render-pipelines.core/ShaderLibrary/API/Metal.hlsl' with importer (ShaderIncludeImporter)
Imported 'GUID: f4d51e77f119d4dc8899ff02b46bb621' -> (Import Result ID: '2e175b721aaaa70826e8b588f93c22fb') in 0.004 seconds [static dependencies only]. Details - ImportResultOutputID=63ef66f96edcd9cbadb1a6c177ad7e21 DependenciesID=eea291f61cb8b229a2e4d617105b7f9d StaticDependenciesID=c9bc66519a690655a8176457777b4570 
Importing 'GUID: 05a00b34d7740a643a8a6de19c6d9aa6 - Path: Packages/com.unity.render-pipelines.core/ShaderLibrary/API/Vulkan.hlsl' with importer (ShaderIncludeImporter)
Imported 'GUID: 05a00b34d7740a643a8a6de19c6d9aa6' -> (Import Result ID: '26fa77e19c5efbdf6e9db3b9a693759b') in 0.003 seconds [static dependencies only]. Details - ImportResultOutputID=14d418f16ea2a2d654419d171edd8d93 DependenciesID=1c1856f44719469b9a9350f5b50c4955 StaticDependenciesID=fe827eb3d3142ebe22e9a5a08cef01f9 
Importing 'GUID: 6564342aa7c6ca44a86b97323a311d74 - Path: Packages/com.unity.render-pipelines.universal/ShaderLibrary/UnityInput.hlsl' with importer (ShaderIncludeImporter)
Imported 'GUID: 6564342aa7c6ca44a86b97323a311d74' -> (Import Result ID: '5240459bee3a5e99ccfb737701901b14') in 0.003 seconds [static dependencies only]. Details - ImportResultOutputID=310ab04bf66517b70b28a8fd2c9398e5 DependenciesID=3edf5c2dcaa24520a477dd2a6ee23bf1 StaticDependenciesID=1ab3e4d585685283fe7237451e092519 
Importing 'GUID: 85f7860cf76171b438c51eb5fcd238ce - Path: Packages/com.unity.render-pipelines.universal/Shaders/Nature/SpeedTree7CommonPasses.hlsl' with importer (ShaderIncludeImporter)
Imported 'GUID: 85f7860cf76171b438c51eb5fcd238ce' -> (Import Result ID: 'ff130962708914ed6fcbe48059b9794e') in 0.005 seconds [static dependencies only]. Details - ImportResultOutputID=01f27a045d69ab86038a6f49bd966d00 DependenciesID=15b86929fb173e86fc3dfc53a07e4a2b StaticDependenciesID=088d4b5d0e9bcd76a518d56559a6139e 
Importing 'GUID: f562fc45f8fc5434a96065e20892eff9 - Path: Packages/com.unity.render-pipelines.universal/Editor/ShaderGraph/Includes/PBRGBufferPass.hlsl' with importer (ShaderIncludeImporter)
Imported 'GUID: f562fc45f8fc5434a96065e20892eff9' -> (Import Result ID: 'fe57bd5952e96e81b6c528dd23f773be') in 0.003 seconds [static dependencies only]. Details - ImportResultOutputID=b883b0405292bfc15ce5dfe91f37d319 DependenciesID=9676d0e57a4a93794322e70584246bd2 StaticDependenciesID=946be6d56957199a87952e5012ed9101 
Importing 'GUID: 0613a5abac2db2247bdcd7380e98bba1 - Path: Packages/com.unity.render-pipelines.universal/Shaders/Nature/SpeedTree8Passes.hlsl' with importer (ShaderIncludeImporter)
Imported 'GUID: 0613a5abac2db2247bdcd7380e98bba1' -> (Import Result ID: '1d881c832dbcfbc5098cea143b4f882f') in 0.004 seconds [static dependencies only]. Details - ImportResultOutputID=1bd07d527c74d8152514cd2e8631b5c9 DependenciesID=c9562b05f7927645ce7860230e6b11e6 StaticDependenciesID=6f13d8fa921a87b0c2a8ae8b4fdfcd70 
Importing 'GUID: 3624eb79d3c1a4742a2737c755e4ee51 - Path: Packages/com.unity.render-pipelines.universal/Shaders/BakedLitGBufferPass.hlsl' with importer (ShaderIncludeImporter)
Imported 'GUID: 3624eb79d3c1a4742a2737c755e4ee51' -> (Import Result ID: '56d1c137407df1170f876701bf50f48a') in 0.004 seconds [static dependencies only]. Details - ImportResultOutputID=d7eeeeee0ee3baf88fea92a70e1a8c14 DependenciesID=8527de39b5c3b985ba12220707a4b8d1 StaticDependenciesID=8066bf8c1f3685e219cdca498db68b2f 
Importing 'GUID: 762f0a4829f44584ba01e2f0661150d9 - Path: Packages/com.unity.render-pipelines.universal/ShaderLibrary/Lighting.hlsl' with importer (ShaderIncludeImporter)
Imported 'GUID: 762f0a4829f44584ba01e2f0661150d9' -> (Import Result ID: 'c707a192718fe7de86002a91edd8414b') in 0.004 seconds [static dependencies only]. Details - ImportResultOutputID=14d81a1bd2641ad44437f97e605b2f15 DependenciesID=52a08c4dfba943e567a6796be037d0a8 StaticDependenciesID=4c001d150faec597179592186748504a 
Importing 'GUID: 9604e389528d04ae39fe05a7b4212172 - Path: Packages/com.unity.render-pipelines.universal/Shaders/BakedLitDepthNormalsPass.hlsl' with importer (ShaderIncludeImporter)
Imported 'GUID: 9604e389528d04ae39fe05a7b4212172' -> (Import Result ID: '6d094700dc69a9e43dbc4db66da2ec07') in 0.003 seconds [static dependencies only]. Details - ImportResultOutputID=437acf8766a7831e6ccc13c06f7dbf36 DependenciesID=e3764b2063f725f661e26444866640ff StaticDependenciesID=79ff879e69b1333c6375eb12a1547c79 
Importing 'GUID: a63ccbef6bed14464a35b8a62ee9b775 - Path: Packages/com.unity.render-pipelines.universal/Shaders/SimpleLitDepthNormalsPass.hlsl' with importer (ShaderIncludeImporter)
Imported 'GUID: a63ccbef6bed14464a35b8a62ee9b775' -> (Import Result ID: '351d5a9d9bb0484ccd86c6ac579efc28') in 0.004 seconds [static dependencies only]. Details - ImportResultOutputID=9174c3d593c5868154b32bf988200ccc DependenciesID=679b47816a3b7c4f19e684a0ec3613e1 StaticDependenciesID=ce8610143e5b4839b61dd7b5cd0b7569 
Importing 'GUID: d6641dcdedd1f422aa58ffec746e5342 - Path: Packages/com.unity.render-pipelines.universal/Shaders/LitDepthNormalsPass.hlsl' with importer (ShaderIncludeImporter)
Imported 'GUID: d6641dcdedd1f422aa58ffec746e5342' -> (Import Result ID: 'f4f7ba1aa6e2c71f3f76ad9736b22274') in 0.003 seconds [static dependencies only]. Details - ImportResultOutputID=97bd57a3c2f79e240453e802dc832426 DependenciesID=b724cf5f50c53b69864adc4e681f1218 StaticDependenciesID=fc381c83267d99d220ea59890482a149 
Importing 'GUID: 17e9ff94ac9e8aa4e81b23222a4dc205 - Path: Packages/com.unity.render-pipelines.core/ShaderLibrary/API/GLCore.hlsl' with importer (ShaderIncludeImporter)
Imported 'GUID: 17e9ff94ac9e8aa4e81b23222a4dc205' -> (Import Result ID: '622a75eb55937a3ec1a99016e1bc7e17') in 0.003 seconds [static dependencies only]. Details - ImportResultOutputID=37c7745e227e1add9e5ea0ae2e3f15ce DependenciesID=7bae4f16fa15c7f6efb7d0ebe34a7ad0 StaticDependenciesID=ef3b0a981622dc4591f445c08a2771c8 
Importing 'GUID: 2774e65a956f7428a9ba09fe1098e1eb - Path: Packages/com.unity.render-pipelines.universal/Editor/ShaderGraph/Includes/PBRForwardPass.hlsl' with importer (ShaderIncludeImporter)
Imported 'GUID: 2774e65a956f7428a9ba09fe1098e1eb' -> (Import Result ID: '4b28577db3243fbd35af5dbbc0a41ce1') in 0.004 seconds [static dependencies only]. Details - ImportResultOutputID=9cf62523d23e78b8cce0ed4c22fb296f DependenciesID=33810d3f97968067d7ef1f309f7e536f StaticDependenciesID=727ff302376e2fe620d84beae33e4e0f 
Importing 'GUID: 27b804a87c546b2429017809b12cd1c9 - Path: Packages/com.unity.render-pipelines.core/ShaderLibrary/API/Switch2.hlsl' with importer (ShaderIncludeImporter)
Imported 'GUID: 27b804a87c546b2429017809b12cd1c9' -> (Import Result ID: '0b5a4703cee1568f276986366500c355') in 0.004 seconds [static dependencies only]. Details - ImportResultOutputID=8fd2d1208faba897b62709cf4cb2060f DependenciesID=b6962c3eea767c595b3a4f07b7d6ee4f StaticDependenciesID=261e379f92e10241972298ee9ebbf549 
Importing 'GUID: 574332cc54d34b3b96cd214f5febe833 - Path: Packages/com.unity.render-pipelines.universal/Shaders/UnlitForwardPass.hlsl' with importer (ShaderIncludeImporter)
Imported 'GUID: 574332cc54d34b3b96cd214f5febe833' -> (Import Result ID: 'bc10c78ef1948610bd8a57bc175fd5b2') in 0.004 seconds [static dependencies only]. Details - ImportResultOutputID=8e0bd2f57820306dbc6a901764c321cc DependenciesID=9dc015fc3b066ea3eb809a532c3c3960 StaticDependenciesID=cc180d31424dd2e4864ea83c82fa57ba 
Importing 'GUID: 87f25dcc02b54e84ab16e783d04d72d8 - Path: Packages/com.unity.render-pipelines.core/Runtime/Lighting/SurfaceCache/Estimation.hlsl' with importer (ShaderIncludeImporter)
Imported 'GUID: 87f25dcc02b54e84ab16e783d04d72d8' -> (Import Result ID: 'f8797e5fd052a6f6a2862decf726a8fa') in 0.004 seconds [static dependencies only]. Details - ImportResultOutputID=66a0f95e093b748426011e26823fba9f DependenciesID=0bbb1fbe1dbde81fe14e5ba4c8621650 StaticDependenciesID=f51b0b7ccb57743d5b70e116957c837e 
Importing 'GUID: 97ce72d5527034cbca1d95b53d583472 - Path: Packages/com.unity.render-pipelines.universal/Shaders/Terrain/WavingGrassDepthNormalsPass.hlsl' with importer (ShaderIncludeImporter)
Imported 'GUID: 97ce72d5527034cbca1d95b53d583472' -> (Import Result ID: 'e9f861f5df645899e5d52c1c14454114') in 0.003 seconds [static dependencies only]. Details - ImportResultOutputID=07df82d05bd3d709db7b73f0938ec5fd DependenciesID=4bd7e90ab960735ef229f3002390c1b9 StaticDependenciesID=a64c506e22d52cd344fd85caa873169a 
Importing 'GUID: a70b6c101edaa442a80370b0d514fb3c - Path: Packages/com.unity.render-pipelines.universal/ShaderLibrary/LightCookie/LightCookieInput.hlsl' with importer (ShaderIncludeImporter)
Imported 'GUID: a70b6c101edaa442a80370b0d514fb3c' -> (Import Result ID: 'a2f05df9d0cc89dc3538d7385bd81221') in 0.003 seconds [static dependencies only]. Details - ImportResultOutputID=f56b4a5811ba885bdd1c983abc82debb DependenciesID=f231b012f16494c7b21b256b74fd9e5a StaticDependenciesID=54e93b2f631195fb2da7ef6c51cf20cc 
Importing 'GUID: b76d45ea333b2a049bc45c5328ef3e7c - Path: Packages/com.unity.render-pipelines.universal/Shaders/DepthNormalsPass.hlsl' with importer (ShaderIncludeImporter)
Imported 'GUID: b76d45ea333b2a049bc45c5328ef3e7c' -> (Import Result ID: '2e21e9bf4bfc490a9271ad2dfd374f6f') in 0.003 seconds [static dependencies only]. Details - ImportResultOutputID=08efa0dcf889874a4d9e3d052a6fec8e DependenciesID=b48f0072a7c40c3ded55cc7ba8c946a1 StaticDependenciesID=975916e52c1befcda6e273a15ed2092a 
Importing 'GUID: 08f4bc71ad275bc4b90168fda29f36b5 - Path: Packages/com.unity.render-pipelines.universal/Editor/Terrain/TerrainPassUtils.hlsl' with importer (ShaderIncludeImporter)
Imported 'GUID: 08f4bc71ad275bc4b90168fda29f36b5' -> (Import Result ID: '160aadf4443705f4e7948f74c4261cd5') in 0.003 seconds [static dependencies only]. Details - ImportResultOutputID=71bf73c15d3fbf86c6c0ed31209118af DependenciesID=27cc5b6f7cf0a646a1bbd9b33ddfa7e7 StaticDependenciesID=719a72e185058ca7378529be2d5c5ae7 
Importing 'GUID: 385bc181e02fb7549a92fc001133ad46 - Path: Packages/com.unity.render-pipelines.universal/Runtime/VFXGraph/Shaders/VFXCommon.hlsl' with importer (ShaderIncludeImporter)
Imported 'GUID: 385bc181e02fb7549a92fc001133ad46' -> (Import Result ID: '497de62308fc94870fd6c51f0034383a') in 0.004 seconds [static dependencies only]. Details - ImportResultOutputID=071c9cdd8fc29fc4ac79dd77a334e210 DependenciesID=2e88cd7be6c81bafff305470f0b86a3f StaticDependenciesID=e534ae50e91d2d7a519715c577d2fcaa 
Importing 'GUID: 78121747aa974234f94f7fda667dbbe1 - Path: Packages/com.unity.render-pipelines.universal/Editor/ShaderGraph/Includes/Terrain/DepthNormalsOnlyPass.hlsl' with importer (ShaderIncludeImporter)
Imported 'GUID: 78121747aa974234f94f7fda667dbbe1' -> (Import Result ID: 'a33dcf1f2ab90393728a07a289289cee') in 0.003 seconds [static dependencies only]. Details - ImportResultOutputID=1cdc887af979fd14d5374db555ad95a7 DependenciesID=939a2846d481dc26c5ebd22231f4e6f5 StaticDependenciesID=8cd077098ab4e4c990d199ba2eaf5a18 
Importing 'GUID: 8878828335bd847b493e10211fcbf825 - Path: Packages/com.unity.render-pipelines.universal/ShaderLibrary/LightCookie/LightCookie.hlsl' with importer (ShaderIncludeImporter)
Imported 'GUID: 8878828335bd847b493e10211fcbf825' -> (Import Result ID: 'a92eda581f8cf227e006b10ffe109490') in 0.004 seconds [static dependencies only]. Details - ImportResultOutputID=94e29677dfd88bba47f87c83b85f9ddb DependenciesID=d34cd854386cc512c06ed23983274079 StaticDependenciesID=9b4594254a0cebda500b0b8d1ae93f47 
Importing 'GUID: 882f88039036f6c49a8df5ce3d214444 - Path: Packages/com.unity.render-pipelines.universal/Shaders/2D/Include/Core2D.hlsl' with importer (ShaderIncludeImporter)
Imported 'GUID: 882f88039036f6c49a8df5ce3d214444' -> (Import Result ID: '62eb27bd52037bfbe817b1da1e967fbf') in 0.003 seconds [static dependencies only]. Details - ImportResultOutputID=1d6bf8898d09a24309dbfe922a6e55a5 DependenciesID=5768c07a06cdd78179700aaeccebcdc5 StaticDependenciesID=56288f9e77a0dd2194b935ad0a3e58b9 
Importing 'GUID: a8d5c97876fe84413b2f630e2debf75b - Path: Packages/com.unity.render-pipelines.universal/Shaders/Particles/ParticlesLitForwardPass.hlsl' with importer (ShaderIncludeImporter)
Imported 'GUID: a8d5c97876fe84413b2f630e2debf75b' -> (Import Result ID: '23c86ea457de8d78bb2d248f00dbca13') in 0.004 seconds [static dependencies only]. Details - ImportResultOutputID=16926eb2c05963e238d3760a11c20b72 DependenciesID=b652c5341ce6494df703927ebdffa958 StaticDependenciesID=7e1ae5c8961dc507dadf9ca1fc97a9e1 
Importing 'GUID: a8db2eae5ac4548a683f17e8c528c05c - Path: Packages/com.unity.render-pipelines.universal/ShaderLibrary/ShaderVariablesFunctions.hlsl' with importer (ShaderIncludeImporter)
Imported 'GUID: a8db2eae5ac4548a683f17e8c528c05c' -> (Import Result ID: 'bfba786fc5bbcde44ee2a0f53179d204') in 0.004 seconds [static dependencies only]. Details - ImportResultOutputID=0519cf26530eb562f1001100e3ba7396 DependenciesID=f6493777e47e259a77f6ff8571f347bf StaticDependenciesID=c7631a84c28d3d8286e64c81e2133342 
Importing 'GUID: d89584fc78a387b4b89d50da624e2695 - Path: Packages/com.unity.render-pipelines.core/Runtime/UnifiedRayTracing/TraceRay.hlsl' with importer (ShaderIncludeImporter)
Imported 'GUID: d89584fc78a387b4b89d50da624e2695' -> (Import Result ID: 'cfb8efc0366e21dec935afb9d1344026') in 0.004 seconds [static dependencies only]. Details - ImportResultOutputID=28de4c80a45b8bf888a7bf9023085b63 DependenciesID=478f56444bfa422474b1c01cf81b9516 StaticDependenciesID=f6294da4ee1f3cc5c5843964e46c013a 
Importing 'GUID: e81335bf0a3c45c4fa81ed2fe67eeba0 - Path: Packages/com.unity.render-pipelines.core/ShaderLibrary/API/Switch.hlsl' with importer (ShaderIncludeImporter)
Imported 'GUID: e81335bf0a3c45c4fa81ed2fe67eeba0' -> (Import Result ID: '908389cb04c6d4cbc4bdc25c4c0b71b5') in 0.004 seconds [static dependencies only]. Details - ImportResultOutputID=0a23adbab8a363bb1d82cbab5dd61082 DependenciesID=7214f2ae97554ae9cb6f558746fea454 StaticDependenciesID=70edc307798e4c19e80657c468007c21 
Importing 'GUID: 6970aba7f3c314f4fa5d5b93188b6de3 - Path: Packages/com.unity.render-pipelines.universal/Editor/ShaderGraph/Includes/Terrain/PBRGBufferPass.hlsl' with importer (ShaderIncludeImporter)
Imported 'GUID: 6970aba7f3c314f4fa5d5b93188b6de3' -> (Import Result ID: '3fa72a41feb28a05286aacffe9b31fbd') in 0.004 seconds [static dependencies only]. Details - ImportResultOutputID=878293be52edf7c99fa3023e620dafaf DependenciesID=d669d4cfb2027a09ae2f39271b66996a StaticDependenciesID=3806cb69e5b782f1138213f119ea098b 
Importing 'GUID: 9adc879d74aec4400bbdce89ff664a05 - Path: Packages/com.unity.render-pipelines.universal/ShaderLibrary/ShaderGraphFunctions.hlsl' with importer (ShaderIncludeImporter)
Imported 'GUID: 9adc879d74aec4400bbdce89ff664a05' -> (Import Result ID: '93cd6818cca9a3cb9e4c342b65a28f02') in 0.004 seconds [static dependencies only]. Details - ImportResultOutputID=dae4f397ef9390871ceb170716570967 DependenciesID=9cc985af5c72ddfa80ece06d7ecbf55e StaticDependenciesID=1eef0adca1ae94194bc88e87b610b3ed 
Importing 'GUID: ea5e0c2b753f4b5287a5a23f0e61407e - Path: Packages/com.unity.render-pipelines.universal/Editor/ShaderGraph/Includes/SixWayForwardPass.hlsl' with importer (ShaderIncludeImporter)
Imported 'GUID: ea5e0c2b753f4b5287a5a23f0e61407e' -> (Import Result ID: 'c36a8750b27564782de71c90ac6a4810') in 0.004 seconds [static dependencies only]. Details - ImportResultOutputID=8c9d662f9e1a7c60103de8f06c71b418 DependenciesID=8b7fb30d723e8531d0d7706271de98f9 StaticDependenciesID=a5dacb60452aae6a226fdee84c86d92c 
Importing 'GUID: 1be91b057dbe43239a838d9e45a42a32 - Path: Packages/com.unity.render-pipelines.universal/ShaderLibrary/GlobalIllumination.hlsl' with importer (ShaderIncludeImporter)
Imported 'GUID: 1be91b057dbe43239a838d9e45a42a32' -> (Import Result ID: '0d58c0e4f2b0c98dc7869d881ce643b8') in 0.005 seconds [static dependencies only]. Details - ImportResultOutputID=795c015d53e9d01656fa52c224b21bf6 DependenciesID=5b1328918d0c17413450b53f848b8fdd StaticDependenciesID=d03d97174718c732c94446bf1f093fc2 
Importing 'GUID: 7b6328a4b0ed14a9ea5e0629d7c7966c - Path: Packages/com.unity.render-pipelines.universal/Shaders/Terrain/TerrainLitDepthNormalsPass.hlsl' with importer (ShaderIncludeImporter)
Imported 'GUID: 7b6328a4b0ed14a9ea5e0629d7c7966c' -> (Import Result ID: 'c6ae2bd94bf56c16eaf21d2adc49e5c4') in 0.003 seconds [static dependencies only]. Details - ImportResultOutputID=ea931fdd9d53d62a83e80ba38d68efc5 DependenciesID=1bc3e7687d0da18313237fc1f37d7b40 StaticDependenciesID=c23b146ded4c79dc3aee8cc5fb8788dc 
Importing 'GUID: 8ba36b6596e931145bbad992032afb1a - Path: Packages/com.unity.render-pipelines.universal/Shaders/Nature/SpeedTree7BillboardPasses.hlsl' with importer (ShaderIncludeImporter)
Imported 'GUID: 8ba36b6596e931145bbad992032afb1a' -> (Import Result ID: 'cfc6e13e59c9638b7d54a360c60011cd') in 0.004 seconds [static dependencies only]. Details - ImportResultOutputID=2dd7e49180463103e4bf288725e2b2fc DependenciesID=c0f8c07aeb3803d40a826b6f79ff5a21 StaticDependenciesID=5706d7f0f51bf29408fda047705d3a2a 
Importing 'GUID: 9bdf70d328f46724a8d2a29eacb6e8d7 - Path: Packages/com.unity.render-pipelines.core/Runtime/Lighting/SurfaceCache/Common.hlsl' with importer (ShaderIncludeImporter)
Imported 'GUID: 9bdf70d328f46724a8d2a29eacb6e8d7' -> (Import Result ID: '10b69d09ff7907a675a3c8f39a079b9b') in 0.004 seconds [static dependencies only]. Details - ImportResultOutputID=283a969ecc49e384e56263007b888b57 DependenciesID=36b743078cc31bf4a02316e8f0aefebb StaticDependenciesID=6fadc48d24483b39e88a373add541796 
Importing 'GUID: 3cae67c457a2ad24495f86529619c102 - Path: Packages/com.unity.render-pipelines.core/Runtime/UnifiedRayTracing/Compute/RayQuerySoftware.hlsl' with importer (ShaderIncludeImporter)
Imported 'GUID: 3cae67c457a2ad24495f86529619c102' -> (Import Result ID: '696e5cd7a03bdb4e0bf2fceb919e06bc') in 0.004 seconds [static dependencies only]. Details - ImportResultOutputID=146491e5b43fb03e47437768fad0b1c0 DependenciesID=9e21e7b20ac2d3a1658dc441f2737870 StaticDependenciesID=38616789d30979b6e705a4ff703334a8 
Importing 'GUID: 5c52f3d26791c415b9e887442bfc817c - Path: Packages/com.unity.render-pipelines.universal/ShaderLibrary/Clustering.hlsl' with importer (ShaderIncludeImporter)
Imported 'GUID: 5c52f3d26791c415b9e887442bfc817c' -> (Import Result ID: 'db5aa498df4a6d438f70cca4f98dc062') in 0.004 seconds [static dependencies only]. Details - ImportResultOutputID=0b94175a437d814a8275c23225c4cc02 DependenciesID=de8606dacbf904ffb77417c0e22f5261 StaticDependenciesID=8297f2a19ec6ddec337e520d90a7009b 
Importing 'GUID: 5cb845b7decdb4db6a7fcc676b127b6d - Path: Packages/com.unity.render-pipelines.universal/ShaderLibrary/Shadows.hlsl' with importer (ShaderIncludeImporter)
Imported 'GUID: 5cb845b7decdb4db6a7fcc676b127b6d' -> (Import Result ID: 'ba8a7701acf1ec1856ae1003726a9207') in 0.004 seconds [static dependencies only]. Details - ImportResultOutputID=57552cfaf442788a363a0d50e31e52d2 DependenciesID=f4f06bfc625833494908f0583f2b6447 StaticDependenciesID=5267b09a55b243c419b45be0e8bf0a2f 
Importing 'GUID: ac160f8e04d8868418f09da1757e85ac - Path: Packages/com.unity.render-pipelines.universal/Runtime/VFXGraph/Shaders/VFXLitPixelOutput.hlsl' with importer (ShaderIncludeImporter)
Imported 'GUID: ac160f8e04d8868418f09da1757e85ac' -> (Import Result ID: 'cbbc4306901780710a0e5ab01f3f236f') in 0.003 seconds [static dependencies only]. Details - ImportResultOutputID=df9323171b32c536908a59ad979db1c1 DependenciesID=71c9980162a7506de12921e09fd318a7 StaticDependenciesID=92aebfc0343878bbc5f9f4eaca5c6fb4 
Importing 'GUID: bc7fdf95b149455c88d444108d74601c - Path: Packages/com.unity.render-pipelines.universal/ShaderLibrary/GBufferCommon.hlsl' with importer (ShaderIncludeImporter)
Imported 'GUID: bc7fdf95b149455c88d444108d74601c' -> (Import Result ID: '1aec8ae63a889b5e76e7acb8cc5b711d') in 0.003 seconds [static dependencies only]. Details - ImportResultOutputID=2bfef1f51e0f71f1f3aa1f82922e0920 DependenciesID=13136d25dabc3df7f744130b78372a2e StaticDependenciesID=9f56453ff8746139bc151863ccd986de 
Importing 'GUID: ad25529ea2516421ab5f1a2440bee139 - Path: Packages/com.unity.render-pipelines.universal/Shaders/Terrain/TerrainLitPasses.hlsl' with importer (ShaderIncludeImporter)
Imported 'GUID: ad25529ea2516421ab5f1a2440bee139' -> (Import Result ID: '4ad6537bbd2e68d6672ac2df53325239') in 0.005 seconds [static dependencies only]. Details - ImportResultOutputID=55ba32d520bd11c609ddebc699eb387d DependenciesID=6841cd14238db03d82d2f937ffd2f336 StaticDependenciesID=10ac7f84c80b105585419e6bdd2e2a45 
Importing 'GUID: 4e8e2a4c57cb4eb6bf8653ab88069a9c - Path: Packages/com.unity.render-pipelines.universal/ShaderLibrary/RealtimeLights.hlsl' with importer (ShaderIncludeImporter)
Imported 'GUID: 4e8e2a4c57cb4eb6bf8653ab88069a9c' -> (Import Result ID: 'cb8c775fe766b56c55601c68b16c8960') in 0.004 seconds [static dependencies only]. Details - ImportResultOutputID=df7b4e9429055f7551df8f2c914b7322 DependenciesID=3a8db0dc2765c78c6b425641d6503c65 StaticDependenciesID=52b1da031fd0038e7445c61e7a5dff5e 
Importing 'GUID: 9ebb19659794b47c59986fcc45692a0d - Path: Packages/com.unity.render-pipelines.universal/Editor/ShaderGraph/Includes/DepthNormalsOnlyPass.hlsl' with importer (ShaderIncludeImporter)
Imported 'GUID: 9ebb19659794b47c59986fcc45692a0d' -> (Import Result ID: '5a75e7c02f6d612816d8e106ce7731a4') in 0.004 seconds [static dependencies only]. Details - ImportResultOutputID=0c4d961dfe84ced5ca51deb3ce60fa13 DependenciesID=355d1519b63dfbf76bdd6a89384eeaad StaticDependenciesID=7bf7f953b2cdddefe45d070c53df7569 
Importing 'GUID: ce8b43269e26f4263ac0da53665264b9 - Path: Packages/com.unity.render-pipelines.universal/Shaders/UnlitDepthNormalsPass.hlsl' with importer (ShaderIncludeImporter)
Imported 'GUID: ce8b43269e26f4263ac0da53665264b9' -> (Import Result ID: '884b0548798fc0f87e60016f2c21a9a4') in 0.004 seconds [static dependencies only]. Details - ImportResultOutputID=bb61fc689e23bb6d1f4e174f97a18adf DependenciesID=b2c4fba3e9861ddf21a224b1ceae45d5 StaticDependenciesID=e397638aea36d34699c51bf6a01b19ca 
Importing 'GUID: ee447e65526c7db45a978c16b28827a9 - Path: Packages/com.unity.render-pipelines.universal/Shaders/SimpleLitForwardPass.hlsl' with importer (ShaderIncludeImporter)
Imported 'GUID: ee447e65526c7db45a978c16b28827a9' -> (Import Result ID: 'e157e3d1948a4d827cb6b56a57a3720d') in 0.003 seconds [static dependencies only]. Details - ImportResultOutputID=5e24641666abdb40f851ea817934cdb4 DependenciesID=f652ae9044e862f028b2c034ac142be7 StaticDependenciesID=222f8b9a0d6cac153958f0b8d318ea92 
Importing 'GUID: ee19d1386b0b8ef47b4ab104ec460f81 - Path: Packages/com.unity.render-pipelines.core/Runtime/PathTracing/Shaders/PathTracing.hlsl' with importer (ShaderIncludeImporter)
Imported 'GUID: ee19d1386b0b8ef47b4ab104ec460f81' -> (Import Result ID: '241317c9b61db6d6e3e36edfd5299785') in 0.004 seconds [static dependencies only]. Details - ImportResultOutputID=a435976e71d2c632b695e8c1cda738ad DependenciesID=af4e98a53264f3095a754136b607e4c1 StaticDependenciesID=b013c237de01756860f67b67d054387a 
Importing 'GUID: affb8a852369435f8e6a36bf7893715f - Path: Packages/com.unity.render-pipelines.universal/Shaders/Utils/ClusterDeferred.hlsl' with importer (ShaderIncludeImporter)
Imported 'GUID: affb8a852369435f8e6a36bf7893715f' -> (Import Result ID: 'e55307e5a6beb88db2c13444b310943d') in 0.004 seconds [static dependencies only]. Details - ImportResultOutputID=fad85af9693eceb87d6dbf1036cd88e5 DependenciesID=6a23b031bda4cdceaf364701670c5ef2 StaticDependenciesID=60ddddd38ecbeebf3ac3a4c85778bc49 
Importing 'GUID: effce4cba4eecea489c4b17e1eb3825e - Path: Packages/com.unity.render-pipelines.universal/ShaderLibrary/SSAOCommon.hlsl' with importer (ShaderIncludeImporter)
Imported 'GUID: effce4cba4eecea489c4b17e1eb3825e' -> (Import Result ID: '464ce3f257eedc07c70c026752582f03') in 0.004 seconds [static dependencies only]. Details - ImportResultOutputID=27378095516e5befea5c5831b4a7a986 DependenciesID=209059212ef1043d9ad0defec1fd6961 StaticDependenciesID=b9da84d7ec9c6ad48b52ce9e3af3f289 
Importing 'GUID: 200e63f12ebe79f4aa306481ce8ce4a4 - Path: Packages/com.unity.render-pipelines.core/Runtime/PathTracing/Shaders/ExpansionHelpers.compute' with importer (ComputeShaderImporter)
Launched and connected shader compiler UnityShaderCompiler.exe after 0.04 seconds
Imported 'GUID: 200e63f12ebe79f4aa306481ce8ce4a4' -> (Import Result ID: '3c96bbd55e5ee2f1d30db6b903af2138') in 0.319 seconds [static and dynamic dependencies]. Details - ImportResultOutputID=301866f6e587b08bcd6f9c1f8be96be9 DependenciesID=a0138a9319767e048acd81576af6bf3a StaticDependenciesID=a6f8afeb16bfa58784a266e0230c1416 
Importing 'GUID: 50b406436c6214c49aaaa6011b71dde8 - Path: Packages/com.unity.shadergraph/Editor/Resources/Shaders/BlitNoAlpha.shader' with importer (ShaderImporter)
Imported 'GUID: 50b406436c6214c49aaaa6011b71dde8' -> (Import Result ID: '9fd988caa3248589bb67780991d727fa') in 0.042 seconds [static and dynamic dependencies]. Details - ImportResultOutputID=b8ace69cc0f647f5c0e8ce354446bae2 DependenciesID=7409feee7894d68bd61bfd457d703724 StaticDependenciesID=fd52023893c181a4f2afd0916de7cf40 
Importing 'GUID: 60e10855641b4d84da68ec72e6f6eeb8 - Path: Packages/com.unity.render-pipelines.universal/Shaders/SpatialMappingOcclusion.shader' with importer (ShaderImporter)
Imported 'GUID: 60e10855641b4d84da68ec72e6f6eeb8' -> (Import Result ID: 'f22b18f30a3f06188f51d087187d4952') in 0.090 seconds [static and dynamic dependencies]. Details - ImportResultOutputID=979115f16b56b78e4a7537a48a5087e7 DependenciesID=84bdde56851c421fd6b7310141f6195c StaticDependenciesID=e8dd76b7b647a499e943e0726fd4e408 
Importing 'GUID: 7057bb795f794bc44a4e34ca79be6e54 - Path: Packages/com.unity.render-pipelines.universal/Tests/Editor/CustomDepthBlit.shader' with importer (ShaderImporter)
Imported 'GUID: 7057bb795f794bc44a4e34ca79be6e54' -> (Import Result ID: 'b69a92ea7fdee41a104718c1c2774b07') in 0.070 seconds [static and dynamic dependencies]. Details - ImportResultOutputID=726297cf096a62ec3ea04e406660bc4c DependenciesID=59744cde9248e4780efdbf8823f2cdd5 StaticDependenciesID=e12030fe52a228792adc81885870cbd6 
Importing 'GUID: 701880fecb344ea4c9cd0db3407ab287 - Path: Packages/com.unity.render-pipelines.universal/Shaders/PostProcessing/LensFlareScreenSpace.shader' with importer (ShaderImporter)
Imported 'GUID: 701880fecb344ea4c9cd0db3407ab287' -> (Import Result ID: '5c838aacfd46b63c104a5ca36db6dc4e') in 0.104 seconds [static and dynamic dependencies]. Details - ImportResultOutputID=c3a4c28a99a0fb4790049903c6bb3906 DependenciesID=e06dd516dd5f9caa54b7008ccaf34a2c StaticDependenciesID=9cb4a2e840046602386c381643f1e7d5 
Importing 'GUID: 90a204702cd44e54cac7ed4fc6e5d86b - Path: Packages/com.unity.render-pipelines.universal/Runtime/MipGen/Shaders/DepthPyramid.compute' with importer (ComputeShaderImporter)
Imported 'GUID: 90a204702cd44e54cac7ed4fc6e5d86b' -> (Import Result ID: 'f016cbabaeb0b14c78d28b4e677fc52a') in 0.023 seconds [static and dynamic dependencies]. Details - ImportResultOutputID=f642f4da1b6220ef2674f56e233de84b DependenciesID=87d97c0d835f87cdbaf7c4e941880bfb StaticDependenciesID=311dd69e7690b44689233dda71a59c5e 
Importing 'GUID: f056d8bd2a1c7e44e9729144b4c70395 - Path: Packages/com.unity.render-pipelines.universal/Runtime/Decal/DBuffer/DBufferClear.shader' with importer (ShaderImporter)
Imported 'GUID: f056d8bd2a1c7e44e9729144b4c70395' -> (Import Result ID: '60bcfc7ef4c8a9819fe580c7a4d59c03') in 0.051 seconds [static and dynamic dependencies]. Details - ImportResultOutputID=3013de0e43277d2a1e94e3d9e31d79a6 DependenciesID=950ded7d843670ca3ac371a696ef5218 StaticDependenciesID=37c3cd51fb72386bbaeb16f165ce52fe 
Importing 'GUID: 1121bb4e615ca3c48b214e79e841e823 - Path: Packages/com.unity.render-pipelines.universal/Shaders/PostProcessing/StopNaN.shader' with importer (ShaderImporter)
Imported 'GUID: 1121bb4e615ca3c48b214e79e841e823' -> (Import Result ID: '2cdab6060655693f6a0d8ddff82b62a4') in 0.042 seconds [static and dynamic dependencies]. Details - ImportResultOutputID=b8ab5b42ca7ba1150c40e7f6cc46a58f DependenciesID=fb80da827d49437077ad27df8ac55538 StaticDependenciesID=505dca819db7a7887fc6350b8d98bd2e 
Importing 'GUID: 21322c8b137c66e49b86085d3c8161f6 - Path: Packages/com.unity.render-pipelines.universal/Shaders/Terrain/TerrainLitBase.shader' with importer (ShaderImporter)
WARNING: Shader Unsupported: 'Hidden/Universal Render Pipeline/Terrain/Lit (Base Pass)' - All subshaders removed
WARNING: Shader Did you use #pragma only_renderers and omit this platform?
WARNING: Shader If subshaders removal was intentional, you may have forgotten turning Fallback off?
WARNING: Shader Unsupported: 'Hidden/Universal Render Pipeline/Terrain/Lit (Base Pass)' - All subshaders removed
WARNING: Shader Did you use #pragma only_renderers and omit this platform?
WARNING: Shader If subshaders removal was intentional, you may have forgotten turning Fallback off?
Imported 'GUID: 21322c8b137c66e49b86085d3c8161f6' -> (Import Result ID: '28b3f2ecc58a95d3e73bf78e432c2767') in 0.275 seconds [static and dynamic dependencies]. Details - ImportResultOutputID=c69573649418d77b430af1d999a04d33 DependenciesID=9c68ce9aebaf94da051e5bd718f0aab4 StaticDependenciesID=974de03d20ea997fe949406c50a01220 
Importing 'GUID: 61e53729ad706d049b12a441f328fe34 - Path: Packages/com.unity.render-pipelines.core/Tests/Editor/ShaderStripping/DummyPipelineShader.shader' with importer (ShaderImporter)
Imported 'GUID: 61e53729ad706d049b12a441f328fe34' -> (Import Result ID: '968e0b1043823514be699bc22fe0ecce') in 0.013 seconds [static and dynamic dependencies]. Details - ImportResultOutputID=7081788beb22f1c6eecf1532d1a626d7 DependenciesID=0076132276ad739b36557d579fca002a StaticDependenciesID=0829b07c13c3b82720e084c6c814248d 
Importing 'GUID: 6196f34ed825db14b81fb3eb0ea8d931 - Path: Packages/com.unity.render-pipelines.core/Runtime/Lighting/ProbeVolume/ProbeVolumeUploadDataL2.compute' with importer (ComputeShaderImporter)
Imported 'GUID: 6196f34ed825db14b81fb3eb0ea8d931' -> (Import Result ID: 'c535a9ebea9c921b9aad17449d1de8f2') in 0.035 seconds [static and dynamic dependencies]. Details - ImportResultOutputID=a732cae9f635951d0e27135e05aae657 DependenciesID=c420d1a87bcdebcc5f497271caaae2c1 StaticDependenciesID=7214769f72d84a3a70ed778a2aa5fd1b 
Importing 'GUID: 815c625bb9d4fe240a4ccf42ca3899cb - Path: Packages/com.unity.render-pipelines.universal/Shaders/Utils/BlitFullPrecision.shader' with importer (ShaderImporter)
Imported 'GUID: 815c625bb9d4fe240a4ccf42ca3899cb' -> (Import Result ID: '3272f952f6e0d9d46a721ee007713032') in 0.054 seconds [static and dynamic dependencies]. Details - ImportResultOutputID=ef59c5c7ed61c2577f56aafaa569da54 DependenciesID=11616ce8dd0f5328bed47b9c81c9bbff StaticDependenciesID=e2c38e5973f110d2d2b39a73ab224e86 
Importing 'GUID: a183a2d0b1da4904fb3bd71c6111ebb1 - Path: Packages/com.unity.render-pipelines.core/Runtime/Lighting/SurfaceCache/Defrag.compute' with importer (ComputeShaderImporter)
Imported 'GUID: a183a2d0b1da4904fb3bd71c6111ebb1' -> (Import Result ID: 'ece121b67fb3ebd60ba147391ac5b626') in 0.028 seconds [static and dynamic dependencies]. Details - ImportResultOutputID=c5719b6fa7809a48b44717bc1c693cc9 DependenciesID=79817a11677cd797e60b804a65c77d58 StaticDependenciesID=e007109b49ebaa0c5b573804f8625290 
Importing 'GUID: a176945d0e562084691bce8e11084c6a - Path: Packages/com.unity.render-pipelines.universal/Tests/Editor/PostProcessDataTests/1.shader' with importer (ShaderImporter)
Imported 'GUID: a176945d0e562084691bce8e11084c6a' -> (Import Result ID: '620e197ed0d2465cc145bc5f948cfb1c') in 0.836 seconds [static and dynamic dependencies]. Details - ImportResultOutputID=781c8b54eec273a22f85f68192c79250 DependenciesID=7ac9412e76c94c9125aab3cb93e10bca StaticDependenciesID=4392284c66c5bd4e4141b147d5b26d37 
Importing 'GUID: a15b78cf8ca26ca4fb2090293153c62c - Path: Packages/com.unity.render-pipelines.universal/Shaders/PostProcessing/PaniniProjection.shader' with importer (ShaderImporter)
Imported 'GUID: a15b78cf8ca26ca4fb2090293153c62c' -> (Import Result ID: '2dc1ec01f5aee3354d66c39a85b06430') in 0.043 seconds [static and dynamic dependencies]. Details - ImportResultOutputID=5b909ad76e32f97b3937c1839c83656b DependenciesID=b47335edc71d84534e258e23a994ff80 StaticDependenciesID=d568e02f73dc0ddd12a3000a89736b8c 
Importing 'GUID: c17132b1f77d20942aa75f8429c0f8bc - Path: Packages/com.unity.render-pipelines.universal/Shaders/Utils/Blit.shader' with importer (ShaderImporter)
Imported 'GUID: c17132b1f77d20942aa75f8429c0f8bc' -> (Import Result ID: '4a901e760b966c69999ae5e392d597e7') in 0.043 seconds [static and dynamic dependencies]. Details - ImportResultOutputID=9e4abe75b09dd9ad20378c8ab7698356 DependenciesID=7b6e5701205bb6b8e2a33905abace512 StaticDependenciesID=42f70e0e4068f6ccc07c33b3b876fd5f 
Importing 'GUID: c1e7adc3cf9b84be0b845973cedd828b - Path: Packages/com.unity.render-pipelines.core/Runtime/PathTracing/Shaders/Lightmapping/ChartRasterizerSoftware.shader' with importer (ShaderImporter)
Imported 'GUID: c1e7adc3cf9b84be0b845973cedd828b' -> (Import Result ID: '301de349a8092fceadd5dc6160782327') in 0.013 seconds [static and dynamic dependencies]. Details - ImportResultOutputID=a9a3db9a315742430eab65e0941741f9 DependenciesID=1e27bc3e99c470c8544e5560ce1d6615 StaticDependenciesID=1717c2720b395243f73634ab576756b7 
Importing 'GUID: d104b2fc1ca6445babb8e90b0758136b - Path: Packages/com.unity.render-pipelines.universal/Shaders/Utils/CoreBlitColorAndDepth.shader' with importer (ShaderImporter)
Imported 'GUID: d104b2fc1ca6445babb8e90b0758136b' -> (Import Result ID: '2092a2cd5e8c2ab9f07af6bd32ac212a') in 0.034 seconds [static and dynamic dependencies]. Details - ImportResultOutputID=e8de82bf23cac3dd67f7e8a65f808ad6 DependenciesID=2bfa0a9c6b84ea1e35ba0ef2ece9112b StaticDependenciesID=027778bf99a04960ae4023297f352101 
Importing 'GUID: 12dc59547ea167a4ab435097dd0f9add - Path: Packages/com.unity.render-pipelines.core/Shaders/CoreCopy.shader' with importer (ShaderImporter)
Imported 'GUID: 12dc59547ea167a4ab435097dd0f9add' -> (Import Result ID: '4aa457ee66614f8eba7e7db7165734af') in 0.035 seconds [static and dynamic dependencies]. Details - ImportResultOutputID=b55ba5a86d06aecdad3a0cc7b8f91200 DependenciesID=026ff48fea346fd6f4222b389a5eb79d StaticDependenciesID=99ee172c7d7c4c6abf05259724288a49 
Importing 'GUID: 120ea264a7bdc294f86074ea0303c88f - Path: Packages/com.unity.render-pipelines.core/Tests/Editor/SimpleDots.shader' with importer (ShaderImporter)
Imported 'GUID: 120ea264a7bdc294f86074ea0303c88f' -> (Import Result ID: 'e0dd529490dcf65266bf2ec3dd97be40') in 0.022 seconds [static and dynamic dependencies]. Details - ImportResultOutputID=a953adad83ca8931e0d5f334e37b8153 DependenciesID=7dc6d18e63e2f18227f06c4d6c987b10 StaticDependenciesID=137054bef4ca407abdc792f255f1c1e9 
Importing 'GUID: 222cce62363a44a380c36bf03b392608 - Path: Packages/com.unity.render-pipelines.universal/Shaders/Utils/ClusterDeferred.shader' with importer (ShaderImporter)
Imported 'GUID: 222cce62363a44a380c36bf03b392608' -> (Import Result ID: '46aad482d6ecfe2a439919986f1987a5') in 0.126 seconds [static and dynamic dependencies]. Details - ImportResultOutputID=bc3b32a544da8522243938a89be29af7 DependenciesID=4140385058ad6582b401e1d32b71c043 StaticDependenciesID=7fc1522e3c723a99b7a714fbaaa20df2 
Importing 'GUID: 421501d8e4bd2014dbd1dbe80ec2bb5a - Path: Packages/com.unity.render-pipelines.universal/Runtime/RendererFeatures/SurfaceCacheGIRendererFeature/FallbackMaterial.shader' with importer (ShaderImporter)
Imported 'GUID: 421501d8e4bd2014dbd1dbe80ec2bb5a' -> (Import Result ID: '98244e43b534764a44d6b22bac15fff9') in 0.022 seconds [static and dynamic dependencies]. Details - ImportResultOutputID=62da527c51af0e25f4f1e924e26f7bce DependenciesID=5e990f3ff4a577e10d2d3b71de9ef911 StaticDependenciesID=ff733cb9f48690d0b95c826cadaf541b 
Importing 'GUID: 620b55b8040a88d468e94abe55bed5ba - Path: Packages/com.unity.render-pipelines.core/Runtime/Vrs/Shaders/VrsVisualization.shader' with importer (ShaderImporter)
Imported 'GUID: 620b55b8040a88d468e94abe55bed5ba' -> (Import Result ID: 'adfd8a73f787593e663dfbe9b2729a64') in 0.033 seconds [static and dynamic dependencies]. Details - ImportResultOutputID=d1de9b70731a37293cf384adb555cb7e DependenciesID=872f50a21d1b0d8174a7b98b1374dd2d StaticDependenciesID=dfc851a8b65891437b10ed464372a403 
Importing 'GUID: a2eaeefdac4637a44b734e85b7be9186 - Path: Packages/com.unity.render-pipelines.core/Runtime/UnifiedRayTracing/Compute/RadeonRays/kernels/scatter.compute' with importer (ComputeShaderImporter)
Imported 'GUID: a2eaeefdac4637a44b734e85b7be9186' -> (Import Result ID: '47dd401ae07a364c15740e1948adcf26') in 0.006 seconds [static and dynamic dependencies]. Details - ImportResultOutputID=9836f7f8f8ade52858e812660fceed23 DependenciesID=481d45cc5f754bd57ebb2a5d95338abb StaticDependenciesID=4faeb8465e5febe4ae4cbb0ad3d756c8 
Importing 'GUID: b271ec1ddd8048458fa529e8e7cfe960 - Path: Packages/com.unity.render-pipelines.core/Runtime/Lighting/SurfaceCache/PatchAllocation.compute' with importer (ComputeShaderImporter)
Imported 'GUID: b271ec1ddd8048458fa529e8e7cfe960' -> (Import Result ID: '8f07b2aa32267917241ac0552c4f69e8') in 0.016 seconds [static and dynamic dependencies]. Details - ImportResultOutputID=2c9941c976d81724ac77200792e16df3 DependenciesID=0a8de3fd0e2968471bc0c38ba585eef5 StaticDependenciesID=5a3584f06fe670a205fb31dcb1e5d2aa 
Importing 'GUID: b23e766bcf50ca4438ef186b174557df - Path: Packages/com.unity.render-pipelines.core/Runtime/RenderPipelineResources/GPUDriven/OcclusionCullingDebug.compute' with importer (ComputeShaderImporter)
Imported 'GUID: b23e766bcf50ca4438ef186b174557df' -> (Import Result ID: '96ee06809cf254c348c0ce0d85423dc3') in 0.030 seconds [static and dynamic dependencies]. Details - ImportResultOutputID=eb231726efed455458114b2844f5cc6b DependenciesID=bbeb213e24ead704e42e401f65b8d462 StaticDependenciesID=ea28e924761c57d8e9b55d5e8d62d638 
Importing 'GUID: c23523f04780d754f927b9daf4f975b9 - Path: Packages/com.unity.render-pipelines.core/Runtime/Lighting/SurfaceCache/TemporalFiltering.compute' with importer (ComputeShaderImporter)
Imported 'GUID: c23523f04780d754f927b9daf4f975b9' -> (Import Result ID: 'da5ca79edfd0d2e16b07e2afc13d60ec') in 0.010 seconds [static and dynamic dependencies]. Details - ImportResultOutputID=3e216d63c5bff07105532187eed34583 DependenciesID=86e7ac19aac060eecc7169d88507a9e3 StaticDependenciesID=5cf6f22e48137e3a766cad0338162814 
Importing 'GUID: d28d1bc84c83fd54a85bd554d8b5c9c7 - Path: Packages/com.unity.render-pipelines.core/Runtime/PathTracing/Shaders/Lightmapping/UVFallbackBufferGeneration.shader' with importer (ShaderImporter)
Imported 'GUID: d28d1bc84c83fd54a85bd554d8b5c9c7' -> (Import Result ID: 'c33cb82da6b366274848cf7f914f348f') in 0.013 seconds [static and dynamic dependencies]. Details - ImportResultOutputID=07f652bb6eb7419092fbb595d35e7027 DependenciesID=da48752e8d178f32fb0bec01d4165899 StaticDependenciesID=fabe9bb8e9a70e908f65ab3b08f2d384 
Importing 'GUID: e260cfa7296ee7642b167f1eb5be5023 - Path: Packages/com.unity.render-pipelines.universal/Shaders/2D/Sprite-Lit-Default.shader' with importer (ShaderImporter)
Imported 'GUID: e260cfa7296ee7642b167f1eb5be5023' -> (Import Result ID: '3a97e6eaee6740837eb0dbb7c02fef9c') in 0.093 seconds [static and dynamic dependencies]. Details - ImportResultOutputID=720a0733c1fe50e5212581ceba0f888d DependenciesID=976f404d91caeae84ccad7623f727f51 StaticDependenciesID=0bbffd70cf86ad3bf53bb3ca426fbd57 
Importing 'GUID: 13c02b14c4d048fa9653293d54f6e0e1 - Path: Packages/com.unity.render-pipelines.universal/Shaders/2D/Sprite-Unlit-Default.shader' with importer (ShaderImporter)
Imported 'GUID: 13c02b14c4d048fa9653293d54f6e0e1' -> (Import Result ID: 'e6f76a1093251e9a0181ad91eef4172f') in 0.047 seconds [static and dynamic dependencies]. Details - ImportResultOutputID=b2874228032dae9a2b14c88bb073b111 DependenciesID=7e600f5a9263e9c73f3813d724de3a3f StaticDependenciesID=74552150fe73f6a82992f2c4e582a4d8 
Importing 'GUID: 134e9451a58aaba43ba713adbd103d92 - Path: Packages/com.unity.render-pipelines.universal/Runtime/RendererFeatures/SurfaceCacheGIRendererFeature/FlatNormalResolution.compute' with importer (ComputeShaderImporter)
Imported 'GUID: 134e9451a58aaba43ba713adbd103d92' -> (Import Result ID: 'be380cf06b1ac8c615b7e715948254f0') in 0.044 seconds [static and dynamic dependencies]. Details - ImportResultOutputID=aa15845720e868c7bbba5670b940ffff DependenciesID=73f4da9793cbc1664399ab443a78aa92 StaticDependenciesID=51d8c2392b5d7d083718463e829b454e 
Importing 'GUID: 33be2e9a5506b2843bdb2bdff9cad5e1 - Path: Packages/com.unity.render-pipelines.core/Runtime/STP/StpSetup.compute' with importer (ComputeShaderImporter)
Imported 'GUID: 33be2e9a5506b2843bdb2bdff9cad5e1' -> (Import Result ID: '1da202d80cfff910b31b28dc284a9061') in 0.051 seconds [static and dynamic dependencies]. Details - ImportResultOutputID=e2d9fdbee3346695f2e283196fbc2b8b DependenciesID=1a45056c335419b36899ab5ca1eea8a6 StaticDependenciesID=8d720d7cc890bef06ec9b4cf77f82201 
Importing 'GUID: 53626a513ea68ce47b59dc1299fe3959 - Path: Packages/com.unity.render-pipelines.universal/Shaders/Debug/ProbeVolumeSamplingDebugPositionNormal.compute' with importer (ComputeShaderImporter)
Imported 'GUID: 53626a513ea68ce47b59dc1299fe3959' -> (Import Result ID: '525f0fde6baf1f65c4a9ac90428d0ece') in 0.039 seconds [static and dynamic dependencies]. Details - ImportResultOutputID=c08f282e8783c14bd8a723ed26112f3b DependenciesID=5197043a7e4fecdb5e32ea072bebbb55 StaticDependenciesID=8840191f5af0c347456ec1dd2dcddca6 
Importing 'GUID: 53864816eb00f2343b60e1a2c5a262ef - Path: Packages/com.unity.render-pipelines.core/Runtime/RenderPipelineResources/GPUDriven/InstanceDataBufferUploadKernels.compute' with importer (ComputeShaderImporter)
Imported 'GUID: 53864816eb00f2343b60e1a2c5a262ef' -> (Import Result ID: '7156fe411c6c1d11431dcaaf98470b6d') in 0.005 seconds [static and dynamic dependencies]. Details - ImportResultOutputID=d4dc874755556d9b6dcecd608429a25a DependenciesID=1016978679d41ae9176b5e4d9715e842 StaticDependenciesID=23bbd006c385909305a19c7c9286af5f 
Importing 'GUID: 63e59de460463bb4c9d64bc58051d12c - Path: Packages/com.unity.render-pipelines.core/Runtime/Lighting/SurfaceCache/SpatialFiltering.compute' with importer (ComputeShaderImporter)
Imported 'GUID: 63e59de460463bb4c9d64bc58051d12c' -> (Import Result ID: '115107808033fac88e63e83eb4fcc3f9') in 0.014 seconds [static and dynamic dependencies]. Details - ImportResultOutputID=80ea948e2e794a4a00cf5e1e67077694 DependenciesID=0d1bbf39a97897b4a11ad9aeb8777a2c StaticDependenciesID=90bdc4dba9d09372523c9dc0a9d204af 
Importing 'GUID: 63b92baba208e314c8fdebe52ca0cc34 - Path: Packages/com.unity.render-pipelines.universal/Runtime/MipGen/Shaders/ColorPyramidPS.shader' with importer (ShaderImporter)
Imported 'GUID: 63b92baba208e314c8fdebe52ca0cc34' -> (Import Result ID: '600b54cc79ee6236e87f520c25781fa8') in 0.041 seconds [static and dynamic dependencies]. Details - ImportResultOutputID=fd0d5fe2884821a9ba94ae402688304f DependenciesID=d0be2b4d408ba833998eb5ac5f61de90 StaticDependenciesID=5e7f20908192b69e2fd8fadf6c1e30de 
Importing 'GUID: 63eaba0ebfb82cc43bde059b4a8c65f6 - Path: Packages/com.unity.render-pipelines.universal/Shaders/PostProcessing/SubpixelMorphologicalAntialiasing.shader' with importer (ShaderImporter)
Imported 'GUID: 63eaba0ebfb82cc43bde059b4a8c65f6' -> (Import Result ID: 'fe5e54b6d0328035de9b64705b7020bb') in 0.071 seconds [static and dynamic dependencies]. Details - ImportResultOutputID=72a8602cc03b6396054c0c1a67260f4d DependenciesID=96d84b19e215d47bc883eab1cf7763bd StaticDependenciesID=7bcd645a2a8fd89d9e5e25cea653c14f 
Importing 'GUID: 93446b5c5339d4f00b85c159e1159b7c - Path: Packages/com.unity.render-pipelines.universal/Shaders/Utils/CoreBlit.shader' with importer (ShaderImporter)
Imported 'GUID: 93446b5c5339d4f00b85c159e1159b7c' -> (Import Result ID: '2b9d6af73b86acd8996b8d8a2fe41bec') in 0.253 seconds [static and dynamic dependencies]. Details - ImportResultOutputID=17e007e1e2bb7fee11205ee084e4852e DependenciesID=14fe9469e10671eb95535b0e82308c39 StaticDependenciesID=d61330d75e7d825e1432dcba45fce2cd 
Importing 'GUID: 933532a4fcc9baf4fa0491de14d08ed7 - Path: Packages/com.unity.render-pipelines.universal/Shaders/Lit.shader' with importer (ShaderImporter)
Imported 'GUID: 933532a4fcc9baf4fa0491de14d08ed7' -> (Import Result ID: '04812cd4c64794297f98c6069dd16751') in 0.237 seconds [static and dynamic dependencies]. Details - ImportResultOutputID=0f8ea9c338f95dbebb868991b064ffbe DependenciesID=1bd6578395c853e57b75e5a63d509f5e StaticDependenciesID=703aa2297536c01c7f6bce4bbb11c347 
Importing 'GUID: a3f7b8c99de28a94684cb1daebeccf5d - Path: Packages/com.unity.render-pipelines.core/Runtime/Lighting/ProbeVolume/ProbeVolumeBlendStates.compute' with importer (ComputeShaderImporter)
Imported 'GUID: a3f7b8c99de28a94684cb1daebeccf5d' -> (Import Result ID: '9f593d3f58d8d2ea6a2f24d69ef4233e') in 0.027 seconds [static and dynamic dependencies]. Details - ImportResultOutputID=a546ba7e9dcc14359ab95139a3ed35e2 DependenciesID=18a9751d3e46ba753e6fd7d52df625be StaticDependenciesID=ee694e2e0b9c71768452d0c753bcd851 
Importing 'GUID: b3c92426a88625841ab15ca6a7917248 - Path: Packages/com.unity.render-pipelines.core/Runtime/RenderPipelineResources/GPUDriven/DebugOccluder.shader' with importer (ShaderImporter)
Imported 'GUID: b3c92426a88625841ab15ca6a7917248' -> (Import Result ID: 'b31212cb8470e489ac21276d2cc655d6') in 0.023 seconds [static and dynamic dependencies]. Details - ImportResultOutputID=313c1a1acb0a1334c609cef0ca5e525d DependenciesID=ad5bcdb331887ee969838b95bd2f910b StaticDependenciesID=3c1252399be49a779bedd9ef27524c85 
Importing 'GUID: d3f0849180c2d0944bc71060693df100 - Path: Packages/com.unity.render-pipelines.core/Runtime/RenderPipelineResources/GPUDriven/DebugOcclusionTest.shader' with importer (ShaderImporter)
Imported 'GUID: d3f0849180c2d0944bc71060693df100' -> (Import Result ID: 'a69e7985416ed11e0252f94c18eaec26') in 0.036 seconds [static and dynamic dependencies]. Details - ImportResultOutputID=f73d8e050fec8925b13224080da2e5a1 DependenciesID=eaaa45d49a50b8b0744ae73b602b6b1c StaticDependenciesID=aa7ed96a2b4b4beb5dabe02a3a534e25 
Importing 'GUID: e39bd598ce13f44ba8af997d3e42cd18 - Path: Packages/com.unity.render-pipelines.universal/Shaders/2D/Sprite-Mask.shader' with importer (ShaderImporter)
Imported 'GUID: e39bd598ce13f44ba8af997d3e42cd18' -> (Import Result ID: 'b40d73a040d7283b84063839cd75b73e') in 0.060 seconds [static and dynamic dependencies]. Details - ImportResultOutputID=63eed74d98e1d35ce1ce5732c9896b93 DependenciesID=e56cd88567de2735bf8394c01716a1bd StaticDependenciesID=213c78561e8f9a8a0eac9e15c5410b2c 
Importing 'GUID: 04c410c9937594faa893a11dceb85f7e - Path: Packages/com.unity.render-pipelines.universal/Shaders/Utils/Sampling.shader' with importer (ShaderImporter)
Imported 'GUID: 04c410c9937594faa893a11dceb85f7e' -> (Import Result ID: '971fba1513f774bbfd10261e6b8d0ea5') in 0.045 seconds [static and dynamic dependencies]. Details - ImportResultOutputID=d72cd2553758352acc60d35de62747dd DependenciesID=3fb2dc7ee67bef50320d471a2c9f9361 StaticDependenciesID=ade54049964ba0fcc4919cf209dae6a9 
Importing 'GUID: 0406db5a14f94604a8c57ccfbc9f3b46 - Path: Packages/com.unity.render-pipelines.universal/Shaders/Particles/ParticlesUnlit.shader' with importer (ShaderImporter)
Imported 'GUID: 0406db5a14f94604a8c57ccfbc9f3b46' -> (Import Result ID: '6f022f511471dd2249ad9ac37cb2b87e') in 0.222 seconds [static and dynamic dependencies]. Details - ImportResultOutputID=cc85e718d2386b958a309e31950f4e20 DependenciesID=89b0a7d13158c9b813c2dee3e74a08d9 StaticDependenciesID=0d327271c4e0142a4ee6348b2e844d89 
Importing 'GUID: 4431b1f1f743fbf4eb310a967890cbea - Path: Packages/com.unity.render-pipelines.universal/Shaders/XR/XROcclusionMesh.shader' with importer (ShaderImporter)
Imported 'GUID: 4431b1f1f743fbf4eb310a967890cbea' -> (Import Result ID: 'a09735c51d807e99a8ad16b5470e6502') in 0.036 seconds [static and dynamic dependencies]. Details - ImportResultOutputID=de8fd18c46c18a4498de4d04c1e1fc57 DependenciesID=7a5bb23f55a0f36f42a43c6edcc6fad6 StaticDependenciesID=178ec415672d30cea929cbd082e42b94 
Importing 'GUID: 44fc62292b65ab04eabcf310e799ccf6 - Path: Packages/com.unity.render-pipelines.universal/Shaders/2D/Shadow2D-Shadow-Sprite.shader' with importer (ShaderImporter)
Imported 'GUID: 44fc62292b65ab04eabcf310e799ccf6' -> (Import Result ID: '4e90f0c6d7607f2c57bcb27259b7cd9a') in 0.037 seconds [static and dynamic dependencies]. Details - ImportResultOutputID=1285798dd1da73fb62b87ccffc57ec04 DependenciesID=e72d7413fb3be4b7e1e94ec8671980b7 StaticDependenciesID=5157a929f6e6bfb756ea25abe47d7eae 
Importing 'GUID: 74b1585886a85614aa34e2c8e303c77a - Path: Packages/com.unity.render-pipelines.universal/Shaders/BRGPicking.shader' with importer (ShaderImporter)
Imported 'GUID: 74b1585886a85614aa34e2c8e303c77a' -> (Import Result ID: '3c61367871792671c0b74c5c7cb86770') in 0.051 seconds [static and dynamic dependencies]. Details - ImportResultOutputID=85916d3b7ea07772425c313649f20a17 DependenciesID=ea8b7e5ab6c52cf82861206026e58450 StaticDependenciesID=184dd813fa5dff15884e343019b54088 
Importing 'GUID: 74659692f6350ba46b88180d9c826630 - Path: Packages/com.unity.render-pipelines.universal/Shaders/2D/RenderAs2D-Flattening.shader' with importer (ShaderImporter)
Imported 'GUID: 74659692f6350ba46b88180d9c826630' -> (Import Result ID: 'b7e633060fc991f1312c67ca5f31fb71') in 0.055 seconds [static and dynamic dependencies]. Details - ImportResultOutputID=c5c8ae9786b13b13fe4f5cc823ca1e4a DependenciesID=7415beb21fb339e72f0428cb012062ef StaticDependenciesID=26f56decae35f2b850c2b26f01072f01 
Importing 'GUID: c49e63ed1bbcb334780a3bd19dfed403 - Path: Packages/com.unity.render-pipelines.universal/Shaders/PostProcessing/FinalPost.shader' with importer (ShaderImporter)
Imported 'GUID: c49e63ed1bbcb334780a3bd19dfed403' -> (Import Result ID: '37d7b49ee3a8c889923dff1eb820b059') in 0.118 seconds [static and dynamic dependencies]. Details - ImportResultOutputID=a383d3d90218ec7615f04862a534f02d DependenciesID=55e8ec566bae1012c4a6717be113918c StaticDependenciesID=c817db9d36879ed693bf9e88e1a16e7a 
Importing 'GUID: 557fa399e33bf7647bda5697c5c158df - Path: Packages/com.unity.render-pipelines.core/Runtime/PathTracing/Shaders/BlitCookie.compute' with importer (ComputeShaderImporter)
Imported 'GUID: 557fa399e33bf7647bda5697c5c158df' -> (Import Result ID: 'c21b5724111307294d2f9ad1db1f73b1') in 0.005 seconds [static and dynamic dependencies]. Details - ImportResultOutputID=0c40784e873bd7f4ac7d3db521befd0e DependenciesID=bbf3bed3f8901c8495f0a449a914a003 StaticDependenciesID=00bf75a0da40c18f4ab7f8dd9ba9cbf8 
Importing 'GUID: 650dd9526735d5b46b79224bc6e94025 - Path: Packages/com.unity.render-pipelines.universal/Shaders/Unlit.shader' with importer (ShaderImporter)
Imported 'GUID: 650dd9526735d5b46b79224bc6e94025' -> (Import Result ID: 'afed2e38ae6fb2d2f74f14c3a70d9009') in 0.148 seconds [static and dynamic dependencies]. Details - ImportResultOutputID=07f7e92dca5fab3919fcf8bb6bae122e DependenciesID=29aa8fe450f113fab5cb50147c3d2a68 StaticDependenciesID=7f15a62f5a48a76a1504b77ad6d64783 
Importing 'GUID: 65df88701913c224d95fc554db28381a - Path: Packages/com.unity.render-pipelines.universal/Shaders/PostProcessing/LutBuilderLdr.shader' with importer (ShaderImporter)
Imported 'GUID: 65df88701913c224d95fc554db28381a' -> (Import Result ID: 'e1c604b6608541edd083e82775457ba3') in 0.039 seconds [static and dynamic dependencies]. Details - ImportResultOutputID=0bf99227860c6ac45d99d1588ab6e3db DependenciesID=9939cb2a1daddaf6f736efe674c63ae7 StaticDependenciesID=41efa06855eab8f190d613c5fdf773f1 
Importing 'GUID: 8516d7a69675844a7a0b7095af7c46af - Path: Packages/com.unity.render-pipelines.universal/Shaders/Particles/ParticlesSimpleLit.shader' with importer (ShaderImporter)
Imported 'GUID: 8516d7a69675844a7a0b7095af7c46af' -> (Import Result ID: '322049b12d0d534c4b1ada683f52d030') in 0.224 seconds [static and dynamic dependencies]. Details - ImportResultOutputID=6b0e970a5bb6474e027745a335054abd DependenciesID=dc4667525dd9e14914752ace447f7ffe StaticDependenciesID=95ef8a550a0a1213902bcf6e7a5f48a6 
Importing 'GUID: 95e15a77195eb574ab82aaac18b1c796 - Path: Packages/com.unity.render-pipelines.universal/Editor/Overrides/Shaders/ShadowsMidtonesHighlightsCurves.shader' with importer (ShaderImporter)
Imported 'GUID: 95e15a77195eb574ab82aaac18b1c796' -> (Import Result ID: 'b0d57d6f4dc1f3c62c183556e9d9a28e') in 0.016 seconds [static and dynamic dependencies]. Details - ImportResultOutputID=5149a729b9d8da867f075c024b0ee1ae DependenciesID=dc4bd18838c545d55117a00bc8063b2b StaticDependenciesID=4032682d7348a77804afdaa7a678babb 
Importing 'GUID: c56b7e0d4c7cb484e959caeeedae9bbf - Path: Packages/com.unity.render-pipelines.universal/Shaders/CameraMotionVectors.shader' with importer (ShaderImporter)
Imported 'GUID: c56b7e0d4c7cb484e959caeeedae9bbf' -> (Import Result ID: 'adff6954c40ca888b700ad4587b2d6d3') in 0.035 seconds [static and dynamic dependencies]. Details - ImportResultOutputID=ad8fc450ab0a45789d2cb5ea801ae92f DependenciesID=12daa18047ee1069a67cadfc3fbb81be StaticDependenciesID=2735ca903f4d05b38318364b6f7b4267 
Importing 'GUID: d5a307c014552314b9f560906d708772 - Path: Packages/com.unity.render-pipelines.universal/Shaders/XR/XRMirrorView.shader' with importer (ShaderImporter)
Imported 'GUID: d5a307c014552314b9f560906d708772' -> (Import Result ID: 'c557a51c84198aa082ada75f7ca7fb77') in 0.040 seconds [static and dynamic dependencies]. Details - ImportResultOutputID=526a1ec25bd95ecc80148f03462be10e DependenciesID=db1e6e150ab03a45672085218a30d2d2 StaticDependenciesID=748f66e360aa11d366c6856fe4d1969d 
Importing 'GUID: e507fdfead5ca47e8b9a768b51c291a1 - Path: Packages/com.unity.render-pipelines.universal/Shaders/Terrain/WavingGrass.shader' with importer (ShaderImporter)
Imported 'GUID: e507fdfead5ca47e8b9a768b51c291a1' -> (Import Result ID: '5681502aa149eddf6bd8705c17b03780') in 0.105 seconds [static and dynamic dependencies]. Details - ImportResultOutputID=fb9b47b28f0e577de083826042ae5db0 DependenciesID=10000cf6cddea5300af831f71cf729f1 StaticDependenciesID=25a6479413c7ffbb1dbe93f5387fff75 
Importing 'GUID: 065a0fb9495518147aaf6f482d53ff42 - Path: Packages/com.unity.render-pipelines.core/Runtime/PathTracing/Shaders/SegmentedReduction.compute' with importer (ComputeShaderImporter)
Imported 'GUID: 065a0fb9495518147aaf6f482d53ff42' -> (Import Result ID: '2acdc57df56db1c37490d909c1947c1c') in 0.006 seconds [static and dynamic dependencies]. Details - ImportResultOutputID=688561fb635851e9861571068f0af08b DependenciesID=644fff3bf329d14f60bf35a37312bff7 StaticDependenciesID=7f21930d37606371429e0f60e709c8e2 
Importing 'GUID: 16e47c1641bd0104e92b624601457bb0 - Path: Packages/com.unity.render-pipelines.core/Runtime/PathTracing/Shaders/BuildLightGrid.compute' with importer (ComputeShaderImporter)
Imported 'GUID: 16e47c1641bd0104e92b624601457bb0' -> (Import Result ID: 'd22061b710fe1af26e80e3aeffa4f84b') in 0.029 seconds [static and dynamic dependencies]. Details - ImportResultOutputID=e84c8fd47cdf9fac3783a3c916dff3bc DependenciesID=165e28e5f509acfd5e30610476cbbcd1 StaticDependenciesID=f4f4664c70cfe600c87e59a0d3ad1ef3 
Importing 'GUID: 36e335017ad71d54fbb10842863188ae - Path: Packages/com.unity.render-pipelines.core/Runtime/RenderPipelineResources/FallbackShader.shader' with importer (ShaderImporter)
Imported 'GUID: 36e335017ad71d54fbb10842863188ae' -> (Import Result ID: '6d0d58f023bfcc027d668b031ceef702') in 0.009 seconds [static and dynamic dependencies]. Details - ImportResultOutputID=1094814d41f92b082a04078b24874628 DependenciesID=79acc7f0fbce16eff53e83cf909eb44d StaticDependenciesID=27b9328314e6f86afb082e66aa8ee0be 
Importing 'GUID: 56641cb88dcb31a4398a4997ef7a7a8c - Path: Packages/com.unity.render-pipelines.core/Runtime/UnifiedRayTracing/Compute/RadeonRays/kernels/restructure_bvh.compute' with importer (ComputeShaderImporter)
Imported 'GUID: 56641cb88dcb31a4398a4997ef7a7a8c' -> (Import Result ID: '209ad449e05852fd2c2ccd752db29cf8') in 0.016 seconds [static and dynamic dependencies]. Details - ImportResultOutputID=ebf005ee816af43c78e394772a8f5c36 DependenciesID=c0c2fb1df51cf2c13f3ec301566b5fe1 StaticDependenciesID=ab5b99b612dcf3a42371864f2b1a85a1 
Importing 'GUID: 562b7ae4f629f144aa97780546fce7c6 - Path: Packages/com.unity.render-pipelines.universal/Shaders/PostProcessing/EdgeAdaptiveSpatialUpsampling.shader' with importer (ShaderImporter)
Imported 'GUID: 562b7ae4f629f144aa97780546fce7c6' -> (Import Result ID: 'd8fb28421b5cfaf6c8bb353fc2a870aa') in 0.036 seconds [static and dynamic dependencies]. Details - ImportResultOutputID=669e34a0f9cacef5d37c8df63d476782 DependenciesID=99ebefd2d106b7a98e2fef1ec350abf1 StaticDependenciesID=84e938a12d5adc44eb45a9515e7558b6 
Importing 'GUID: 6666e5f03ff07054dbb7a7ac6e6aaee0 - Path: Packages/com.unity.render-pipelines.core/Tests/Editor/CopyDepthToBuffer.compute' with importer (ComputeShaderImporter)
Imported 'GUID: 6666e5f03ff07054dbb7a7ac6e6aaee0' -> (Import Result ID: '134791c837a35cc5429d7a62d20e0163') in 0.005 seconds [static and dynamic dependencies]. Details - ImportResultOutputID=8b248c6ab27c52b493cc268a205aee69 DependenciesID=84ef0f132fcaf1c9182cdc3ead1f1f98 StaticDependenciesID=18b84650c7af960dbbac49243c192f27 
Importing 'GUID: 8670f7ce4b60cef43bed36148aa1b0a2 - Path: Packages/com.unity.render-pipelines.core/Runtime/UnifiedRayTracing/Compute/RadeonRays/kernels/bit_histogram.compute' with importer (ComputeShaderImporter)
Imported 'GUID: 8670f7ce4b60cef43bed36148aa1b0a2' -> (Import Result ID: 'ff3675d2dfda3b06622350d6e646e755') in 0.003 seconds [static and dynamic dependencies]. Details - ImportResultOutputID=e63769863aa7481f9adca617f23d6a7e DependenciesID=0a2fdd7182067bc1a3bd7cd5c6b8c485 StaticDependenciesID=ebc2972affb586fb56d305764b38b581 
Importing 'GUID: a679dba8ec4d9ce45884a270b0e22dda - Path: Packages/com.unity.render-pipelines.core/Runtime/STP/StpPreTaa.compute' with importer (ComputeShaderImporter)
Imported 'GUID: a679dba8ec4d9ce45884a270b0e22dda' -> (Import Result ID: '159750b2d2655328e68996d6a65695bb') in 0.024 seconds [static and dynamic dependencies]. Details - ImportResultOutputID=08b207a070637ac8f41622264dcfdf41 DependenciesID=07d7161a91cf083916660196e01277af StaticDependenciesID=c47bae2123e5cb117e2c647abb82e1b1 
Importing 'GUID: d6dae50ee9e1bfa4db75f19f99355220 - Path: Packages/com.unity.render-pipelines.universal/Shaders/Utils/CopyDepth.shader' with importer (ShaderImporter)
Imported 'GUID: d6dae50ee9e1bfa4db75f19f99355220' -> (Import Result ID: 'fb3754cb4a454f0ea1688b8f8d75634e') in 0.037 seconds [static and dynamic dependencies]. Details - ImportResultOutputID=ceae69794e8a2d048bcac87ffc87daa7 DependenciesID=69c60c29c2e0655339ac707f4952fe04 StaticDependenciesID=b1838f8b52c461022095fbbfdf23ccd5 
Importing 'GUID: e6e9a19c3678ded42a3bc431ebef7dbd - Path: Packages/com.unity.render-pipelines.universal/Shaders/Utils/FallbackError.shader' with importer (ShaderImporter)
Imported 'GUID: e6e9a19c3678ded42a3bc431ebef7dbd' -> (Import Result ID: 'f3c907cd7233734c12b2ef4c7e39800d') in 0.024 seconds [static and dynamic dependencies]. Details - ImportResultOutputID=8d6e7ff509e8e6e17a280fee5fcb4d13 DependenciesID=d5b2a0389db2260caa3b81c7e80043aa StaticDependenciesID=af79af6e460e0b1cd5587958c229414c 
Importing 'GUID: f6d223acabc2f974795a5a7864b50e6c - Path: Packages/com.unity.render-pipelines.core/Runtime/RenderPipelineResources/GPUDriven/InstanceOcclusionCullingKernels.compute' with importer (ComputeShaderImporter)
Imported 'GUID: f6d223acabc2f974795a5a7864b50e6c' -> (Import Result ID: 'e40b7103a049b45b7cbaabf72bf8a815') in 0.023 seconds [static and dynamic dependencies]. Details - ImportResultOutputID=b158522ad18cbedbad85d8179ba40ca2 DependenciesID=6ccea1d2f2285d9ccafdfb10ed682e19 StaticDependenciesID=87e3cfdb45fda6c810730ba9609d09f7 
Importing 'GUID: f6783ab646d374f94b199774402a5144 - Path: Packages/com.unity.render-pipelines.universal/Shaders/Terrain/TerrainDetailLit.shader' with importer (ShaderImporter)
Imported 'GUID: f6783ab646d374f94b199774402a5144' -> (Import Result ID: '8de45805b71dd2e3a18ef67baa788c6b') in 0.131 seconds [static and dynamic dependencies]. Details - ImportResultOutputID=a8b7afc8ce0d44c2f9cdd1ce9e5a4684 DependenciesID=4502d20b0ec6194db277829815a36c3e StaticDependenciesID=2ca1f60febf1248c9917ccabf4c6a502 
Importing 'GUID: 3765a7ac691541038de4d587b94ae768 - Path: Packages/com.unity.render-pipelines.core/Runtime/PathTracing/Environment/SolidColor.shader' with importer (ShaderImporter)
Imported 'GUID: 3765a7ac691541038de4d587b94ae768' -> (Import Result ID: '3f9f74adaf9ba6feeb74d30533e017b9') in 0.010 seconds [static and dynamic dependencies]. Details - ImportResultOutputID=97e85fe42a2afa1ccccd67187dcd81c8 DependenciesID=80d9639fd54ab13d6a062075963c1a58 StaticDependenciesID=0397a2b599139631e969f74ac5f39157 
Importing 'GUID: 47bbc3edf61978b498603cc2a1b87eea - Path: Packages/com.unity.render-pipelines.core/Runtime/Lighting/SurfaceCache/Scrolling.compute' with importer (ComputeShaderImporter)
Imported 'GUID: 47bbc3edf61978b498603cc2a1b87eea' -> (Import Result ID: '3bf6b94a5a375c6248645a9595c64f11') in 0.006 seconds [static and dynamic dependencies]. Details - ImportResultOutputID=1340a302eb72193bcc067e101aa1a4b2 DependenciesID=1fc937bb62c5327fa2f1a4a804e5aada StaticDependenciesID=43598fb7e5b1d653e896cc7baa318314 
Importing 'GUID: 573620ae32aec764abd4d728906d2587 - Path: Packages/com.unity.render-pipelines.universal/Shaders/Debug/HDRDebugView.shader' with importer (ShaderImporter)
Imported 'GUID: 573620ae32aec764abd4d728906d2587' -> (Import Result ID: '91418d8615bb5e9bd989092136ecfee1') in 0.054 seconds [static and dynamic dependencies]. Details - ImportResultOutputID=e540113c5ebd6202d82c494e75607497 DependenciesID=f3d192448619160a3d9f42699f9a8b9a StaticDependenciesID=a0bbfce8e8b9e3debfff349da7e6d962 
Importing 'GUID: 77f6c3e00d2daf84ba7b57e205d5dd64 - Path: Packages/com.unity.render-pipelines.core/Tests/Runtime/Threading/FunctionTestsGroup.compute' with importer (ComputeShaderImporter)
Imported 'GUID: 77f6c3e00d2daf84ba7b57e205d5dd64' -> (Import Result ID: '1c1c61c4a609d08400e7fe061a4ebeb9') in 0.024 seconds [static and dynamic dependencies]. Details - ImportResultOutputID=2683abc90c91cdabbd1e4237c47720fa DependenciesID=fdd7617c205e9dde6f1383a92a8ab78e StaticDependenciesID=471e777a4c5f746cb84b9db4f40f3a5d 
Importing 'GUID: 77774d9009bb81447b048c907d4c6273 - Path: Packages/com.unity.render-pipelines.universal/Shaders/2D/Shadow2D-Unshadow-Geometry.shader' with importer (ShaderImporter)
Imported 'GUID: 77774d9009bb81447b048c907d4c6273' -> (Import Result ID: '1100af92815c4997d4173096e29e87a8') in 0.040 seconds [static and dynamic dependencies]. Details - ImportResultOutputID=5e24b2449e54c34528651cf9ba469629 DependenciesID=3d9f0cec794678f7d58e8a69738054f8 StaticDependenciesID=bc99324e11d90751bac20e089ee7d6d0 
Importing 'GUID: 77cfa04f893eb8745b6a454a3d51b43c - Path: Packages/com.unity.render-pipelines.universal/Editor/Overrides/Shaders/TrackballEditor.shader' with importer (ShaderImporter)
Imported 'GUID: 77cfa04f893eb8745b6a454a3d51b43c' -> (Import Result ID: '5a84c4f532aa135d0442e55a9733fca4') in 0.014 seconds [static and dynamic dependencies]. Details - ImportResultOutputID=06af2558d0066ea8eb7114ad4cee75d5 DependenciesID=483ad2dbfcc1b4c2d200e69fbaf00d48 StaticDependenciesID=74d28b3563421586cd5cd1fc5a244a39 
Importing 'GUID: a796fe586e0ddba4cae031b0ab585286 - Path: Packages/com.unity.render-pipelines.core/Editor/PostProcessing/LensFlareResource/LensFlareDataDriven.shader' with importer (ShaderImporter)
Imported 'GUID: a796fe586e0ddba4cae031b0ab585286' -> (Import Result ID: 'c6c2785074dbc0810d774d4cf001090f') in 0.040 seconds [static and dynamic dependencies]. Details - ImportResultOutputID=c5c1131e0dfa2b0d1b005389244a2a09 DependenciesID=e67658ba8a7855fd3e741be06a8aa9f0 StaticDependenciesID=710439a767b825ef08155f9ba2a1af2d 
Importing 'GUID: b7839dad95683814aa64166edc107ae2 - Path: Packages/com.unity.render-pipelines.universal/Shaders/Particles/ParticlesLit.shader' with importer (ShaderImporter)
Imported 'GUID: b7839dad95683814aa64166edc107ae2' -> (Import Result ID: 'ea8d81bca06f1b087d9bdb2a4bbd7a7b') in 0.272 seconds [static and dynamic dependencies]. Details - ImportResultOutputID=b9da9a5715f06c64e600f1240aba9523 DependenciesID=ffa2475e8936b402216d3bc47346257d StaticDependenciesID=1934291915e26bd61e026479b92f278d 
Importing 'GUID: c7715b638c6f5c849a6ec12234ae264c - Path: Packages/com.unity.test-framework.performance/Editor/TestReportGraph/TestReportShader.shader' with importer (ShaderImporter)
Imported 'GUID: c7715b638c6f5c849a6ec12234ae264c' -> (Import Result ID: '1f6f2802ccc89a088437d3e4bd48535b') in 0.012 seconds [static and dynamic dependencies]. Details - ImportResultOutputID=6ee51d967960fcaab2ae110d5f0fabe8 DependenciesID=82d6a231dffee6583cd005b3de0b26cd StaticDependenciesID=38eccf12795cef00dbb066f5e5e56a28 
Importing 'GUID: e7857e9d0c934dc4f83f270f8447b006 - Path: Packages/com.unity.render-pipelines.universal/Shaders/PostProcessing/UberPost.shader' with importer (ShaderImporter)
Imported 'GUID: e7857e9d0c934dc4f83f270f8447b006' -> (Import Result ID: '3f4db9cd982f2b90af8e493717dda695') in 0.066 seconds [static and dynamic dependencies]. Details - ImportResultOutputID=310c5b6643cf3abbadef4ed6bfee249c DependenciesID=609754129ef641a7516cc5d40452911b StaticDependenciesID=f0d5f5305afc774fbec0f8ecf20ad73a 
Importing 'GUID: 08b2b5fb307b0d249860612774a987da - Path: Packages/com.unity.render-pipelines.core/Runtime/RenderPipelineResources/GPUDriven/OccluderDepthPyramidKernels.compute' with importer (ComputeShaderImporter)
Imported 'GUID: 08b2b5fb307b0d249860612774a987da' -> (Import Result ID: '7153a4a2a43cd2517601d7fba8a3f96f') in 0.019 seconds [static and dynamic dependencies]. Details - ImportResultOutputID=5730ebe2302bb2e1776a1c4c2dc582f8 DependenciesID=d0647da8918ba40ba67e4d47b15e0c9f StaticDependenciesID=0db5dd78ba75ed1aee57a6cce93da78e 
Importing 'GUID: 0849e84e3d62649e8882e9d6f056a017 - Path: Packages/com.unity.render-pipelines.universal/Shaders/Utils/ScreenSpaceAmbientOcclusion.shader' with importer (ShaderImporter)
Imported 'GUID: 0849e84e3d62649e8882e9d6f056a017' -> (Import Result ID: 'f473ea3c6512b8c2d8ff243e1d67a630') in 0.145 seconds [static and dynamic dependencies]. Details - ImportResultOutputID=b50c2cd0c5a15a42a325b08d04e28925 DependenciesID=c59eccec2a77d1788b36040cf03b386a StaticDependenciesID=a862ec09d21eaeebdb19e67162e47756 
Importing 'GUID: 28969cfddd9ef3f4e94b971690146a4f - Path: Packages/com.unity.render-pipelines.universal/Runtime/MipGen/Shaders/ColorPyramid.compute' with importer (ComputeShaderImporter)
Imported 'GUID: 28969cfddd9ef3f4e94b971690146a4f' -> (Import Result ID: '78f8407d8a87916e753835aa1b2477ff') in 0.013 seconds [static and dynamic dependencies]. Details - ImportResultOutputID=0e661753ac9aa9eccd6cc4ca9b0189b8 DependenciesID=a7aeb048aabcc510b578e585d4543205 StaticDependenciesID=769c1b0760ac3602f3a512c42482440f 
Importing 'GUID: 98e3d58cae7210c4786f67f504c9e899 - Path: Packages/com.unity.render-pipelines.core/Runtime/UnifiedRayTracing/Common/GeometryPool/GeometryPoolKernels.compute' with importer (ComputeShaderImporter)
Imported 'GUID: 98e3d58cae7210c4786f67f504c9e899' -> (Import Result ID: '4de05114488b48be5dc0a3d98d1f0a4e') in 0.006 seconds [static and dynamic dependencies]. Details - ImportResultOutputID=63abe8fce981431396846cb027a773ec DependenciesID=377501131d9ead9ab2f687f6e75b358f StaticDependenciesID=e6a7ade94380ea0e37420123f7030896 
Importing 'GUID: a89bee29cffa951418fc1e2da94d1959 - Path: Packages/com.unity.render-pipelines.universal/Shaders/Utils/BlitHDROverlay.shader' with importer (ShaderImporter)
Imported 'GUID: a89bee29cffa951418fc1e2da94d1959' -> (Import Result ID: '79d5d35231d997c651dc6552592378fe') in 0.045 seconds [static and dynamic dependencies]. Details - ImportResultOutputID=1b71e35ebb4be37a66a0e6312bb84021 DependenciesID=cd45ba3e17cac5797cb9571700cf5bae StaticDependenciesID=6785ada06cd07c58ce750965fea11504 
Importing 'GUID: c8b6a681c7b4e2e4785ffab093907f9e - Path: Packages/com.unity.render-pipelines.core/Editor/Lighting/ProbeVolume/VoxelizeScene.shader' with importer (ShaderImporter)
Imported 'GUID: c8b6a681c7b4e2e4785ffab093907f9e' -> (Import Result ID: '97c7dfd23245610834234ae7c5cc11b9') in 0.024 seconds [static and dynamic dependencies]. Details - ImportResultOutputID=ece263f27390bf641e6b25c4a5ed5151 DependenciesID=ef005e5cc7f137bcc62a9f9f0ed2ef07 StaticDependenciesID=a0cf6b90b2f279b619bf1fdbf0c33e3c 
Importing 'GUID: e8b802ac01d87144b91f12f40c1f2659 - Path: Packages/com.unity.render-pipelines.universal/Shaders/SpatialMappingWireframe.shader' with importer (ShaderImporter)
Imported 'GUID: e8b802ac01d87144b91f12f40c1f2659' -> (Import Result ID: '1baa22cf200addd0e8e972670d887d54') in 0.038 seconds [static and dynamic dependencies]. Details - ImportResultOutputID=798408693c00362fd4ce9bf36a7d261c DependenciesID=47371c0f0974e429b0c3899cded949aa StaticDependenciesID=78501858fa857467ad5b245cebdde5f6 
Importing 'GUID: e8ee25143a34b8c4388709ea947055d1 - Path: Packages/com.unity.render-pipelines.universal/Shaders/PostProcessing/ScalingSetup.shader' with importer (ShaderImporter)
Imported 'GUID: e8ee25143a34b8c4388709ea947055d1' -> (Import Result ID: '9f06a0db0c05e056c334acd31b66948a') in 0.043 seconds [static and dynamic dependencies]. Details - ImportResultOutputID=8e6629e034f05015edb753bf0a3c444b DependenciesID=d72d726e25946dd28071dda35cf9e73d StaticDependenciesID=69d004d2a784aca40627623393731a96 
Importing 'GUID: f89aac1e4f84468418fe30e611dff395 - Path: Packages/com.unity.render-pipelines.universal/Shaders/XR/XRMotionVector.shader' with importer (ShaderImporter)
Imported 'GUID: f89aac1e4f84468418fe30e611dff395' -> (Import Result ID: '8e1bf367eac55a3133cb0ba49d046180') in 0.038 seconds [static and dynamic dependencies]. Details - ImportResultOutputID=bc665e674f79a512be03937dfdca61f9 DependenciesID=e88aa085b594f555e81b976ef54598e4 StaticDependenciesID=41549047dfa083d3fc0fffeaee0f7152 
Importing 'GUID: 0951de5992461754fa73650732c4954c - Path: Packages/com.unity.render-pipelines.core/Runtime/Lighting/ProbeVolume/ProbeVolumeUploadData.compute' with importer (ComputeShaderImporter)
Imported 'GUID: 0951de5992461754fa73650732c4954c' -> (Import Result ID: '12aea7716635a59cfcc75a72713322c8') in 0.015 seconds [static and dynamic dependencies]. Details - ImportResultOutputID=a7381049e170cf84f4bcc92f025264c9 DependenciesID=3913e7c78b3e1acd57e33e0858b9d183 StaticDependenciesID=f2431cd7fbae2ce8c1007bfd93b6bcca 
Importing 'GUID: 19349a0f9a7ed4c48a27445bcf92e5e1 - Path: Packages/com.unity.render-pipelines.universal/Shaders/2D/Shadow2D-Shadow-Geometry.shader' with importer (ShaderImporter)
Imported 'GUID: 19349a0f9a7ed4c48a27445bcf92e5e1' -> (Import Result ID: 'e06518992015e2ca9c4a23b0cbde0e9b') in 0.025 seconds [static and dynamic dependencies]. Details - ImportResultOutputID=fab51c3b82595022aa761600add18cee DependenciesID=97efc05a03544f85bec408850e40ea9b StaticDependenciesID=189345beee667d9d0ed6651aaa7e707c 
Importing 'GUID: 19dfbb09098c9584a83c956fbd6c5d79 - Path: Packages/com.unity.render-pipelines.core/Editor/PostProcessing/LensFlareResource/LensFlareDataDrivenPreview.shader' with importer (ShaderImporter)
Imported 'GUID: 19dfbb09098c9584a83c956fbd6c5d79' -> (Import Result ID: '2f57a77af5959584bf77e1f4894d3490') in 0.020 seconds [static and dynamic dependencies]. Details - ImportResultOutputID=1401df7b0e1be5c14584a0c198368e59 DependenciesID=8a1374b7eb10a6e7cebae59a19170078 StaticDependenciesID=a44890daaf5a6daa601e0ec2385f222e 
Importing 'GUID: 29868e73b638e48ca99a19ea58c48d90 - Path: Packages/com.unity.render-pipelines.universal/Shaders/Terrain/WavingGrassBillboard.shader' with importer (ShaderImporter)
Imported 'GUID: 29868e73b638e48ca99a19ea58c48d90' -> (Import Result ID: '771c0fa1e450d2de38f10ad71cfe6c92') in 0.102 seconds [static and dynamic dependencies]. Details - ImportResultOutputID=fafc1a2671f7f55c32932f0f66d2a03b DependenciesID=6ce7cda3f6e2b1eead0d2dea247bfe84 StaticDependenciesID=78342fd9983d74ebd746de1ff8b3df24 
Importing 'GUID: 3990aa41cea4e4fa79ec155970b62e32 - Path: Packages/com.unity.render-pipelines.core/Tests/Runtime/PathTracing/UniformAlbedoMetaPass.shader' with importer (ShaderImporter)
Imported 'GUID: 3990aa41cea4e4fa79ec155970b62e32' -> (Import Result ID: '2ba2ef3a87012f7d5373463f69191bcc') in 0.014 seconds [static and dynamic dependencies]. Details - ImportResultOutputID=a706a9c5c8cb937b2a42d6f5aad822d5 DependenciesID=e6a713504bd14abe2eda123680244557 StaticDependenciesID=f7ec13e461960ea841e4588ec423969f 
Importing 'GUID: 3923900e2b41b5e47bc25bfdcbcdc9e6 - Path: Packages/com.unity.render-pipelines.core/Runtime/STP/StpTaa.compute' with importer (ComputeShaderImporter)
Imported 'GUID: 3923900e2b41b5e47bc25bfdcbcdc9e6' -> (Import Result ID: '738556c88692db3460191117033efcad') in 0.016 seconds [static and dynamic dependencies]. Details - ImportResultOutputID=00a260aa6abafd4d3f27ead62b284ff5 DependenciesID=8ce8eaab84c534dd718fba9e76fa542d StaticDependenciesID=d988056249b1d12aa39921adf879762b 
Importing 'GUID: 397e4e1ab7fcb41b9842c2e464a0d58a - Path: Packages/com.unity.render-pipelines.core/Tests/Runtime/PathTracing/UniformCubemap.shader' with importer (ShaderImporter)
Imported 'GUID: 397e4e1ab7fcb41b9842c2e464a0d58a' -> (Import Result ID: '54796809ccc1c4e3a4ae40975c0c5991') in 0.011 seconds [static and dynamic dependencies]. Details - ImportResultOutputID=0f805d90eabf12d324ee4ec73b522e9e DependenciesID=032c5f49c7c4d6afdd8254386100ee27 StaticDependenciesID=1262296683367a2eb6198e43d1ab8f40 
Importing 'GUID: 592b8faa1d5c42841bcb3308316baf9e - Path: Packages/com.unity.render-pipelines.core/Runtime/PathTracing/Shaders/ProbePostProcessing.compute' with importer (ComputeShaderImporter)
Imported 'GUID: 592b8faa1d5c42841bcb3308316baf9e' -> (Import Result ID: '6915e056649bd5b57d8920d809b4b782') in 0.018 seconds [static and dynamic dependencies]. Details - ImportResultOutputID=da230d074661c8d2315c10450e2572cb DependenciesID=5feda465c5366618346073ca433287e0 StaticDependenciesID=8595cf0079f4533b49d8dacd8752af6b 
Importing 'GUID: 69c1f799e772cb6438f56c23efccb782 - Path: Packages/com.unity.render-pipelines.universal/Shaders/Terrain/TerrainLit.shader' with importer (ShaderImporter)
Shader 'Universal Render Pipeline/Terrain/Lit': dependency 'AddPassShader' shader 'Hidden/Universal Render Pipeline/Terrain/Lit (Add Pass)' not found
Shader 'Universal Render Pipeline/Terrain/Lit': dependency 'BaseMapShader' shader 'Hidden/Universal Render Pipeline/Terrain/Lit (Base Pass)' not found
Shader 'Universal Render Pipeline/Terrain/Lit': dependency 'BaseMapGenShader' shader 'Hidden/Universal Render Pipeline/Terrain/Lit (Basemap Gen)' not found
WARNING: Shader Unsupported: 'Universal Render Pipeline/Terrain/Lit' - All subshaders removed
WARNING: Shader Did you use #pragma only_renderers and omit this platform?
WARNING: Shader If subshaders removal was intentional, you may have forgotten turning Fallback off?
Shader 'Universal Render Pipeline/Terrain/Lit': dependency 'AddPassShader' shader 'Hidden/Universal Render Pipeline/Terrain/Lit (Add Pass)' not found
Shader 'Universal Render Pipeline/Terrain/Lit': dependency 'BaseMapShader' shader 'Hidden/Universal Render Pipeline/Terrain/Lit (Base Pass)' not found
Shader 'Universal Render Pipeline/Terrain/Lit': dependency 'BaseMapGenShader' shader 'Hidden/Universal Render Pipeline/Terrain/Lit (Basemap Gen)' not found
WARNING: Shader Unsupported: 'Universal Render Pipeline/Terrain/Lit' - All subshaders removed
WARNING: Shader Did you use #pragma only_renderers and omit this platform?
WARNING: Shader If subshaders removal was intentional, you may have forgotten turning Fallback off?
Imported 'GUID: 69c1f799e772cb6438f56c23efccb782' -> (Import Result ID: 'c169a57a7850ddc304c13066ff173483') in 0.179 seconds [static and dynamic dependencies]. Details - ImportResultOutputID=bf1b10450ec10ae80de059945f945edc DependenciesID=b8856b9f3ad484429c92c226b3f99fd5 StaticDependenciesID=ad95b52c65b7bd5437991816070568eb 
Shader 'Universal Render Pipeline/Terrain/Lit': dependency 'AddPassShader' shader 'Hidden/Universal Render Pipeline/Terrain/Lit (Add Pass)' not found
Shader 'Universal Render Pipeline/Terrain/Lit': dependency 'BaseMapShader' shader 'Hidden/Universal Render Pipeline/Terrain/Lit (Base Pass)' not found
Shader 'Universal Render Pipeline/Terrain/Lit': dependency 'BaseMapGenShader' shader 'Hidden/Universal Render Pipeline/Terrain/Lit (Basemap Gen)' not found
WARNING: Shader Unsupported: 'Universal Render Pipeline/Terrain/Lit' - All subshaders removed
WARNING: Shader Did you use #pragma only_renderers and omit this platform?
WARNING: Shader If subshaders removal was intentional, you may have forgotten turning Fallback off?
Importing 'GUID: 891acea040e321148ab512076f084f6c - Path: Packages/com.unity.render-pipelines.core/Runtime/PathTracing/Shaders/LightmapOccupancy.compute' with importer (ComputeShaderImporter)
Imported 'GUID: 891acea040e321148ab512076f084f6c' -> (Import Result ID: 'bfe2062b5ef04cd636f42c20b7efef14') in 0.005 seconds [static and dynamic dependencies]. Details - ImportResultOutputID=f09411963929ae9ea75c5ce85a381350 DependenciesID=a235eeda7e2494b66d67007e0777b1f2 StaticDependenciesID=ea4e63b4aa7895209e3e3cea9dcec5b6 
Importing 'GUID: 99134b1f0c27d54469a840832a28fadf - Path: Packages/com.unity.render-pipelines.universal/Shaders/Nature/SpeedTree8.shader' with importer (ShaderImporter)
Imported 'GUID: 99134b1f0c27d54469a840832a28fadf' -> (Import Result ID: '519624ec28cbbaf08b233f6f265bf74b') in 0.196 seconds [static and dynamic dependencies]. Details - ImportResultOutputID=46e1ece78dd6cbd9394cf078ddcc588e DependenciesID=6bfda207141433b1bc997c52d2aeea70 StaticDependenciesID=d8013b7c4f969f1eaa0f9c82f899cdb6 
Importing 'GUID: c9f2aeed6ef396f4d9134e4da1edfe19 - Path: Packages/com.unity.render-pipelines.core/Runtime/Lighting/SurfaceCache/Eviction.compute' with importer (ComputeShaderImporter)
Imported 'GUID: c9f2aeed6ef396f4d9134e4da1edfe19' -> (Import Result ID: '0d6da2cf0eb21b192a7f20e3807b3093') in 0.008 seconds [static and dynamic dependencies]. Details - ImportResultOutputID=621a3eae84467ccbdc6bddbafefe3437 DependenciesID=aa7f4cff250bf0eab9847183c36ebe07 StaticDependenciesID=bb8a360ae3d0261325117b6bc20f50ef 
Importing 'GUID: d9225443dcd40974c9a13cb6e166ca5f - Path: Packages/com.unity.render-pipelines.core/Runtime/PathTracing/Shaders/ResolveAccumulation.compute' with importer (ComputeShaderImporter)
Imported 'GUID: d9225443dcd40974c9a13cb6e166ca5f' -> (Import Result ID: '3613cf1775f503be51f66eca4ecb29b5') in 0.005 seconds [static and dynamic dependencies]. Details - ImportResultOutputID=9d7bcc930985f622f1215076b5d2631c DependenciesID=944d8c24e8bac94fde2ad715a6b679e3 StaticDependenciesID=e5cbafb3b0bfb891af6f988f9558b51d 
Importing 'GUID: e9155b26e1bc55942a41e518703fe304 - Path: Packages/com.unity.render-pipelines.universal/Shaders/Utils/StencilDeferred.shader' with importer (ShaderImporter)
Imported 'GUID: e9155b26e1bc55942a41e518703fe304' -> (Import Result ID: '57a321bd9a9ad5ae1ce5d6173b48a87e') in 0.185 seconds [static and dynamic dependencies]. Details - ImportResultOutputID=bea30dd778bd706b5b73d14900cdb6dc DependenciesID=87de4b87a5ae5809d557bb2505d19791 StaticDependenciesID=74a15d4d3a66a4d568df7c382cb538dd 
Importing 'GUID: f984aeb540ded8b4fbb8a2047ab5b2e2 - Path: Packages/com.unity.render-pipelines.core/Runtime/RenderPipelineResources/GPUDriven/InstanceDataBufferCopyKernels.compute' with importer (ComputeShaderImporter)
Imported 'GUID: f984aeb540ded8b4fbb8a2047ab5b2e2' -> (Import Result ID: '1525366aa6dd5a4ecf2965888e9affaf') in 0.020 seconds [static and dynamic dependencies]. Details - ImportResultOutputID=fc23f4ab8f599f393b79b964bf15e118 DependenciesID=c6d4604d823afa75240440407ba3c054 StaticDependenciesID=44a196295ae6efb1c88847b3de451abe 
Importing 'GUID: 0a7e590f3cf1d4ee8a8fab5b6eff09ef - Path: Packages/com.unity.render-pipelines.universal/Shaders/Terrain/TerrainLitAdd.shader' with importer (ShaderImporter)
Imported 'GUID: 0a7e590f3cf1d4ee8a8fab5b6eff09ef' -> (Import Result ID: 'e5f2e0a11d5e0ba6aa2f4a26f8956663') in 0.112 seconds [static and dynamic dependencies]. Details - ImportResultOutputID=7b2cffac1f36940301013fe5b6b567d3 DependenciesID=693ca59bf055d99dc2fd08a9ea34ae61 StaticDependenciesID=2a8148ac93deaff588cfe6010f9dcaf5 
Importing 'GUID: 1a030e4984617e340bf47a116a1d0f9c - Path: Packages/com.unity.render-pipelines.core/Runtime/PathTracing/Shaders/Lightmapping/BilinearOverlaps.compute' with importer (ComputeShaderImporter)
Imported 'GUID: 1a030e4984617e340bf47a116a1d0f9c' -> (Import Result ID: 'e32f51b543d31a37d16cc111160a6214') in 0.006 seconds [static and dynamic dependencies]. Details - ImportResultOutputID=70085cc28aa07811aedcf888ead9a803 DependenciesID=d15092cccf28c3c61803d72b19410b0b StaticDependenciesID=25d38d75050a0fb76b0dac802a06f4d7 
Importing 'GUID: 1ad53a96b58d3c3488dde4f14db1aaeb - Path: Packages/com.unity.render-pipelines.core/Runtime/UnifiedRayTracing/Compute/RadeonRays/kernels/CopyPositions.compute' with importer (ComputeShaderImporter)
Imported 'GUID: 1ad53a96b58d3c3488dde4f14db1aaeb' -> (Import Result ID: 'c58c7abc76e442ad6e2da2d2045085db') in 0.005 seconds [static and dynamic dependencies]. Details - ImportResultOutputID=8f9ff918bb8b965beada325f910ecdd8 DependenciesID=4dbddc613983529631b51482fc0b0a52 StaticDependenciesID=d1877fc8bd41a0fd29d9535a51d70ba7 
Importing 'GUID: 2a567b9b2733f8d47a700c3c85bed75b - Path: Packages/com.unity.render-pipelines.core/Runtime/RenderPipelineResources/GPUDriven/InstanceTransformUpdateKernels.compute' with importer (ComputeShaderImporter)
Imported 'GUID: 2a567b9b2733f8d47a700c3c85bed75b' -> (Import Result ID: '853ea52843dbc7e53071a1b71f7a64c2') in 0.018 seconds [static and dynamic dependencies]. Details - ImportResultOutputID=02e1252e1bee6806a80dd9fcd107b023 DependenciesID=4d6c85083ca0bf26a0b9fffd39bc314a StaticDependenciesID=424d11d02968d8db67447f1c0db7bfd1 
Importing 'GUID: 2aed67ad60045d54ba3a00c91e2d2631 - Path: Packages/com.unity.render-pipelines.universal/Shaders/PostProcessing/BokehDepthOfField.shader' with importer (ShaderImporter)
Imported 'GUID: 2aed67ad60045d54ba3a00c91e2d2631' -> (Import Result ID: '87187333f5aa84b88602a1fd501f744c') in 0.156 seconds [static and dynamic dependencies]. Details - ImportResultOutputID=3958010c33c98dd861e94888ddb36711 DependenciesID=4a743d2acdebce770a121c08bfce0a8b StaticDependenciesID=3995aa36b639613aaa1b25a594672edc 
Importing 'GUID: 3a80877c579b9144ebdcc6d923bca303 - Path: Packages/com.unity.render-pipelines.core/Runtime/Debug/ProbeVolumeFragmentationDebug.shader' with importer (ShaderImporter)
Imported 'GUID: 3a80877c579b9144ebdcc6d923bca303' -> (Import Result ID: '41f9c67973250f458e367faaffa1c113') in 0.039 seconds [static and dynamic dependencies]. Details - ImportResultOutputID=40112731da6d871e9f77fecba066470d DependenciesID=c60ae8789cbf5978fcb5326e3ecc739c StaticDependenciesID=1e57bff413813f7cf26f2533152702e9 
Importing 'GUID: 5a992812cb320d146a66cc600200cce7 - Path: Packages/com.unity.render-pipelines.core/Runtime/PathTracing/Shaders/BlitCubemap.compute' with importer (ComputeShaderImporter)
Imported 'GUID: 5a992812cb320d146a66cc600200cce7' -> (Import Result ID: '48f2e1f60ad585c3c06ed7859f8f89ca') in 0.005 seconds [static and dynamic dependencies]. Details - ImportResultOutputID=8d96d9387e2fe664185492575ae78f96 DependenciesID=92b82e90c93e38402e90675159f7460f StaticDependenciesID=e552c4323a36fb54f88177b6d31229e2 
Importing 'GUID: 9ac9bae9f40d7dc4a80dbf809b9544aa - Path: Packages/com.unity.render-pipelines.universal/Shaders/2D/RenderingLayerMask.shader' with importer (ShaderImporter)
Imported 'GUID: 9ac9bae9f40d7dc4a80dbf809b9544aa' -> (Import Result ID: 'ae92879b9c1a1c5b52cedf5c5fa454fd') in 0.044 seconds [static and dynamic dependencies]. Details - ImportResultOutputID=28930f163eeb228bf4b42aaa5e618844 DependenciesID=55f411d860c424cf1678c6588fd67ac5 StaticDependenciesID=bd49758ca6431dbfa1518281be75ea56 
Importing 'GUID: cacb30de6c40c7444bbc78cb0a81fd2a - Path: Packages/com.unity.render-pipelines.core/Runtime/Vrs/Shaders/VrsTexture.compute' with importer (ComputeShaderImporter)
Imported 'GUID: cacb30de6c40c7444bbc78cb0a81fd2a' -> (Import Result ID: '72e640d9b241a0741f470d60cf4bc0ec') in 0.026 seconds [static and dynamic dependencies]. Details - ImportResultOutputID=1797a7ce796c2dd46d632a20926eb710 DependenciesID=0b7fb7246e51546d465afc7c36b47055 StaticDependenciesID=9e256d35f599a1a76eb4e6949dd741be 
Importing 'GUID: da07703fcc09f8d4799221050659bd55 - Path: Packages/com.unity.shadergraph/Editor/Resources/Shaders/FallbackError.shader' with importer (ShaderImporter)
Imported 'GUID: da07703fcc09f8d4799221050659bd55' -> (Import Result ID: '11d5685c86d798bd7546c4c8495cdddd') in 0.012 seconds [static and dynamic dependencies]. Details - ImportResultOutputID=0ec8de9273a3be6cdd96b183f434914f DependenciesID=ceff94d88553f456b2bb6e17ef2c717e StaticDependenciesID=654ae9914caf9de10dd2236c30a015fa 
Importing 'GUID: 1b95b5dcf48d1914c9e1e7405c7660e3 - Path: Packages/com.unity.render-pipelines.core/Runtime/UnifiedRayTracing/Common/Utilities/CopyBuffer.compute' with importer (ComputeShaderImporter)
Imported 'GUID: 1b95b5dcf48d1914c9e1e7405c7660e3' -> (Import Result ID: '9d1eea03383ddbabd560439f3b49a9fb') in 0.005 seconds [static and dynamic dependencies]. Details - ImportResultOutputID=ac3120769cbbd0e43751d8a095108b58 DependenciesID=38c8da2ea7c6b5e295d007150590a542 StaticDependenciesID=02d4ca2bd67f6297f7181d59631cb4b5 
Importing 'GUID: 2b06b6233ca86cd4886e99d0e9d1124e - Path: Packages/com.unity.render-pipelines.core/Tests/Editor/SimpleSpeedTreeDots.shader' with importer (ShaderImporter)
Imported 'GUID: 2b06b6233ca86cd4886e99d0e9d1124e' -> (Import Result ID: 'f17f355a76cdd1c0ab77a7c9224ddcd5') in 0.019 seconds [static and dynamic dependencies]. Details - ImportResultOutputID=c031a3712ba1b9e8970aac0de576c2db DependenciesID=8257e1e52d684e13e32a0047dba1766b StaticDependenciesID=03a6624f9a88a897798f112adee3554c 
Importing 'GUID: 2ba9c897a5bfc8c4e8faefab864e2a59 - Path: Packages/com.unity.render-pipelines.core/Runtime/PathTracing/Shaders/ComputeHelpers.compute' with importer (ComputeShaderImporter)
Imported 'GUID: 2ba9c897a5bfc8c4e8faefab864e2a59' -> (Import Result ID: '9fe0982193163a47362cd21a8e307cbd') in 0.006 seconds [static and dynamic dependencies]. Details - ImportResultOutputID=322cabe40d56e1cfeff240b7841fb417 DependenciesID=a2e58d7cc658add50c3b636e2cf5c64e StaticDependenciesID=a119fcf41fde1e0bb5cbd8ec89938a88 
Importing 'GUID: 3b21275fd12d65f49babb5286f040f2d - Path: Packages/com.unity.render-pipelines.core/Runtime/Debug/ProbeVolumeDebug.shader' with importer (ShaderImporter)
Imported 'GUID: 3b21275fd12d65f49babb5286f040f2d' -> (Import Result ID: '8b5aa404c8fef4f5901315b6b3fb341b') in 0.032 seconds [static and dynamic dependencies]. Details - ImportResultOutputID=579fb0dd00e4c504b2d284a4c0b9ab5f DependenciesID=be8a92d734fb1cce5d42aa2c674c465c StaticDependenciesID=6e85672334cd9852d624c72aaeee5012 
Importing 'GUID: 5bb2534d2411d344cbc54f880232640f - Path: Packages/com.unity.render-pipelines.core/Runtime/PathTracing/Environment/EnvironmentImportanceSamplingBuild.compute' with importer (ComputeShaderImporter)
Imported 'GUID: 5bb2534d2411d344cbc54f880232640f' -> (Import Result ID: 'fe256a86e4c5a2f43525840eee812949') in 0.027 seconds [static and dynamic dependencies]. Details - ImportResultOutputID=0b86caeff84ee6659b4c8c646d640743 DependenciesID=bf39696b92a3811168a1bc0a586672c7 StaticDependenciesID=97750b9bfa662959a765e3e96a354298 
Importing 'GUID: 6bb382f7de370af41b775f54182e491d - Path: Packages/com.unity.render-pipelines.core/Editor/Lighting/ProbeVolume/ProbeVolumeCellDilation.compute' with importer (ComputeShaderImporter)
Imported 'GUID: 6bb382f7de370af41b775f54182e491d' -> (Import Result ID: '830180a481354c1cffaa4bd5b11c08d4') in 0.025 seconds [static and dynamic dependencies]. Details - ImportResultOutputID=2e577185a816d83df65958fe921258f8 DependenciesID=ec9d462c8ba6d2fb8b50e79bf8d41566 StaticDependenciesID=bcd132e5c384935b3c01e4cafe99a70f 
Importing 'GUID: 7b3e6785f5f6b634794df3a85a2a35da - Path: Packages/com.unity.render-pipelines.universal/Shaders/Utils/ComputeScreenSpaceReflection.shader' with importer (ShaderImporter)
Imported 'GUID: 7b3e6785f5f6b634794df3a85a2a35da' -> (Import Result ID: '52611e9d12aa8190d11b734d1b12fd24') in 0.105 seconds [static and dynamic dependencies]. Details - ImportResultOutputID=a1beee2a2566a530196f14ccbcb17dde DependenciesID=2b0709574d0bcde4b72c9fee85b4e99f StaticDependenciesID=61df8e4ceeb2bb393ef67ff60342bc1a 
Importing 'GUID: 7b3ede40266cd49a395def176e1bc486 - Path: Packages/com.unity.render-pipelines.universal/Shaders/ObjectMotionVectorFallback.shader' with importer (ShaderImporter)
Imported 'GUID: 7b3ede40266cd49a395def176e1bc486' -> (Import Result ID: '8ca91d6048939e93ba643ce87befa563') in 0.052 seconds [static and dynamic dependencies]. Details - ImportResultOutputID=16f9819a490e381163475532ba8adbad DependenciesID=d597958f8f63e3a5e356f4c3b390f003 StaticDependenciesID=9f2f1a98c854e8fcb826c1ef4d13cd01 
Importing 'GUID: 8ba6ac699baf35242857feaf27c9cc2a - Path: Packages/com.unity.render-pipelines.core/Tests/Editor/BufferCopyTest.compute' with importer (ComputeShaderImporter)
Imported 'GUID: 8ba6ac699baf35242857feaf27c9cc2a' -> (Import Result ID: 'b295a0fdf002686d8dc18995021bd3d4') in 0.005 seconds [static and dynamic dependencies]. Details - ImportResultOutputID=468c76385307b00550f9bae5acf4f999 DependenciesID=242dac26e9e2fb06c2005f13b381011a StaticDependenciesID=cacf5d1f60bffcb4244460df972328c8 
Importing 'GUID: 8b69d394493d90648bb31414187ae4db - Path: Packages/com.unity.render-pipelines.core/Runtime/PathTracing/Shaders/ProbeOcclusionLightIndexMapping.compute' with importer (ComputeShaderImporter)
Imported 'GUID: 8b69d394493d90648bb31414187ae4db' -> (Import Result ID: '79295622fb46b927b0c233e32e58eef0') in 0.005 seconds [static and dynamic dependencies]. Details - ImportResultOutputID=9b3dc260c1c398763e0744ec8f57e3a4 DependenciesID=1a56bf24ba4ba798e3adb8ad2a2ea5c9 StaticDependenciesID=4dc208e597c8c6b8580772538343adfd 
Importing 'GUID: 8b3d1e6f4c5a4d219a72f8e1c0b3d4a7 - Path: Packages/com.unity.render-pipelines.universal/Shaders/Utils/UIBackdropFilterComposite.shader' with importer (ShaderImporter)
Imported 'GUID: 8b3d1e6f4c5a4d219a72f8e1c0b3d4a7' -> (Import Result ID: '6d43604a4a6f6c12e54e30ce780f2a35') in 0.046 seconds [static and dynamic dependencies]. Details - ImportResultOutputID=c6e7a0afcc9464ceccf43bb1e92b98e4 DependenciesID=d5b3aad93ffe71a5094a62d8d2bd6e03 StaticDependenciesID=65aba461e4824710f743ac2021f84648 
Importing 'GUID: bb86f1f0af829fd45b2ebddda1245c22 - Path: Packages/com.unity.render-pipelines.core/Editor/Lighting/ProbeVolume/ProbeVolumeSubdivide.compute' with importer (ComputeShaderImporter)
Imported 'GUID: bb86f1f0af829fd45b2ebddda1245c22' -> (Import Result ID: '1d5d32fa29a5edaade1508db4491edcf') in 0.027 seconds [static and dynamic dependencies]. Details - ImportResultOutputID=911ccbfd29c7e01cb69859c9675e031e DependenciesID=22b9889ca435ca030695fcf81d1070df StaticDependenciesID=25975289a7ad18504de59c9057086755 
Importing 'GUID: db8bd7436dc2c5f4c92655307d198381 - Path: Packages/com.unity.render-pipelines.core/Runtime/Debug/ProbeVolumeOffsetDebug.shader' with importer (ShaderImporter)
Imported 'GUID: db8bd7436dc2c5f4c92655307d198381' -> (Import Result ID: '0248808b6ed21018ec9a88723b7fbadb') in 0.028 seconds [static and dynamic dependencies]. Details - ImportResultOutputID=a7ce5f173e9f7fea7201065d3459afe3 DependenciesID=a7d3107f1b8f63ce652a778cd72d38d3 StaticDependenciesID=5ea813a53faa5de5efc7c9b394814b8e 
Importing 'GUID: 0ca6dca7396eb48e5849247ffd444914 - Path: Packages/com.unity.render-pipelines.universal/Shaders/BakedLit.shader' with importer (ShaderImporter)
Imported 'GUID: 0ca6dca7396eb48e5849247ffd444914' -> (Import Result ID: '642a3cedb7565e9005e1ee225a35b514') in 0.253 seconds [static and dynamic dependencies]. Details - ImportResultOutputID=5b9ea1b71d1d761fbdd98f57a86361a9 DependenciesID=c012949d0c69da9bb4c8a2b938847f03 StaticDependenciesID=535f8891d4c89024a88cc5f6b47c830d 
Importing 'GUID: 5caf62d8bd7c44596ace77ef9eb8ea31 - Path: Packages/com.unity.shadergraph/Editor/Resources/Shaders/Checkerboard.shader' with importer (ShaderImporter)
Imported 'GUID: 5caf62d8bd7c44596ace77ef9eb8ea31' -> (Import Result ID: '3ae1f9bc18e4c445d5fd5fd3adce90f4') in 0.012 seconds [static and dynamic dependencies]. Details - ImportResultOutputID=391c6686cc9b084dde149c555befaeac DependenciesID=59c1de02f063e3ddbb8021c5befcfb76 StaticDependenciesID=883896a8906a5d70853acd2c67198812 
Importing 'GUID: 6cda457ac28612740adb23da5d39ea92 - Path: Packages/com.unity.render-pipelines.universal/Shaders/PostProcessing/LensFlareDataDriven.shader' with importer (ShaderImporter)
Imported 'GUID: 6cda457ac28612740adb23da5d39ea92' -> (Import Result ID: '4d98054a80db16e62f6bd7e2f6c4770d') in 0.094 seconds [static and dynamic dependencies]. Details - ImportResultOutputID=933b5be78446f464875bed847a4159bb DependenciesID=4abca9f4c04264f1e8f957cf4c630358 StaticDependenciesID=e548e9ea60e3c1304cd133784e9e3223 
Importing 'GUID: 7c302ee1d7410a6458981a5f329520b4 - Path: Packages/com.unity.render-pipelines.universal/Runtime/RendererFeatures/SurfaceCacheGIRendererFeature/ScreenResolveUpsampling.compute' with importer (ComputeShaderImporter)
Imported 'GUID: 7c302ee1d7410a6458981a5f329520b4' -> (Import Result ID: '136ce6d7763bd9bfe025e48956da542b') in 0.040 seconds [static and dynamic dependencies]. Details - ImportResultOutputID=f432d05ddfe5ee159a7197208795a3f6 DependenciesID=1f9a2b412363858ecf4a3c562cc4fb08 StaticDependenciesID=caaf2f6696ba99bd86815d24c939e2a5 
Importing 'GUID: 7cce01e3b2c07a34b8a6cfa8dcd99d0b - Path: Packages/com.unity.render-pipelines.core/Tests/Runtime/Threading/FunctionTestsWave.compute' with importer (ComputeShaderImporter)
Imported 'GUID: 7cce01e3b2c07a34b8a6cfa8dcd99d0b' -> (Import Result ID: 'ae946fe424692500470ef4433e1e4d25') in 0.031 seconds [static and dynamic dependencies]. Details - ImportResultOutputID=96e656f618a1914b9e634ddd7f52e937 DependenciesID=6690a73edcd91f0e6804c31a228bbdaf StaticDependenciesID=64c8d63bacb11238af3c8d38f94335b5 
Importing 'GUID: 8c3bb6de0c0e7c047b65c077249507e5 - Path: Packages/com.unity.render-pipelines.universal/Shaders/2D/Mesh2D-Unlit-Default.shader' with importer (ShaderImporter)
Imported 'GUID: 8c3bb6de0c0e7c047b65c077249507e5' -> (Import Result ID: 'f895520a93d9cbf5789a4ff7e13a635f') in 0.044 seconds [static and dynamic dependencies]. Details - ImportResultOutputID=558270c6342632030fed15da5f28d515 DependenciesID=8a6a7b3c63ae1bd9d78471427a7dda90 StaticDependenciesID=bc8e472e0597e934be3ce23d976017a3 
Importing 'GUID: 8c3ee818f2efa514c889881ccb2e95a2 - Path: Packages/com.unity.render-pipelines.universal/Shaders/Utils/StencilDitherMaskSeed.shader' with importer (ShaderImporter)
Imported 'GUID: 8c3ee818f2efa514c889881ccb2e95a2' -> (Import Result ID: '624ffa44f0bea7fbcff9235d6c7d626a') in 0.041 seconds [static and dynamic dependencies]. Details - ImportResultOutputID=2ea1148df3627e4ee373b8cba8a82f91 DependenciesID=1feea5fa4945f8116c971d31528cfcec StaticDependenciesID=daf4b620001283178ee07192e8c4a8c9 
Importing 'GUID: 9c70c1a35ff15f340b38ea84842358bf - Path: Packages/com.unity.render-pipelines.universal/Shaders/PostProcessing/TemporalAA.shader' with importer (ShaderImporter)
Imported 'GUID: 9c70c1a35ff15f340b38ea84842358bf' -> (Import Result ID: 'c12a8dda77030332c401276951b05533') in 0.087 seconds [static and dynamic dependencies]. Details - ImportResultOutputID=b446968aa2193a6aa1d7434b82069c40 DependenciesID=9fd0c04391aa3f3e000cabb533b80641 StaticDependenciesID=6b2f7802adfc424a167dd0a23e0a8bba 
Importing 'GUID: 9c442dc870b456e48b615cd8add0e9ef - Path: Packages/com.unity.ugui/Editor Resources/Shaders/TMP_SDF Internal Editor.shader' with importer (ShaderImporter)
Imported 'GUID: 9c442dc870b456e48b615cd8add0e9ef' -> (Import Result ID: '61447257136a134c048ab16609e52b24') in 0.016 seconds [static and dynamic dependencies]. Details - ImportResultOutputID=217ae37ec1a2551cd23c1f2dfd06aa4a DependenciesID=8a2ebac69a7498270998200ddea5c9d3 StaticDependenciesID=44e1e3cc417c08023b5102c2d5784f16 
Importing 'GUID: ace59f7f124432f4f923bd3bfa93e0ad - Path: Packages/com.unity.render-pipelines.universal/Tests/Editor/PostProcessDataTests/2.shader' with importer (ShaderImporter)
Imported 'GUID: ace59f7f124432f4f923bd3bfa93e0ad' -> (Import Result ID: '4677f5a6e776292978ff13f144b956d1') in 0.900 seconds [static and dynamic dependencies]. Details - ImportResultOutputID=95ae2804fbcc532fd853cd456448a678 DependenciesID=eb1f649e2ee3ff56a7d577d1b831d4ee StaticDependenciesID=45b5b79185e619dc85aac29992d33a22 
Importing 'GUID: ccc7ffe6cf9c542919823f6486edde9d - Path: Packages/com.unity.render-pipelines.core/Runtime/PathTracing/Shaders/Lightmapping/ChartRasterizerHardware.shader' with importer (ShaderImporter)
Imported 'GUID: ccc7ffe6cf9c542919823f6486edde9d' -> (Import Result ID: '22b19a8e7897f7be3c0ba8adb6c21929') in 0.012 seconds [static and dynamic dependencies]. Details - ImportResultOutputID=f71b3332c4bfef92d2b25e6e3cee5616 DependenciesID=6cbd6128914fb6aa0bc9047f31bbaa9b StaticDependenciesID=f12af1ac87fbfb17cbe38352d57713f7 
Importing 'GUID: ec9fec698a3456d4fb18cf8bacb7a2bc - Path: Packages/com.unity.render-pipelines.universal/Shaders/PostProcessing/LutBuilderHdr.shader' with importer (ShaderImporter)
Imported 'GUID: ec9fec698a3456d4fb18cf8bacb7a2bc' -> (Import Result ID: '5ff5c7e8b22f0696a2af9fd5c9b7e763') in 0.050 seconds [static and dynamic dependencies]. Details - ImportResultOutputID=65569a6036f2fb1afcded16e79b0bb5b DependenciesID=a9f9be8c05ac6443b954592af1ccce14 StaticDependenciesID=30ce9e1aaef1a398bef63b78151ea75f 
Importing 'GUID: 0d0f817524897904ba47a6a1d55e7668 - Path: Packages/com.unity.render-pipelines.universal/Editor/Overrides/Shaders/CurveBackground.shader' with importer (ShaderImporter)
Imported 'GUID: 0d0f817524897904ba47a6a1d55e7668' -> (Import Result ID: '368e7469f17080a3d970d3d3342629fc') in 0.016 seconds [static and dynamic dependencies]. Details - ImportResultOutputID=a4485fdfc513c2d8036543532c1d4672 DependenciesID=72b1b4fe443b3a06911f90259a350b44 StaticDependenciesID=6e609312ad2482f049b813b8a9bd13d9 
Importing 'GUID: 2d70cd6be91bd7843a39a54b51c15b13 - Path: Packages/com.unity.render-pipelines.core/Runtime/UnifiedRayTracing/Compute/RadeonRays/kernels/build_hlbvh.compute' with importer (ComputeShaderImporter)
Imported 'GUID: 2d70cd6be91bd7843a39a54b51c15b13' -> (Import Result ID: '4d888dac5078a873df1852b2b8ea09f1') in 0.037 seconds [static and dynamic dependencies]. Details - ImportResultOutputID=f41a78ee4166f94c51472abf7e6ce8b9 DependenciesID=9572fff5c60b68cf4965b1d0fcbcb462 StaticDependenciesID=c5f1b812606adf8628065eafc1060601 
Importing 'GUID: 2df96b66b5510f94b98df2ac6f926ef4 - Path: Packages/com.unity.render-pipelines.core/Editor/Gizmo/UnlitGizmo.shader' with importer (ShaderImporter)
Imported 'GUID: 2df96b66b5510f94b98df2ac6f926ef4' -> (Import Result ID: '1f3bb3bd3025e73dcfdb409d79550048') in 0.009 seconds [static and dynamic dependencies]. Details - ImportResultOutputID=2db374aa2e2092fd3be61a41663356ea DependenciesID=2f2f935a0381d6b3e111982bb1fd8c27 StaticDependenciesID=095e2b7ef4e0619fa57cf65215d546e0 
Importing 'GUID: 3d9fc4c0ae8e22f49a8ebefad82718d9 - Path: Packages/com.unity.render-pipelines.universal/Runtime/RendererFeatures/SurfaceCacheGIRendererFeature/PatchAllocation.compute' with importer (ComputeShaderImporter)
Imported 'GUID: 3d9fc4c0ae8e22f49a8ebefad82718d9' -> (Import Result ID: 'b3fb2f5187b32b186d2386c9db002f1c') in 0.033 seconds [static and dynamic dependencies]. Details - ImportResultOutputID=4416da41b84f426e89e0e1174745c6db DependenciesID=84e3651f63e9cd692c9b81388432bc53 StaticDependenciesID=7178e3fe5a0b21f96174f06eef896844 
Importing 'GUID: 4d40202dfa5473d44bcdc97e00d74703 - Path: Packages/com.unity.render-pipelines.universal/Runtime/RendererFeatures/SurfaceCacheGIRendererFeature/Debug.compute' with importer (ComputeShaderImporter)
Imported 'GUID: 4d40202dfa5473d44bcdc97e00d74703' -> (Import Result ID: 'c8346480b1fa62dd96492b8cecfb24ff') in 0.035 seconds [static and dynamic dependencies]. Details - ImportResultOutputID=d718fa590620a6a41bd01189652eca77 DependenciesID=015b316e9905a9862577af406f6a94b5 StaticDependenciesID=b76353bee55ccfc3bdd9be9017267022 
Importing 'GUID: 4d271c06564c6784392d81f949558e5c - Path: Packages/com.unity.render-pipelines.universal/Runtime/RendererFeatures/SurfaceCacheGIRendererFeature/ScreenResolveLookup.compute' with importer (ComputeShaderImporter)
Imported 'GUID: 4d271c06564c6784392d81f949558e5c' -> (Import Result ID: '2e15ffe9ac9178612b4d0ad680f5c20f') in 0.038 seconds [static and dynamic dependencies]. Details - ImportResultOutputID=1eecefd2ebed02c08c59e343bf6f80ff DependenciesID=8345ebfb1203dcbcdb98c42b82771e5c StaticDependenciesID=20543fd6aa906dfe68eb2d7831291f29 
Importing 'GUID: 4d6d5de35fa45ef4a92119397a045cc9 - Path: Packages/com.unity.render-pipelines.core/Runtime/UnifiedRayTracing/Compute/RadeonRays/kernels/block_scan.compute' with importer (ComputeShaderImporter)
Imported 'GUID: 4d6d5de35fa45ef4a92119397a045cc9' -> (Import Result ID: '645afe5f58e1e050aaa29be21340b7e2') in 0.006 seconds [static and dynamic dependencies]. Details - ImportResultOutputID=6d722c9adf28977ee11b1861695abc97 DependenciesID=cc182479eb9843249f48d03795d14cd9 StaticDependenciesID=09616adc1072034db2c3ee0b5ab51b39 
Importing 'GUID: 8d2bb70cbf9db8d4da26e15b26e74248 - Path: Packages/com.unity.render-pipelines.universal/Shaders/SimpleLit.shader' with importer (ShaderImporter)
Imported 'GUID: 8d2bb70cbf9db8d4da26e15b26e74248' -> (Import Result ID: '9c45df5d9833e0720df2d34477853f20') in 0.236 seconds [static and dynamic dependencies]. Details - ImportResultOutputID=b6d844b1602568595a0618628033c055 DependenciesID=3e853b3278193a09ca79d93687428eb4 StaticDependenciesID=b1e181c9316202b7dd7e76fcf2a7c1dc 
Importing 'GUID: fde76746e4fd0ed418c224f6b4084114 - Path: Packages/com.unity.render-pipelines.core/Runtime/RenderPipelineResources/GPUDriven/InstanceWindDataUpdateKernels.compute' with importer (ComputeShaderImporter)
Imported 'GUID: fde76746e4fd0ed418c224f6b4084114' -> (Import Result ID: '244d000a03d3a9ff747cd977ee2f3b9a') in 0.016 seconds [static and dynamic dependencies]. Details - ImportResultOutputID=452780d8570a06521e743dad243b9139 DependenciesID=097a863eb532b84c46b05f697ed36ce0 StaticDependenciesID=aeb6b29717e07a05309d82353f0dd6a7 
Importing 'GUID: 0e79c0fbcc6ffc642834ff60779ad086 - Path: Packages/com.unity.render-pipelines.universal/Shaders/Utils/GTAO.compute' with importer (ComputeShaderImporter)
Imported 'GUID: 0e79c0fbcc6ffc642834ff60779ad086' -> (Import Result ID: '0eb16e307c22ea754f43e7c13082ec69') in 0.055 seconds [static and dynamic dependencies]. Details - ImportResultOutputID=42511c3e70b84f4ce1740401a8bf4d13 DependenciesID=e88a874d8377806b7de2fe6cfe18cacb StaticDependenciesID=8593d238f98dec3e55a0a8eef3330fca 
Importing 'GUID: 1edcd131364091c46a17cbff0b1de97a - Path: Packages/com.unity.render-pipelines.universal/Shaders/PostProcessing/CameraMotionBlur.shader' with importer (ShaderImporter)
Imported 'GUID: 1edcd131364091c46a17cbff0b1de97a' -> (Import Result ID: '0603a560b42777525214d26bfbc9bd75') in 0.097 seconds [static and dynamic dependencies]. Details - ImportResultOutputID=ebc214adaa3c550684c199326f3ff61d DependenciesID=3a9402094c472cd87502b49f4eac245c StaticDependenciesID=ea1dc7b5ff3975de59694f60e979fecf 
Importing 'GUID: 4e90a8289da1f3943885176e4f83e35c - Path: Packages/com.unity.render-pipelines.universal/Shaders/2D/Mesh2D-Lit-Default.shader' with importer (ShaderImporter)
Imported 'GUID: 4e90a8289da1f3943885176e4f83e35c' -> (Import Result ID: 'daef806f51f23644e6fe424f7c20cc05') in 0.066 seconds [static and dynamic dependencies]. Details - ImportResultOutputID=f0fbecfcbb313dc6dc725fc2c30b6960 DependenciesID=aff2a22cc3bab38fcff2e3c2dee88bdf StaticDependenciesID=e02620ab6d384e65b9d3c0c60063cb1e 
Importing 'GUID: 4e034cc8ea2635c4e9f063e5ddc7ea7a - Path: Packages/com.unity.render-pipelines.core/Runtime/UnifiedRayTracing/Compute/RadeonRays/kernels/block_reduce_part.compute' with importer (ComputeShaderImporter)
Imported 'GUID: 4e034cc8ea2635c4e9f063e5ddc7ea7a' -> (Import Result ID: '19efd61b131414be69af47f35219fc58') in 0.006 seconds [static and dynamic dependencies]. Details - ImportResultOutputID=690a3829a3234c6a12ea431bafd827d7 DependenciesID=22801d17645675bc990cea90e683e9fb StaticDependenciesID=61ecada1b20f58ebd00621b832042dde 
Importing 'GUID: 5e7134d6e63e0bc47a1dd2669cedb379 - Path: Packages/com.unity.render-pipelines.universal/Shaders/PostProcessing/GaussianDepthOfField.shader' with importer (ShaderImporter)
Imported 'GUID: 5e7134d6e63e0bc47a1dd2669cedb379' -> (Import Result ID: 'ba5774472e7db5ee5eba4bb559c1f5d9') in 0.090 seconds [static and dynamic dependencies]. Details - ImportResultOutputID=39ff681935bb889c8d8264545a88019c DependenciesID=087dc7f9cb01af4e255421eacd244528 StaticDependenciesID=6e15655e31fcc1b2caa8582b5dab0e0f 
Importing 'GUID: 5ec81c81908db34429b4f6ddecadd3bd - Path: Packages/com.unity.render-pipelines.universal/Shaders/Nature/SpeedTree7Billboard.shader' with importer (ShaderImporter)
Imported 'GUID: 5ec81c81908db34429b4f6ddecadd3bd' -> (Import Result ID: '9dec1c2e45ac38f726a9e2cb2ec6b335') in 0.242 seconds [static and dynamic dependencies]. Details - ImportResultOutputID=770dad9eb726a71256072bde7e3e1c73 DependenciesID=4274554c470238e571f4b6a1365ef4db StaticDependenciesID=122c89f3cdeb17319dc86cd8663de8c2 
Importing 'GUID: 5efaea0e81c66334aa9d062d6573e6fd - Path: Packages/com.unity.render-pipelines.core/Runtime/PathTracing/Shaders/SetAlphaChannel.compute' with importer (ComputeShaderImporter)
Imported 'GUID: 5efaea0e81c66334aa9d062d6573e6fd' -> (Import Result ID: '7b153515a7ae6e58418695099f437240') in 0.006 seconds [static and dynamic dependencies]. Details - ImportResultOutputID=fa54938b3c053714b50303cda20537ac DependenciesID=517954571661bf48e4eeee2baa26248f StaticDependenciesID=5b53db9a619358277c49aed05ab57907 
Importing 'GUID: 5e4da360906ed014eb18ce666f57cc46 - Path: Packages/com.unity.render-pipelines.core/Runtime/PathTracing/Shaders/PassthroughSkybox.shader' with importer (ShaderImporter)
Imported 'GUID: 5e4da360906ed014eb18ce666f57cc46' -> (Import Result ID: 'bd71999ef731d949b933901fd946b73f') in 0.014 seconds [static and dynamic dependencies]. Details - ImportResultOutputID=152fe685fed406ed1189906d994ccc92 DependenciesID=c87663fd426e453d9ecb28d038abef72 StaticDependenciesID=80fc557b946b9531a1c535652d911885 
Importing 'GUID: ce09d4a80b88c5a4eb9768fab4f1ee00 - Path: Packages/com.unity.render-pipelines.universal/Shaders/2D/Shadow2D-Projected.shader' with importer (ShaderImporter)
Imported 'GUID: ce09d4a80b88c5a4eb9768fab4f1ee00' -> (Import Result ID: '377ed800151a5b6f87a4a9dd17f0580a') in 0.049 seconds [static and dynamic dependencies]. Details - ImportResultOutputID=fe97af186a89665e4d9111594f9a862b DependenciesID=bc7e4592b23c9a13e44b8d085465c4b0 StaticDependenciesID=4492ee9cc12fc541ce27ebf8d448cbc0 
Importing 'GUID: de02b375720b5c445afe83cd483bedf3 - Path: Packages/com.unity.render-pipelines.universal/Shaders/2D/Shadow2D-Unshadow-Sprite.shader' with importer (ShaderImporter)
Imported 'GUID: de02b375720b5c445afe83cd483bedf3' -> (Import Result ID: 'f8730749fb5026f6313ccdde1a5f4c5b') in 0.054 seconds [static and dynamic dependencies]. Details - ImportResultOutputID=dd78ab776a5aeb65274b91d13f4ce91b DependenciesID=c7998c7a0df143f1d611a61f9ee5ec45 StaticDependenciesID=530146817915a9dd2c07d96080b9afc5 
Importing 'GUID: ee7e4c9a5f6364b688a332c67fc32cca - Path: Packages/com.unity.render-pipelines.universal/Shaders/ComplexLit.shader' with importer (ShaderImporter)
Imported 'GUID: ee7e4c9a5f6364b688a332c67fc32cca' -> (Import Result ID: '983b87b95f0058b580697b183cbedde7') in 0.241 seconds [static and dynamic dependencies]. Details - ImportResultOutputID=773da8c5970b7be9067c21f9b96d12c4 DependenciesID=47f93dd870f6f0806303cdca7a595897 StaticDependenciesID=84c88d490226a0ac5632d013cfa26f14 
Importing 'GUID: fe4f13c1004a07d4ea1e30bfd0326d9e - Path: Packages/com.unity.render-pipelines.universal/Runtime/RendererFeatures/OnTileUberPost.shader' with importer (ShaderImporter)
Imported 'GUID: fe4f13c1004a07d4ea1e30bfd0326d9e' -> (Import Result ID: 'c90880f7b35c08eb96709eb5c5284b00') in 0.162 seconds [static and dynamic dependencies]. Details - ImportResultOutputID=aef6c4506eacc192b8fc03156da05c18 DependenciesID=01fcc7d62c334cb2a89837250b96d764 StaticDependenciesID=38aa785d97c943327ef9f6d814852fd5 
Importing 'GUID: 0f4122b9a743b744abe2fb6a0a88868b - Path: Packages/com.unity.render-pipelines.universal/Shaders/Nature/SpeedTree7.shader' with importer (ShaderImporter)
Shader 'Universal Render Pipeline/Nature/SpeedTree7': dependency 'BillboardShader' shader 'Universal Render Pipeline/Nature/SpeedTree7 Billboard' not found
Shader 'Universal Render Pipeline/Nature/SpeedTree7': dependency 'BillboardShader' shader 'Universal Render Pipeline/Nature/SpeedTree7 Billboard' not found
Imported 'GUID: 0f4122b9a743b744abe2fb6a0a88868b' -> (Import Result ID: '3b9ce6c5c82c94e3a93e6cc4e1dd5071') in 0.281 seconds [static and dynamic dependencies]. Details - ImportResultOutputID=3c8bce4c566f1dcaee61b6c6567722b1 DependenciesID=385c4c1a5f4502f4633e31e2891198fd StaticDependenciesID=df6455e7c1940810cb50c95a61a1b1aa 
Shader 'Universal Render Pipeline/Nature/SpeedTree7': dependency 'BillboardShader' shader 'Universal Render Pipeline/Nature/SpeedTree7 Billboard' not found
Importing 'GUID: 0f854b35a0cf61a429bd5dcfea30eddd - Path: Packages/com.unity.render-pipelines.universal/Shaders/Utils/ScreenSpaceShadows.shader' with importer (ShaderImporter)
Imported 'GUID: 0f854b35a0cf61a429bd5dcfea30eddd' -> (Import Result ID: '5b94e42b2c0556966a96211f306b01a6') in 0.055 seconds [static and dynamic dependencies]. Details - ImportResultOutputID=c676fb554562c55f81099e8091c6d801 DependenciesID=7829928ffb377f06ef1ef6dbb5884bae StaticDependenciesID=318539a9cc841fe39493635da601e809 
Importing 'GUID: 3f6c848ca3d7bca4bbe846546ac701a1 - Path: Packages/com.unity.render-pipelines.universal/Shaders/2D/Light2D.shader' with importer (ShaderImporter)
Imported 'GUID: 3f6c848ca3d7bca4bbe846546ac701a1' -> (Import Result ID: '1db67afe1998a5908e8be157dfec6c2f') in 0.047 seconds [static and dynamic dependencies]. Details - ImportResultOutputID=1d9395fe69784b89d05aec184ccff5da DependenciesID=08033409d0d03ef31f74e19c2bb44fd8 StaticDependenciesID=d880abda643c5e4de02ca26545bd41c4 
Importing 'GUID: 5f1864addb451f54bae8c86d230f736e - Path: Packages/com.unity.render-pipelines.universal/Shaders/PostProcessing/Bloom.shader' with importer (ShaderImporter)
Imported 'GUID: 5f1864addb451f54bae8c86d230f736e' -> (Import Result ID: '1f4c9ec9a48c081f67777f6bc27a7d99') in 0.168 seconds [static and dynamic dependencies]. Details - ImportResultOutputID=71b522a0b0d460714fa338698e785f66 DependenciesID=1e32be3a9ba35f14b3101ee8b45a8524 StaticDependenciesID=de0fbdb54716c282165ad24e6cb6c0e6 
Importing 'GUID: 5fd9a8feb75a4b5894c241777f519d4e - Path: Packages/com.unity.render-pipelines.universal/Shaders/Utils/MaterialError.shader' with importer (ShaderImporter)
Imported 'GUID: 5fd9a8feb75a4b5894c241777f519d4e' -> (Import Result ID: 'fcd2eb494a3dd9d0140438c3384992af') in 0.030 seconds [static and dynamic dependencies]. Details - ImportResultOutputID=2cc6c0f4995a95887b3c466d233a1122 DependenciesID=4aee5c2c6dc8b0e5620dbbfd1783d85e StaticDependenciesID=976e4900f33b4dfd9485c74a2253c905 
Importing 'GUID: 7f888aff2ac86494babad1c2c5daeee2 - Path: Packages/com.unity.render-pipelines.universal/Shaders/Utils/FallbackLoading.shader' with importer (ShaderImporter)
Imported 'GUID: 7f888aff2ac86494babad1c2c5daeee2' -> (Import Result ID: 'db20b5caa22ea5ac86e4e7336ec64a4c') in 0.032 seconds [static and dynamic dependencies]. Details - ImportResultOutputID=41944d25723d623d0a5f9ea9f8f88175 DependenciesID=46f91b1c59400f3b27005881aa3193a0 StaticDependenciesID=3110efd0a7bad11963d0e6936a91b1b2 
Importing 'GUID: 8fbe92a9edfe6074e841d6dd1509bc59 - Path: Packages/com.unity.render-pipelines.universal/Shaders/Terrain/TerrainLitBasemapGen.shader' with importer (ShaderImporter)
Imported 'GUID: 8fbe92a9edfe6074e841d6dd1509bc59' -> (Import Result ID: '548ede0c10823eaf7d45ff99391ae40e') in 0.129 seconds [static and dynamic dependencies]. Details - ImportResultOutputID=b2d95acd1197cbbce48835017e7d2673 DependenciesID=411aac65a0f956c54896be0bd7fda33e StaticDependenciesID=b308d40846e37231409ba54ca86d1ba0 
Importing 'GUID: bf54e6528c79a224e96346799064c393 - Path: Packages/com.unity.render-pipelines.core/Runtime/Debug/ProbeVolumeSamplingDebug.shader' with importer (ShaderImporter)
Imported 'GUID: bf54e6528c79a224e96346799064c393' -> (Import Result ID: 'eb8bc9406f87166946cf18e3aa715870') in 0.037 seconds [static and dynamic dependencies]. Details - ImportResultOutputID=44f35f853042331fd811f042500349b1 DependenciesID=019a5cbf0e26734ef188956fb28e68e9 StaticDependenciesID=a524b584dbf69e5b9a32912df26af13a 
Importing 'GUID: cf852408f2e174538bcd9b7fda1c5ae7 - Path: Packages/com.unity.render-pipelines.universal/Shaders/Debug/DebugReplacement.shader' with importer (ShaderImporter)
Imported 'GUID: cf852408f2e174538bcd9b7fda1c5ae7' -> (Import Result ID: 'f7628cdd54a556ceb49564bd7040d1ae') in 0.076 seconds [static and dynamic dependencies]. Details - ImportResultOutputID=5daf40062f33517832563ed0670d34e1 DependenciesID=ffe3a13cc76fc2cd0b33b2ee4dfbc41e StaticDependenciesID=c6922ac31b7c3dd1b0aa94243b4399f2 
Importing 'GUID: 31d0dcc6f2dd4e4408d18036a2c93862 - Path: Packages/com.unity.render-pipelines.universal/Runtime/Materials/Decal.mat' with importer (NativeFormatImporter)
Imported 'GUID: 31d0dcc6f2dd4e4408d18036a2c93862' -> (Import Result ID: '6746f8c24ee6e8acb27800bb6e2d865e') in 0.007 seconds [static dependencies only]. Details - ImportResultOutputID=46db622b82e0c8ffa233ca3ab08cda16 DependenciesID=4dac53d793d6c18711b387c4e7427f71 StaticDependenciesID=a9b7e349fe155ac7f94c3ff298e893a9 
Importing 'GUID: 31321ba15b8f8eb4c954353edc038b1d - Path: Packages/com.unity.render-pipelines.universal/Runtime/Materials/Lit.mat' with importer (NativeFormatImporter)
Imported 'GUID: 31321ba15b8f8eb4c954353edc038b1d' -> (Import Result ID: 'e41c0801ef671aada3d50ce14fbb89bb') in 0.004 seconds [static dependencies only]. Details - ImportResultOutputID=aa1baf724b7447f91df0ef6a6f5a6f7c DependenciesID=72522c36d832e2b910101e8439f241c2 StaticDependenciesID=601f0902cf0c0258252eb58110d9c01e 
Importing 'GUID: 71942363c5608a64bb62421349d39c9c - Path: Packages/com.unity.render-pipelines.universal/Runtime/Materials/Mesh2D-Unlit-Default.mat' with importer (NativeFormatImporter)
Imported 'GUID: 71942363c5608a64bb62421349d39c9c' -> (Import Result ID: 'fd51b1be4ec3b9ff5337ab90973abffb') in 0.006 seconds [static dependencies only]. Details - ImportResultOutputID=0e3e2c35a76408d81da97ba5e3237970 DependenciesID=1b0076d8d2690239243de6f439c3b161 StaticDependenciesID=f5e42310032cd19d255f50600386ffcf 
Importing 'GUID: 92f845725428c954b878da352f657fe5 - Path: Packages/com.unity.render-pipelines.universal/Editor/SceneTemplates/Materials/Emissive.mat' with importer (NativeFormatImporter)
Imported 'GUID: 92f845725428c954b878da352f657fe5' -> (Import Result ID: '51a7dd49dfad78b6c088850c667b0a8a') in 0.005 seconds [static dependencies only]. Details - ImportResultOutputID=5759d25b8416a6459549b9fa6f3fbfd0 DependenciesID=d9a2499e6e06ae42840506dd31cb1ad7 StaticDependenciesID=c2d3dd9a78204482d78d09d8d2c6972e 
Importing 'GUID: c2e40fa84d53ccd428f640eac126b1fb - Path: Packages/com.unity.render-pipelines.universal/Editor/SceneTemplates/Materials/Gold.mat' with importer (NativeFormatImporter)
Imported 'GUID: c2e40fa84d53ccd428f640eac126b1fb' -> (Import Result ID: '1c5fa34dcbf6eaf7af4533f5e7d824a4') in 0.005 seconds [static dependencies only]. Details - ImportResultOutputID=44da7a1a93f2e684114e9832af56e0d7 DependenciesID=0de1617069634cda154fa5ad9917aea4 StaticDependenciesID=de6e7f0c8ff983fe1bb644bd4b090e5d 
Importing 'GUID: b34b07a45ba63ce47896c9e674f3a7a7 - Path: Packages/com.unity.render-pipelines.universal/Editor/SceneTemplates/Materials/Metal_Black.mat' with importer (NativeFormatImporter)
Imported 'GUID: b34b07a45ba63ce47896c9e674f3a7a7' -> (Import Result ID: '4b516c56187dec4192116aa38ec3a676') in 0.005 seconds [static dependencies only]. Details - ImportResultOutputID=6cf504ebd2c4672ae1b2b38a25e52eb5 DependenciesID=8ecfda1e6d5ac8d9931cf6df335b8f2a StaticDependenciesID=eca969bc9cb4e4c5414cc2b3ce78e3be 
Importing 'GUID: 9452ae1262a74094f8a68013fbcd1834 - Path: Packages/com.unity.render-pipelines.universal/Runtime/Materials/Mesh2D-Lit-Default.mat' with importer (NativeFormatImporter)
Imported 'GUID: 9452ae1262a74094f8a68013fbcd1834' -> (Import Result ID: 'f485bd5844865cad18b52070be2f925c') in 0.004 seconds [static dependencies only]. Details - ImportResultOutputID=24e5a7b10c939cbb3ec251fadcfd5cde DependenciesID=1794d04a92fc77c2bbc2dce0a1beffa8 StaticDependenciesID=8a48e49b08071d8cf8a32c892cd15a1e 
Importing 'GUID: 0529e6c5f6dea8c4a8c2835ed7de57cb - Path: Packages/com.unity.render-pipelines.core/Runtime/PathTracing/Meshes/SkyboxMesh.mesh' with importer (NativeFormatImporter)
Imported 'GUID: 0529e6c5f6dea8c4a8c2835ed7de57cb' -> (Import Result ID: '396bf7d25a610b275f7c7978e4d968fa') in 0.005 seconds [static dependencies only]. Details - ImportResultOutputID=bbd6b00b3c76573c82b21f26e5d808cd DependenciesID=f53f4b8f6039346e90171d9915ecf8fc StaticDependenciesID=2dc1cafab27de23572f5e4db97a4c4e7 
Importing 'GUID: 15d0c3709176029428a0da2f8cecf0b5 - Path: Packages/com.unity.render-pipelines.universal/Runtime/Materials/SpriteMask-Default.mat' with importer (NativeFormatImporter)
Imported 'GUID: 15d0c3709176029428a0da2f8cecf0b5' -> (Import Result ID: '3b5febd3c3bef611a3112f57477fc72f') in 0.005 seconds [static dependencies only]. Details - ImportResultOutputID=736c0f92b87c2c8c27b29b65a65afd4a DependenciesID=3daabf4bf80b4f3970f933705ce24c85 StaticDependenciesID=ab6bea383adbfbe007d99a5e7c28ff23 
Importing 'GUID: b51db210fe78df745a372851b3db949e - Path: Packages/com.unity.render-pipelines.universal/Runtime/Materials/SpatialMappingOcclusion.mat' with importer (NativeFormatImporter)
Imported 'GUID: b51db210fe78df745a372851b3db949e' -> (Import Result ID: 'dc8bfcad19932eff8a72f51a9f77ff92') in 0.007 seconds [static dependencies only]. Details - ImportResultOutputID=a4ae5e2167df49f5638402b78d018f93 DependenciesID=88f42a7838452a80bc0731fa12e27040 StaticDependenciesID=f7313bd28af00d8eccf51afbb84e4cf6 
Importing 'GUID: 761d8e1f988ed2345a28312145c79c6e - Path: Packages/com.unity.render-pipelines.universal/Editor/SceneTemplates/Materials/Ground.mat' with importer (NativeFormatImporter)
Imported 'GUID: 761d8e1f988ed2345a28312145c79c6e' -> (Import Result ID: '9494d5888900eea3e4c5c56c3b67d3f6') in 0.005 seconds [static dependencies only]. Details - ImportResultOutputID=6edc1ca2c1a3fbe46153651f5488dc03 DependenciesID=a96a3940edd376982ffd564929915474 StaticDependenciesID=0e669f73b40b8979c05d3a1522ba6569 
Importing 'GUID: b697f6a938056384e968ccf6527dac83 - Path: Packages/com.unity.render-pipelines.universal/Runtime/Materials/RenderAs2D-Flattening.mat' with importer (NativeFormatImporter)
Imported 'GUID: b697f6a938056384e968ccf6527dac83' -> (Import Result ID: '15dfd95eed33eb0b22746d8922361f36') in 0.007 seconds [static dependencies only]. Details - ImportResultOutputID=e17995076e55d5c358b369c90995d214 DependenciesID=b88b0e93dcf9ab1ffb8d4c5e68bde0c1 StaticDependenciesID=db12d0e990c95af7d0e37860f77d1f14 
Importing 'GUID: 78a08787ca30045abb69f6f7dd878e09 - Path: Packages/com.unity.render-pipelines.universal/Runtime/Materials/FullscreenInvertColors.mat' with importer (NativeFormatImporter)
Imported 'GUID: 78a08787ca30045abb69f6f7dd878e09' -> (Import Result ID: 'ff7f9d4f338dadb4a64f424fc6912336') in 0.011 seconds [static dependencies only]. Details - ImportResultOutputID=9664c408082f3e1490ab2fbfd3d1f1f9 DependenciesID=c0451a6d78a6eaaa9d36debab220da82 StaticDependenciesID=a8159b51bbbcd47114da1f54a8aff528 
Importing 'GUID: 9875a245ac49007498213638a307faa1 - Path: Packages/com.unity.render-pipelines.universal/Runtime/Materials/SpatialMappingWireframe.mat' with importer (NativeFormatImporter)
Imported 'GUID: 9875a245ac49007498213638a307faa1' -> (Import Result ID: 'e5d1aa6cde29bc829927cdb7aed90810') in 0.007 seconds [static dependencies only]. Details - ImportResultOutputID=39b7840ade4b7115bdd582f3a214acd8 DependenciesID=e6a3f832a594a05406871eb0296c5199 StaticDependenciesID=482df46b381d29f7793bf0345a783c4b 
Importing 'GUID: a80925ceebd011741b42509226cefc74 - Path: Packages/com.unity.render-pipelines.core/Runtime/PathTracing/Meshes/6FaceSkyboxMesh.mesh' with importer (NativeFormatImporter)
Imported 'GUID: a80925ceebd011741b42509226cefc74' -> (Import Result ID: 'a68d4970287cf266fef50ffeed0a8395') in 0.004 seconds [static dependencies only]. Details - ImportResultOutputID=7cdbee19e707d240b7674697008966a1 DependenciesID=a7d4201703d1e76a3dd4c7abede6d0ab StaticDependenciesID=b085ba7eb86d085028f11cbabacbb6ca 
Importing 'GUID: e823cd5b5d27c0f4b8256e7c12ee3e6d - Path: Packages/com.unity.render-pipelines.universal/Runtime/Materials/ParticlesUnlit.mat' with importer (NativeFormatImporter)
Imported 'GUID: e823cd5b5d27c0f4b8256e7c12ee3e6d' -> (Import Result ID: '3b8e928f206f5b9fa2c4335d56962464') in 0.004 seconds [static dependencies only]. Details - ImportResultOutputID=df81e5321bb6222cb13f6995e9380dc0 DependenciesID=c518e814014961d77c731ce6f3c777fc StaticDependenciesID=c5cba8e3dbc2de2429acf2bcbcd7709e 
Importing 'GUID: 594ea882c5a793440b60ff72d896021e - Path: Packages/com.unity.render-pipelines.universal/Runtime/Materials/TerrainLit.mat' with importer (NativeFormatImporter)
Imported 'GUID: 594ea882c5a793440b60ff72d896021e' -> (Import Result ID: '0aaf01c7bd9b0a8b90efbbe9c7609f73') in 0.004 seconds [static dependencies only]. Details - ImportResultOutputID=bb8cdc491ecab692406b89c9f392665c DependenciesID=5f83de0468dd5ac27bfbdc7f0477fe0d StaticDependenciesID=d4de4778295c0507bcab2ac56b5c9810 
Importing 'GUID: 89b1eb68090237240966320a7a94784d - Path: Packages/com.unity.render-pipelines.universal/Editor/SceneTemplates/Indoors.scenetemplate' with importer (NativeFormatImporter)
Imported 'GUID: 89b1eb68090237240966320a7a94784d' -> (Import Result ID: '10e5c93706b842076d51243d1d84c036') in 0.085 seconds [static dependencies only]. Details - ImportResultOutputID=44aee742e66d55adc54153af77925524 DependenciesID=ec6159bc15579244f5d860ae7a014bff StaticDependenciesID=0df1e1e18863176d553b81194215f4bb 
Importing 'GUID: a97c105638bdf8b4a8650670310a4cd3 - Path: Packages/com.unity.render-pipelines.universal/Runtime/Materials/Sprite-Lit-Default.mat' with importer (NativeFormatImporter)
Imported 'GUID: a97c105638bdf8b4a8650670310a4cd3' -> (Import Result ID: 'c93a700b6b8fbef840e2dc20c52376ec') in 0.004 seconds [static dependencies only]. Details - ImportResultOutputID=9ebf92ab366214cd3659bfbf6202f3c2 DependenciesID=2c63fd459eb4e20693471d16610b4328 StaticDependenciesID=afbcf259c85707392596cc1f889614b5 
Importing 'GUID: c91389c39d842cc4190ea8be0836798a - Path: Packages/com.unity.timeline/Editor/StyleSheets/res/HumanoidDefault.anim' with importer (NativeFormatImporter)
Imported 'GUID: c91389c39d842cc4190ea8be0836798a' -> (Import Result ID: '7a875933928aeacbceea790977ac56b4') in 0.023 seconds [static dependencies only]. Details - ImportResultOutputID=e8ab7377b12dc08d8bcf258d576eecd9 DependenciesID=230a9046600868f00104ce01b0fb7dcb StaticDependenciesID=4e3cb44021afda0ce70e8dc33ec7ef50 
Importing 'GUID: f96821bbefeea864b9b418af4b8615ac - Path: Packages/com.unity.render-pipelines.universal/Editor/SceneTemplates/Materials/White.mat' with importer (NativeFormatImporter)
Imported 'GUID: f96821bbefeea864b9b418af4b8615ac' -> (Import Result ID: '27a5d20f8da262519d80edf6e946feab') in 0.003 seconds [static dependencies only]. Details - ImportResultOutputID=577244d4b6ae9859e1aa84a1d3e3c9ef DependenciesID=7e5c1c4288a154a6c8af670cff54f2e6 StaticDependenciesID=7d09741f68df37742796da1546f9bc66 
Importing 'GUID: 6a1143ee683302f4aa628c052723efc1 - Path: Packages/com.unity.render-pipelines.universal/Runtime/Materials/SimpleLit.mat' with importer (NativeFormatImporter)
Imported 'GUID: 6a1143ee683302f4aa628c052723efc1' -> (Import Result ID: '31d4adc51baefda086a4dec9432d4c2d') in 0.004 seconds [static dependencies only]. Details - ImportResultOutputID=5605f37078cf2b145b2cce0f30228fea DependenciesID=11a07148e34ae8bf95a14816f8cbf611 StaticDependenciesID=f31939137934e59a6d74249a0bfa9d3e 
Importing 'GUID: 8a239b3da89050c4e89ac06b168fc684 - Path: Packages/com.unity.render-pipelines.universal/Runtime/RendererFeatures/SurfaceCacheGIRendererFeature/FallbackMaterial.mat' with importer (NativeFormatImporter)
Imported 'GUID: 8a239b3da89050c4e89ac06b168fc684' -> (Import Result ID: '0ab7e3cde76a00d66a1a5f996f546d1e') in 0.007 seconds [static dependencies only]. Details - ImportResultOutputID=f89e4cd21c809d2c5234dcb4682929df DependenciesID=abe0d62c69ba06e03e909e64c5ccb4cc StaticDependenciesID=2f14fc72eca0b2410ce1d7ba4837f51e 
Importing 'GUID: 9d187c8728d2b4c398f45befcacc2827 - Path: Packages/com.unity.render-pipelines.universal/Editor/SceneTemplates/Standard.scenetemplate' with importer (NativeFormatImporter)
Imported 'GUID: 9d187c8728d2b4c398f45befcacc2827' -> (Import Result ID: '3969e57b4bbc1befb7647f6ac7ca1755') in 0.042 seconds [static dependencies only]. Details - ImportResultOutputID=e5f114c16ab9279c7f3d87a2d8dababa DependenciesID=66a40374acaa5d9224eef08e8ebc60d7 StaticDependenciesID=c6f298444c96054bb3e811b608f5ec3d 
Importing 'GUID: 9dfc825aed78fcd4ba02077103263b40 - Path: Packages/com.unity.render-pipelines.universal/Runtime/Materials/Sprite-Unlit-Default.mat' with importer (NativeFormatImporter)
Imported 'GUID: 9dfc825aed78fcd4ba02077103263b40' -> (Import Result ID: '8729865cd0c4d9220c3e9a838b275d31') in 0.004 seconds [static dependencies only]. Details - ImportResultOutputID=3537d0b9206bd5b9136d317c71fb92f8 DependenciesID=728fd9123338a08002417d1372cc3ce1 StaticDependenciesID=ea504f5b41993161ddaa9761ff29151b 
Importing 'GUID: 3f9cc3f14b0454fa7b997b33a99d539f - Path: Packages/com.unity.render-pipelines.universal/Editor/SceneTemplates/Basic.scenetemplate' with importer (NativeFormatImporter)
Imported 'GUID: 3f9cc3f14b0454fa7b997b33a99d539f' -> (Import Result ID: 'c34995a3cb39b58a89b8020b2f7f4158') in 0.033 seconds [static dependencies only]. Details - ImportResultOutputID=d7777d4c3c6a138d2a68a81174660031 DependenciesID=620b34b441496a0dd66a4908d99c233e StaticDependenciesID=14d2eba5de7046cd02ddc51740df2799 
Importing 'GUID: 4f1ef37ae953c484bbc5d5e4049147e5 - Path: Packages/com.unity.render-pipelines.universal/Editor/SceneTemplates/Materials/Black.mat' with importer (NativeFormatImporter)
Imported 'GUID: 4f1ef37ae953c484bbc5d5e4049147e5' -> (Import Result ID: '5ccbb4b924536c3b89b45dcf082b3318') in 0.003 seconds [static dependencies only]. Details - ImportResultOutputID=c88b789433395f87730af518e3d4f0e8 DependenciesID=372b3389b7b98d1d3c9d8c3a564d11ee StaticDependenciesID=c099b46c2f28a3cf2d5ebd0e61347899 
Importing 'GUID: 2019d78ad3d1c5c4a8d309a857ca449f - Path: Packages/com.unity.shadergraph/GraphTemplates/BuiltIn/BuiltIn Lit Basic.shadergraph' with importer (ScriptedImporter : Unity.ShaderGraph.Editor:UnityEditor.ShaderGraph:ShaderGraphImporter)
Imported 'GUID: 2019d78ad3d1c5c4a8d309a857ca449f' -> (Import Result ID: '6cee40869456fb4acad157b3603762c0') in 2.710 seconds [static and dynamic dependencies]. Details - ImportResultOutputID=d11b24775274c59245f86dba39ff24ef DependenciesID=3d7e79a3ec8807df1e47a4a94e012259 StaticDependenciesID=76fdc3816458813a52530f0382844c3d 
Importing 'GUID: 30fa68ce467463643a86b839ca0eb195 - Path: Packages/com.unity.render-pipelines.universal/Runtime/Materials/ArnoldStandardSurface/ArnoldStandardSurfaceTransparent.shadergraph' with importer (ScriptedImporter : Unity.ShaderGraph.Editor:UnityEditor.ShaderGraph:ShaderGraphImporter)
Imported 'GUID: 30fa68ce467463643a86b839ca0eb195' -> (Import Result ID: 'b4d911397c4c9d5b7367e307c23b681b') in 0.890 seconds [static and dynamic dependencies]. Details - ImportResultOutputID=c53abaf518866ca6fc5c48fff5cb72eb DependenciesID=a713a3ea12c67a7958df00778cb8d609 StaticDependenciesID=af5b80e704ac285fea28663e21888f22 
Importing 'GUID: 80aa867ac363ac043847b06ad71604cd - Path: Packages/com.unity.render-pipelines.universal/Shaders/AutodeskInteractive/AutodeskInteractiveMasked.shadergraph' with importer (ScriptedImporter : Unity.ShaderGraph.Editor:UnityEditor.ShaderGraph:ShaderGraphImporter)
Imported 'GUID: 80aa867ac363ac043847b06ad71604cd' -> (Import Result ID: 'f88771d29dfd0f88b397ef3e015897ed') in 0.688 seconds [static and dynamic dependencies]. Details - ImportResultOutputID=56c36ab0de66407e7555711e2b0b93ed DependenciesID=2103eb0745f13cd68415688b7fdc719f StaticDependenciesID=bac745bd408480f362ca81641423b31e 
Importing 'GUID: a2407126e3372f64cacb75ed466a5621 - Path: Packages/com.unity.shadergraph/GraphTemplates/Cross Pipeline/0_Lit Basic.shadergraph' with importer (ScriptedImporter : Unity.ShaderGraph.Editor:UnityEditor.ShaderGraph:ShaderGraphImporter)
Imported 'GUID: a2407126e3372f64cacb75ed466a5621' -> (Import Result ID: '0fea12d0da10cc6e4aea93849bded735') in 0.575 seconds [static and dynamic dependencies]. Details - ImportResultOutputID=6eceafd2fafc02e38b0324f61c32b9b1 DependenciesID=177c614d84a7ac35dc5cb5aa9d598bae StaticDependenciesID=536cfd781cd991dd821a78729f222cd9 
Importing 'GUID: 2476a2d151e824143af40dce1fc93a12 - Path: Packages/com.unity.shadergraph/GraphTemplates/Cross Pipeline/Unlit Simple.shadergraph' with importer (ScriptedImporter : Unity.ShaderGraph.Editor:UnityEditor.ShaderGraph:ShaderGraphImporter)
Imported 'GUID: 2476a2d151e824143af40dce1fc93a12' -> (Import Result ID: 'cd8659304728e2d56998a383f01f41c6') in 0.446 seconds [static and dynamic dependencies]. Details - ImportResultOutputID=f31ca2c631a2c02c67a7084825889db5 DependenciesID=2e3cc9ff1b7818b1c0dfd87947047fc9 StaticDependenciesID=3fbb087469239fda3cec204b31ed2f51 
Importing 'GUID: 24a73dccd7b6fad4798be282f96a21f4 - Path: Packages/com.unity.render-pipelines.universal/Shaders/2D/VFXSpriteLit.shadergraph' with importer (ScriptedImporter : Unity.ShaderGraph.Editor:UnityEditor.ShaderGraph:ShaderGraphImporter)
Imported 'GUID: 24a73dccd7b6fad4798be282f96a21f4' -> (Import Result ID: '62b861df11e4d11d5a6374b3327f102d') in 0.369 seconds [static and dynamic dependencies]. Details - ImportResultOutputID=396f24491c0ca60e27fff9a6d7e60d1a DependenciesID=e54d3d8e32da49616904a0a08856dee4 StaticDependenciesID=48601dd25c295c599b16c215f2ecbe86 
Importing 'GUID: 44245ab89240f51459a5077d7145c452 - Path: Packages/com.unity.render-pipelines.universal/Runtime/Materials/PhysicalMaterial3DsMax/PhysicalMaterial3DsMax.shadergraph' with importer (ScriptedImporter : Unity.ShaderGraph.Editor:UnityEditor.ShaderGraph:ShaderGraphImporter)
Imported 'GUID: 44245ab89240f51459a5077d7145c452' -> (Import Result ID: '200af3330a4f1972fd3f020d3dc16971') in 0.542 seconds [static and dynamic dependencies]. Details - ImportResultOutputID=dce0e6f7201281d0d5f9889dfb7db0f4 DependenciesID=d8a1be945aabe6241a3c3ca33039d178 StaticDependenciesID=42a796c37d22efb8ea0fced7f1244364 
Importing 'GUID: 25a0ebb4827f3cc47a1af2c79005f65b - Path: Packages/com.unity.render-pipelines.universal/Editor/ShaderGraph/GraphTemplates/2D/1_2D Sprite Unlit.shadergraph' with importer (ScriptedImporter : Unity.ShaderGraph.Editor:UnityEditor.ShaderGraph:ShaderGraphImporter)
Worker ready: AssetImportWorkerHW0 0
Imported 'GUID: 25a0ebb4827f3cc47a1af2c79005f65b' -> (Import Result ID: 'd94258b4d5a3730960ca6d6fbda7ecaf') in 0.352 seconds [static and dynamic dependencies]. Details - ImportResultOutputID=f531feee0678c3aba1c25c73ce8d72cf DependenciesID=a317ea507f54cb513a3c82e9f78b36cf StaticDependenciesID=c889c3ad91e733374ee6e5c29c47d518 
Importing 'GUID: 9618d41bb71f74048bb6cace8785b93d - Path: Packages/com.unity.shadergraph/GraphTemplates/BuiltIn/BuiltIn Unlit Basic.shadergraph' with importer (ScriptedImporter : Unity.ShaderGraph.Editor:UnityEditor.ShaderGraph:ShaderGraphImporter)
Imported 'GUID: 9618d41bb71f74048bb6cace8785b93d' -> (Import Result ID: 'd19095e22f8580833add87970eacb76c') in 1.068 seconds [static and dynamic dependencies]. Details - ImportResultOutputID=0e46fd628f973c44871370d705c46dc9 DependenciesID=82525cf1719f20144498abfbaec6fc2e StaticDependenciesID=f197a877168823dabcbbc06588733feb 
Importing 'GUID: a680d9a9f8b66514abbfd3ae1c8f77f7 - Path: Packages/com.unity.shadergraph/GraphTemplates/Cross Pipeline/2_Particle Lit.shadergraph' with importer (ScriptedImporter : Unity.ShaderGraph.Editor:UnityEditor.ShaderGraph:ShaderGraphImporter)
Imported 'GUID: a680d9a9f8b66514abbfd3ae1c8f77f7' -> (Import Result ID: '686392ade4a44e62d3c37975eb51aa91') in 1.965 seconds [static and dynamic dependencies]. Details - ImportResultOutputID=a20167b20ba733b316ba90ed090dcb66 DependenciesID=3eff78e0d9f8d4556ad5e14972358fef StaticDependenciesID=797229ab3c79c3bd21487d5e550156ed 
Importing 'GUID: 0738648e2f2f84b489a2f0076b69e30a - Path: Packages/com.unity.render-pipelines.universal/Editor/ShaderGraph/GraphTemplates/UITKBasicTemplate.shadergraph' with importer (ScriptedImporter : Unity.ShaderGraph.Editor:UnityEditor.ShaderGraph:ShaderGraphImporter)
Imported 'GUID: 0738648e2f2f84b489a2f0076b69e30a' -> (Import Result ID: '3618e22bdd7c01ba0372ac9071cb9e74') in 0.317 seconds [static and dynamic dependencies]. Details - ImportResultOutputID=a9a55386423b12354f6a2bd90f12c123 DependenciesID=bb519cef63655f91a045c15ba9473e9b StaticDependenciesID=f57391f59252c3c660874c1a2e92767a 
Importing 'GUID: 1716ff8c1e51af14280cc97fbcba3b11 - Path: Packages/com.unity.shadergraph/GraphTemplates/Cross Pipeline/1_Decal Material Volume.shadergraph' with importer (ScriptedImporter : Unity.ShaderGraph.Editor:UnityEditor.ShaderGraph:ShaderGraphImporter)
Imported 'GUID: 1716ff8c1e51af14280cc97fbcba3b11' -> (Import Result ID: 'a10db2a9f9199fe5596f327a6b21d109') in 0.692 seconds [static and dynamic dependencies]. Details - ImportResultOutputID=bda984b48551d28decd1aeb3715539c8 DependenciesID=8398eab61962ea67d819ef0d0e8f919f StaticDependenciesID=e8d641af8b6dcad8fa8e3485043e713b 
Importing 'GUID: 3739e562a03fc0b4982d8aa66cc50865 - Path: Packages/com.unity.render-pipelines.universal/Runtime/Materials/ArnoldStandardSurface/ArnoldStandardSurface.shadergraph' with importer (ScriptedImporter : Unity.ShaderGraph.Editor:UnityEditor.ShaderGraph:ShaderGraphImporter)
Imported 'GUID: 3739e562a03fc0b4982d8aa66cc50865' -> (Import Result ID: '7cc9220fd764d6544120ec1a1e6becf2') in 0.553 seconds [static and dynamic dependencies]. Details - ImportResultOutputID=ea22dd70f578d558088f59ed1a24210e DependenciesID=3b6b5aeb5beb1ffcbe1512bc7e3fff2a StaticDependenciesID=0b3166c9b45f71c11d8691c47bb12cca 
Importing 'GUID: d7288f66e4fb0634c9afef98c31b722a - Path: Packages/com.unity.render-pipelines.universal/Shaders/2D/VFXSpriteUnlit.shadergraph' with importer (ScriptedImporter : Unity.ShaderGraph.Editor:UnityEditor.ShaderGraph:ShaderGraphImporter)
Imported 'GUID: d7288f66e4fb0634c9afef98c31b722a' -> (Import Result ID: 'a6eef81495c44cb412265d8879eba67a') in 0.210 seconds [static and dynamic dependencies]. Details - ImportResultOutputID=d06503d4975e45b037fb3976e9ea9524 DependenciesID=5c8979210a4ef637960c64eb6217a234 StaticDependenciesID=7c146aad0b6fcb508fd6e490f8328949 
Importing 'GUID: 39144937a5efe954dac51acbbe54157e - Path: Packages/com.unity.shadergraph/GraphTemplates/Cross Pipeline/0_Decal Simple.shadergraph' with importer (ScriptedImporter : Unity.ShaderGraph.Editor:UnityEditor.ShaderGraph:ShaderGraphImporter)
Imported 'GUID: 39144937a5efe954dac51acbbe54157e' -> (Import Result ID: 'bee35e2987d8096407d747ad767f02a6') in 0.272 seconds [static and dynamic dependencies]. Details - ImportResultOutputID=4384d08e490293af762d42824d810b04 DependenciesID=02fa95890a416427478ce75c0efccd06 StaticDependenciesID=44b17c0263b17b5a1f1d64bdcd72ffc8 
Importing 'GUID: 9920c1f1781549a46ba081a2a15a16ec - Path: Packages/com.unity.render-pipelines.universal/Shaders/Nature/SpeedTree8_PBRLit.shadergraph' with importer (ScriptedImporter : Unity.ShaderGraph.Editor:UnityEditor.ShaderGraph:ShaderGraphImporter)
Imported 'GUID: 9920c1f1781549a46ba081a2a15a16ec' -> (Import Result ID: '8ee16f8aa4ef7a130854289f4da98643') in 0.911 seconds [static and dynamic dependencies]. Details - ImportResultOutputID=8ab8f9d592361b6197b0be8d3399384c DependenciesID=f84f5aabe14ba1396ddae446f299d603 StaticDependenciesID=62e4b8a3eb28c8d12b68e84ed50b4114 
Importing 'GUID: 1a207e3bee00db44b940e6f362a8e148 - Path: Packages/com.unity.render-pipelines.universal/Runtime/Materials/PhysicalMaterial3DsMax/PhysicalMaterial3DsMaxTransparent.shadergraph' with importer (ScriptedImporter : Unity.ShaderGraph.Editor:UnityEditor.ShaderGraph:ShaderGraphImporter)
Imported 'GUID: 1a207e3bee00db44b940e6f362a8e148' -> (Import Result ID: '2545a4952555def4e7e664248bde18e3') in 0.517 seconds [static and dynamic dependencies]. Details - ImportResultOutputID=84528c1f32b77fea36edfa11f08d5e33 DependenciesID=6bb79283ded65702d65a61a6f42bc7c8 StaticDependenciesID=898d0961f4df79f17f0042f5a23d7d4d 
Importing 'GUID: 5a4a765e921b8554eb959f7cf697b3be - Path: Packages/com.unity.shadergraph/GraphTemplates/Cross Pipeline/UGUI Canvas Basic.shadergraph' with importer (ScriptedImporter : Unity.ShaderGraph.Editor:UnityEditor.ShaderGraph:ShaderGraphImporter)
Imported 'GUID: 5a4a765e921b8554eb959f7cf697b3be' -> (Import Result ID: 'a25a8648fd0e284b5cb449ac1863c7a3') in 0.193 seconds [static and dynamic dependencies]. Details - ImportResultOutputID=63e2d2dd17e9a9c548139cf3d19c2b8c DependenciesID=63c819c76ed9bd6a373d0ca6540dfe39 StaticDependenciesID=773ed9598de245e2a072eb6b8eba5921 
Importing 'GUID: 9b4e681081e2b4c469111bb649e2f7ee - Path: Packages/com.unity.render-pipelines.universal/Shaders/Decal.shadergraph' with importer (ScriptedImporter : Unity.ShaderGraph.Editor:UnityEditor.ShaderGraph:ShaderGraphImporter)
Imported 'GUID: 9b4e681081e2b4c469111bb649e2f7ee' -> (Import Result ID: '0355f4aabfcd2171daee4ff6ad88197c') in 0.324 seconds [static and dynamic dependencies]. Details - ImportResultOutputID=a0021ac3d913cdf6d7c7dc6f893fee59 DependenciesID=f6a5e36c97bf645489c3328e1d153791 StaticDependenciesID=aa93bc01171bb25c12a3bd2c6f6c8ee0 
Importing 'GUID: cbd3e1cc4ae141c42a30e33b4d666a61 - Path: Packages/com.unity.render-pipelines.universal/Shaders/Nature/SpeedTree9_URP.shadergraph' with importer (ScriptedImporter : Unity.ShaderGraph.Editor:UnityEditor.ShaderGraph:ShaderGraphImporter)
Imported 'GUID: cbd3e1cc4ae141c42a30e33b4d666a61' -> (Import Result ID: '8136f792db50e295008d12f317004d95') in 0.758 seconds [static and dynamic dependencies]. Details - ImportResultOutputID=ab593772aee5b52cfcf2725d6be16c4a DependenciesID=af6bf31b187a2ca3dd4b0604af3a8363 StaticDependenciesID=48f70a8ef6aa5af10441ea78677fe262 
Importing 'GUID: fb6390f650ca44a5ba3246d8dda47927 - Path: Packages/com.unity.render-pipelines.universal/Shaders/FullscreenInvertColors.shadergraph' with importer (ScriptedImporter : Unity.ShaderGraph.Editor:UnityEditor.ShaderGraph:ShaderGraphImporter)
Imported 'GUID: fb6390f650ca44a5ba3246d8dda47927' -> (Import Result ID: '2363478abdd6677f3de29507c3dbaa73') in 0.174 seconds [static and dynamic dependencies]. Details - ImportResultOutputID=a70376d586cc6a8aebca24327da6637e DependenciesID=62337260949c36532adf00c77d6a1f00 StaticDependenciesID=e2ee9604c8c1d6e1a3f463a3843c51ff 
Importing 'GUID: 5c81372d981403744adbdda4433c9c11 - Path: Packages/com.unity.render-pipelines.universal/Shaders/AutodeskInteractive/AutodeskInteractiveTransparent.shadergraph' with importer (ScriptedImporter : Unity.ShaderGraph.Editor:UnityEditor.ShaderGraph:ShaderGraphImporter)
Imported 'GUID: 5c81372d981403744adbdda4433c9c11' -> (Import Result ID: 'fc7c625ad41fcddd7cb4cdd740b95a63') in 0.359 seconds [static and dynamic dependencies]. Details - ImportResultOutputID=8f45226d375f88975a134b23c71b1910 DependenciesID=7be08aa4422ec5779566eb9f4c3e3d46 StaticDependenciesID=819bb43a9ae682ab724748d19820eb40 
Importing 'GUID: bc3def193b270c649b041063a70a1a1f - Path: Packages/com.unity.render-pipelines.universal/Editor/ShaderGraph/GraphTemplates/Terrain Standard 4 Layers URP.shadergraph' with importer (ScriptedImporter : Unity.ShaderGraph.Editor:UnityEditor.ShaderGraph:ShaderGraphImporter)
Shader 'Hidden/Terrain/Terrain Standard 4 Layers URP': dependency 'AddPassShader' shader 'Hidden/Hidden/Terrain/Terrain Standard 4 Layers URP_AddPass' not found
Shader 'Hidden/Terrain/Terrain Standard 4 Layers URP': dependency 'BaseMapGenShader' shader 'Hidden/Hidden/Terrain/Terrain Standard 4 Layers URP_BaseMapGen' not found
Shader 'Hidden/Terrain/Terrain Standard 4 Layers URP': dependency 'BaseMapShader' shader 'Hidden/Universal Render Pipeline/Terrain/Lit (Base Pass)' not found
Shader 'Hidden/Terrain/Terrain Standard 4 Layers URP': dependency 'AddPassShader' shader 'Hidden/Hidden/Terrain/Terrain Standard 4 Layers URP_AddPass' not found
Shader 'Hidden/Terrain/Terrain Standard 4 Layers URP': dependency 'BaseMapGenShader' shader 'Hidden/Hidden/Terrain/Terrain Standard 4 Layers URP_BaseMapGen' not found
Shader 'Hidden/Terrain/Terrain Standard 4 Layers URP': dependency 'BaseMapShader' shader 'Hidden/Universal Render Pipeline/Terrain/Lit (Base Pass)' not found
Imported 'GUID: bc3def193b270c649b041063a70a1a1f' -> (Import Result ID: 'ae7d069e719d2d7d6699631771f981cf') in 0.883 seconds [static and dynamic dependencies]. Details - ImportResultOutputID=9eb3d3e24c780a2816d80271586a41e2 DependenciesID=11721cedd8c838a97db6c29a889cbe44 StaticDependenciesID=fc6a2a58743d287baca2266d12b8d913 
Importing 'GUID: 9d4e8ca8c5046914c87ca6ccef140dac - Path: Packages/com.unity.shadergraph/GraphTemplates/Cross Pipeline/UGUI Canvas Meter.shadergraph' with importer (ScriptedImporter : Unity.ShaderGraph.Editor:UnityEditor.ShaderGraph:ShaderGraphImporter)
Imported 'GUID: 9d4e8ca8c5046914c87ca6ccef140dac' -> (Import Result ID: '10531fd2f75039347af730c4d5712644') in 0.119 seconds [static and dynamic dependencies]. Details - ImportResultOutputID=9c95ae7646a489d3646af93a8fa14f83 DependenciesID=d566364b638c4fba4dc6bd06acd9bd07 StaticDependenciesID=1cdc862f899e9b1eb857a7901f03c56a 
Importing 'GUID: bde135b320597544b9ac325092409f8b - Path: Packages/com.unity.render-pipelines.universal/Editor/ShaderGraph/GraphTemplates/2D/0_2D Sprite Lit.shadergraph' with importer (ScriptedImporter : Unity.ShaderGraph.Editor:UnityEditor.ShaderGraph:ShaderGraphImporter)
Imported 'GUID: bde135b320597544b9ac325092409f8b' -> (Import Result ID: '33906681cb4484dbbb4514b23ec39968') in 0.183 seconds [static and dynamic dependencies]. Details - ImportResultOutputID=7a651e73202f2ac240d9f433413e9934 DependenciesID=0fe9498117b26c6f2ef9db4f95521833 StaticDependenciesID=223bd376eb018f92eaf3144128395375 
Importing 'GUID: 0e9d5a909a1f7e84882a534d0d11e49f - Path: Packages/com.unity.render-pipelines.universal/Shaders/AutodeskInteractive/AutodeskInteractive.shadergraph' with importer (ScriptedImporter : Unity.ShaderGraph.Editor:UnityEditor.ShaderGraph:ShaderGraphImporter)
Imported 'GUID: 0e9d5a909a1f7e84882a534d0d11e49f' -> (Import Result ID: 'cb2e1344e3b658480a5cd1d92dbee6fe') in 0.279 seconds [static and dynamic dependencies]. Details - ImportResultOutputID=9859f3a97c0da6afb2d7391215bf88cb DependenciesID=cce73b4da00ba0260a71462d85f60fe6 StaticDependenciesID=a2f1398662494d2afe2b1104bb7297fc 
Importing 'GUID: 3e01bbae25716b24ea9da11102b44902 - Path: Packages/com.unity.render-pipelines.universal/Editor/ShaderGraph/GraphTemplates/UITKFullTemplate.shadergraph' with importer (ScriptedImporter : Unity.ShaderGraph.Editor:UnityEditor.ShaderGraph:ShaderGraphImporter)
Imported 'GUID: 3e01bbae25716b24ea9da11102b44902' -> (Import Result ID: 'c9d2afde8169c3b9d8294a34d2dfdee6') in 0.136 seconds [static and dynamic dependencies]. Details - ImportResultOutputID=865fd2439cfd78085f5159dbbf8a5cd2 DependenciesID=417ace74713aefb4b18086b6ea970b7e StaticDependenciesID=787562bcd1feec6d227a8a658ecf76b0 
Importing 'GUID: 7ef2cf71ad164fe479662ae612dff99e - Path: Packages/com.unity.shadergraph/GraphTemplates/Custom Render Texture.shadergraph' with importer (ScriptedImporter : Unity.ShaderGraph.Editor:UnityEditor.ShaderGraph:ShaderGraphImporter)
Imported 'GUID: 7ef2cf71ad164fe479662ae612dff99e' -> (Import Result ID: '66325abc4ce6cdd8adae2cf950f42fbd') in 0.043 seconds [static and dynamic dependencies]. Details - ImportResultOutputID=dd0552a8c2655bd5d70c7ca10b0c0218 DependenciesID=a85f2e9960720cf70279440ae8eecdac StaticDependenciesID=de3398d04c349b2d55ab40895207d9f4 
Importing 'GUID: aee84ce0dab81b049bb88017d78a63cd - Path: Packages/com.unity.shadergraph/GraphTemplates/Cross Pipeline/1_Lit Full.shadergraph' with importer (ScriptedImporter : Unity.ShaderGraph.Editor:UnityEditor.ShaderGraph:ShaderGraphImporter)
Imported 'GUID: aee84ce0dab81b049bb88017d78a63cd' -> (Import Result ID: 'ce060d517e13af9a2e61aff8c1463ee3') in 0.508 seconds [static and dynamic dependencies]. Details - ImportResultOutputID=99b3d81dbe48dba663b09799222ed949 DependenciesID=0f24692b7d365b38c1e2b196375bc9cd StaticDependenciesID=c4a5bbbfe2b62d60f9f3ca43100ca59c 
Importing 'GUID: def488a52add6574d9f295a507032cb8 - Path: Packages/com.unity.shadergraph/GraphTemplates/Cross Pipeline/Terrain Simple.shadergraph' with importer (ScriptedImporter : Unity.ShaderGraph.Editor:UnityEditor.ShaderGraph:ShaderGraphImporter)
Shader 'Hidden/Terrain/Terrain Simple': dependency 'AddPassShader' shader 'Hidden/Hidden/Terrain/Terrain Simple_AddPass' not found
Shader 'Hidden/Terrain/Terrain Simple': dependency 'BaseMapGenShader' shader 'Hidden/Hidden/Terrain/Terrain Simple_BaseMapGen' not found
Shader 'Hidden/Terrain/Terrain Simple': dependency 'BaseMapShader' shader 'Hidden/Universal Render Pipeline/Terrain/Lit (Base Pass)' not found
Shader 'Hidden/Terrain/Terrain Simple': dependency 'AddPassShader' shader 'Hidden/Hidden/Terrain/Terrain Simple_AddPass' not found
Shader 'Hidden/Terrain/Terrain Simple': dependency 'BaseMapGenShader' shader 'Hidden/Hidden/Terrain/Terrain Simple_BaseMapGen' not found
Shader 'Hidden/Terrain/Terrain Simple': dependency 'BaseMapShader' shader 'Hidden/Universal Render Pipeline/Terrain/Lit (Base Pass)' not found
Imported 'GUID: def488a52add6574d9f295a507032cb8' -> (Import Result ID: 'd94537f4dc681f2e8e8dd9b5d713398b') in 0.577 seconds [static and dynamic dependencies]. Details - ImportResultOutputID=bd6893d11b43df669c61667a2368d712 DependenciesID=1cde43ab9bbd5968536a6c53ae7a0ff4 StaticDependenciesID=ad647defe5b24f8479de74338a12b798 
Importing 'GUID: af66091e0eca0c04a9c3584ae867418a - Path: Packages/com.unity.shadergraph/GraphTemplates/Cross Pipeline/0_Particle Unlit.shadergraph' with importer (ScriptedImporter : Unity.ShaderGraph.Editor:UnityEditor.ShaderGraph:ShaderGraphImporter)
Imported 'GUID: af66091e0eca0c04a9c3584ae867418a' -> (Import Result ID: '053ea45a641883713ae0d78ab8ba7e60') in 0.248 seconds [static and dynamic dependencies]. Details - ImportResultOutputID=7a54f3801b3b9e8468b86a0bd74a7fd2 DependenciesID=c6f2fef64eb63389d4d98db256664cc9 StaticDependenciesID=71bf97413bc97cb3f7c1638b3bc8ddda 
Importing 'GUID: bfad0aba0faa90547b68abd10bb6be86 - Path: Packages/com.unity.render-pipelines.universal/Editor/ShaderGraph/GraphTemplates/2D/2_2D Sprite Custom Lit.shadergraph' with importer (ScriptedImporter : Unity.ShaderGraph.Editor:UnityEditor.ShaderGraph:ShaderGraphImporter)
Imported 'GUID: bfad0aba0faa90547b68abd10bb6be86' -> (Import Result ID: '077e485bc5b06b6ccd8a413b09d19781') in 0.251 seconds [static and dynamic dependencies]. Details - ImportResultOutputID=67b468050a196498d329b20358a58436 DependenciesID=f0b670c1b5e5cfefd1d60bbed1b52f6c StaticDependenciesID=61f6944c46c44ead2ebfc4906ed197fd 
Importing 'GUID: df41eefe8c13d444ca890dddbbc61f8d - Path: Packages/com.unity.render-pipelines.universal/Editor/ShaderGraph/GraphTemplates/Fullscreen Basic URP.shadergraph' with importer (ScriptedImporter : Unity.ShaderGraph.Editor:UnityEditor.ShaderGraph:ShaderGraphImporter)
Imported 'GUID: df41eefe8c13d444ca890dddbbc61f8d' -> (Import Result ID: '91b5c3c8d532f9c5288df74be6536a90') in 0.116 seconds [static and dynamic dependencies]. Details - ImportResultOutputID=8824d9ee83f9cee12ade1a33cf579497 DependenciesID=63d868a1d5e03c9edbd7a9a4481f8cca StaticDependenciesID=4ebf6b92dab8c9c0b807af3b1cddbae8 
Importing 'GUID: 103b0616690034ca1a309e958ed431fc - Path: Packages/com.unity.render-pipelines.universal/Editor/SceneTemplates/Standard/GlobalVolumeProfile.asset' with importer (NativeFormatImporter)
Imported 'GUID: 103b0616690034ca1a309e958ed431fc' -> (Import Result ID: '7f97a20cddea2f12371c95a5a8c5ee2e') in 0.003 seconds [static dependencies only]. Details - ImportResultOutputID=75489aecdac1b0dcd0ea14f4741114ce DependenciesID=c417c617c15e0335dd5be71406025e44 StaticDependenciesID=b0ab1bdcff8e8d1cf1fcc00d39f2a031 
Importing 'GUID: 10fc4df2da32a41aaa32d77bc913491c - Path: Assets/Settings/SampleSceneProfile.asset' with importer (NativeFormatImporter)
Imported 'GUID: 10fc4df2da32a41aaa32d77bc913491c' -> (Import Result ID: '7929ca5b0a5ec92b5aa6e922d6798293') in 0.002 seconds [static dependencies only]. Details - ImportResultOutputID=babd9079f4b8a847527f29c21aa16da7 DependenciesID=e9e353aaf951c016c9079ff687ff7b41 StaticDependenciesID=5ac031e75757c042715eefe565f96fce 
Importing 'GUID: f07c8ecc9e9de7842ab9c99a9256ff7d - Path: Packages/com.unity.render-pipelines.core/Editor/Icons/Processed/PassInspector Icon.asset' with importer (NativeFormatImporter)
Imported 'GUID: f07c8ecc9e9de7842ab9c99a9256ff7d' -> (Import Result ID: 'ca41676379905341c0458207ba19b246') in 0.003 seconds [static dependencies only]. Details - ImportResultOutputID=26d2945266353e0b1b5195222d6dc9fb DependenciesID=edf499b684d02af37b1f68a7a44cd63e StaticDependenciesID=0b1fdfd3c2e76734f2334f413339c100 
Importing 'GUID: 41439944d30ece34e96484bdb6645b55 - Path: Packages/com.unity.render-pipelines.universal/Runtime/Data/PostProcessData.asset' with importer (NativeFormatImporter)
Imported 'GUID: 41439944d30ece34e96484bdb6645b55' -> (Import Result ID: '4ddfe6ff9a1fa2432d260c9180747eca') in 0.002 seconds [static dependencies only]. Details - ImportResultOutputID=e1df19cf4171d2ef98d9cb61e1146856 DependenciesID=dc7d83e8a13f686854cfd41dadc7241a StaticDependenciesID=719af615745276213c9c53cb72c87ab3 
Importing 'GUID: 8105016687592461f977c054a80ce2f2 - Path: Assets/Readme.asset' with importer (NativeFormatImporter)
Imported 'GUID: 8105016687592461f977c054a80ce2f2' -> (Import Result ID: '893c07b42c7507385c31e372df2cbc4c') in 0.007 seconds [static dependencies only]. Details - ImportResultOutputID=001bfba3297eb86b2017fd0c7ef5a481 DependenciesID=39e4d66a52f4e1963fa1491496724152 StaticDependenciesID=e89975c1f1ce05193f8b4f06fa3d6f2a 
Importing 'GUID: f288ae1f4751b564a96ac7587541f7a2 - Path: Assets/Settings/PC_Renderer.asset' with importer (NativeFormatImporter)
Imported 'GUID: f288ae1f4751b564a96ac7587541f7a2' -> (Import Result ID: 'd8c5e8f9fd96d357d0eae8441b7a1b9a') in 0.003 seconds [static dependencies only]. Details - ImportResultOutputID=6784ee3b5df1f2dd9e9804287b1fd892 DependenciesID=4e38e156f146052213ecdc202c123eca StaticDependenciesID=778e8621d6d96fed1e67b69d10c6d55f 
Importing 'GUID: 13a8a84f37ede4760a590fd13172bdd4 - Path: Packages/com.unity.ai.navigation/EditorResources/NavigationWindowIcon.asset' with importer (NativeFormatImporter)
Imported 'GUID: 13a8a84f37ede4760a590fd13172bdd4' -> (Import Result ID: 'a1cc50b64be7189c46072387650a3fa1') in 0.003 seconds [static dependencies only]. Details - ImportResultOutputID=8c8b2326dcfbbf6163b931bde70edd29 DependenciesID=0d0e1b472751b78a8a1a6ddd6c95b415 StaticDependenciesID=5bec8757208c31c0e052579c6e0519b0 
Importing 'GUID: 83a190b5cf963b042993eaddb87d0522 - Path: Packages/com.unity.render-pipelines.universal/Runtime/Data/UniversalRenderPipelineAsset.asset' with importer (NativeFormatImporter)
Imported 'GUID: 83a190b5cf963b042993eaddb87d0522' -> (Import Result ID: 'f5de24b71b6d12d9b630b4b932a4bc84') in 0.006 seconds [static dependencies only]. Details - ImportResultOutputID=dbd0a6cdf4f6d580d698f5590f4f6760 DependenciesID=e4da0f6e195f1632fc7cf52203d4b39b StaticDependenciesID=99be2cb8a885303aa5c0862931d51540 
Importing 'GUID: 340b2e8f8761e254d8ee52bc663cedbd - Path: Packages/com.unity.render-pipelines.core/Editor/Icons/Processed/d_DecalProjector Icon.asset' with importer (NativeFormatImporter)
Imported 'GUID: 340b2e8f8761e254d8ee52bc663cedbd' -> (Import Result ID: '73e0a2b6cc595554361794e3b5f1e57b') in 0.010 seconds [static dependencies only]. Details - ImportResultOutputID=987404beed0ee7d2378ccae292f09cad DependenciesID=eca8594d2d8654ef0f305cb7f7afe92c StaticDependenciesID=82c1b45baefb164d79d8becfbd159852 
Importing 'GUID: 150de12d7eed3a2429509ab2146f6345 - Path: Packages/com.unity.render-pipelines.core/Editor/Icons/Processed/d_VolumeProfile Icon.asset' with importer (NativeFormatImporter)
Imported 'GUID: 150de12d7eed3a2429509ab2146f6345' -> (Import Result ID: '137fe1f1b1b74c35f4e7d48c5e9e0c20') in 0.010 seconds [static dependencies only]. Details - ImportResultOutputID=d7d5f0505ac4bc1db934720ecb413d92 DependenciesID=b7bb8db11df5ccd229ccc663de6e5ab2 StaticDependenciesID=324c15c64c9f710b0c07a5223e968b0f 
Importing 'GUID: 350a709cf1218764c94f752764b6ab69 - Path: Packages/com.unity.render-pipelines.universal/Tests/Editor/PostProcessDataTests/PostProcessData BloomPS Different 1.asset' with importer (NativeFormatImporter)
Imported 'GUID: 350a709cf1218764c94f752764b6ab69' -> (Import Result ID: 'e681c1cc541593449de043af09814cb1') in 0.005 seconds [static dependencies only]. Details - ImportResultOutputID=3e78c3e704cf3cb9a422718d700e3921 DependenciesID=ba0284cba10ac7903e182130144980e3 StaticDependenciesID=4ae28da6ed9dc7fcb2a6524b661e9f23 
Importing 'GUID: 65d673f04ea8f2f49919cf67d18aaf54 - Path: Packages/com.unity.render-pipelines.core/Editor/Icons/Processed/Volume Icon.asset' with importer (NativeFormatImporter)
Imported 'GUID: 65d673f04ea8f2f49919cf67d18aaf54' -> (Import Result ID: '36102e48cf0a83d41634b348f663b656') in 0.009 seconds [static dependencies only]. Details - ImportResultOutputID=54b4bef2bbc2d76865784a654af72581 DependenciesID=e848aa2bd3e3c3b648b31cfcff1bad5f StaticDependenciesID=26d6d7dfe9bf8d1d517387eabf63cf89 
Importing 'GUID: 65bc7dbf4170f435aa868c779acfb082 - Path: Assets/Settings/Mobile_Renderer.asset' with importer (NativeFormatImporter)
Imported 'GUID: 65bc7dbf4170f435aa868c779acfb082' -> (Import Result ID: '7703ef71915ecd05e8f6a69123c928ad') in 0.003 seconds [static dependencies only]. Details - ImportResultOutputID=6efdbdfd3daadde684ccbdcbb0c35d7e DependenciesID=4aa53a36fab9e040e0f21bb1dacb346f StaticDependenciesID=8977d59542d10e1679f48a7eb55b2367 
Importing 'GUID: 9577fdc34c3b03242bf439342d37043b - Path: Packages/com.unity.render-pipelines.core/Editor/Icons/Processed/RenderPipelineResources Icon.asset' with importer (NativeFormatImporter)
Imported 'GUID: 9577fdc34c3b03242bf439342d37043b' -> (Import Result ID: '68042552bf3a568cc2dafcda78ff07f0') in 0.009 seconds [static dependencies only]. Details - ImportResultOutputID=99c538cbd451bd1c477d97f59b575819 DependenciesID=b098f31ab7f91060fb1f208e04d99bb9 StaticDependenciesID=6041d710a07347dfa59e04f80bbe6fa4 
Importing 'GUID: a51c08ea4f8a47641a38f14eff7be3db - Path: Packages/com.unity.render-pipelines.core/Editor/Icons/Processed/d_LocalVolumetricFog Icon.asset' with importer (NativeFormatImporter)
Imported 'GUID: a51c08ea4f8a47641a38f14eff7be3db' -> (Import Result ID: '5d22a5de2170d6019c3a09bf86dfc48c') in 0.009 seconds [static dependencies only]. Details - ImportResultOutputID=05e7046fb30466656006c73e0a9d4759 DependenciesID=65cc4d1b735cde556696110b900e526c StaticDependenciesID=6b30e8e4a565c9f9cb786383c813e3c8 
Importing 'GUID: 9603ab9e0ac90754298d959374a0ec29 - Path: Packages/com.unity.render-pipelines.core/Editor/Icons/Processed/DecalProjector Icon.asset' with importer (NativeFormatImporter)
Imported 'GUID: 9603ab9e0ac90754298d959374a0ec29' -> (Import Result ID: '2e50528ed1a5a3797236cd531e0086bd') in 0.008 seconds [static dependencies only]. Details - ImportResultOutputID=3f5b2ee21dc9224dc86c307dda9dc4fe DependenciesID=bf2e639e2465a6ff67fc790220f5d084 StaticDependenciesID=755cf51ef7f6f810197e5866d8061046 
Importing 'GUID: f6437d4e6a2f10345a40803d33f489bf - Path: Packages/com.unity.render-pipelines.core/Editor/Icons/Processed/d_RenderPipelineResources Icon.asset' with importer (NativeFormatImporter)
Imported 'GUID: f6437d4e6a2f10345a40803d33f489bf' -> (Import Result ID: '242370dc9ec3e1edc407dff9bdff9885') in 0.008 seconds [static dependencies only]. Details - ImportResultOutputID=9ab130ae76338e50c1105f3d7e36684f DependenciesID=3cc12cd5af93e2ece2fe5d40142c3319 StaticDependenciesID=3024dd7785d26c67f410e25090b9fab9 
Importing 'GUID: 177b2538515c71b4a86aa1cad939807a - Path: Packages/com.unity.render-pipelines.core/Editor/Icons/Processed/d_Volume Icon.asset' with importer (NativeFormatImporter)
Imported 'GUID: 177b2538515c71b4a86aa1cad939807a' -> (Import Result ID: '41424de8ac7abf1fa35aad9fc4d8ff44') in 0.008 seconds [static dependencies only]. Details - ImportResultOutputID=d6e9d5a1bfed796bf0ffa33c340ab55d DependenciesID=b5495df6cc34b46748ab6ec1897511b7 StaticDependenciesID=9928ca75399329424fc1799054c14820 
Importing 'GUID: e7b20d8e594294f4380ea14212e1b042 - Path: Packages/com.unity.render-pipelines.universal/Tests/Editor/PostProcessDataTests/PostProcessData BloomPS Different.asset' with importer (NativeFormatImporter)
Imported 'GUID: e7b20d8e594294f4380ea14212e1b042' -> (Import Result ID: 'b1b36b2aa0d28de65b03fd7751c09df0') in 0.005 seconds [static dependencies only]. Details - ImportResultOutputID=f9898eaa90f793fee1a9270b976c9bb0 DependenciesID=3dafd346f09a242d947fafde6d76330c StaticDependenciesID=182eabae6c2d90652e7c889af0852fc7 
Importing 'GUID: 089885f17bac7464a80c68e81d8538a1 - Path: Packages/com.unity.shadergraph/Editor/Resources/DefaultHeatmapValues.asset' with importer (NativeFormatImporter)
Imported 'GUID: 089885f17bac7464a80c68e81d8538a1' -> (Import Result ID: 'b3d6fddfb5c228d2e65725930dc9a45c') in 0.004 seconds [static dependencies only]. Details - ImportResultOutputID=8939e0bed6833d7c0a3ed7f28ac3e88b DependenciesID=9c5c7d85b739a27eac175f35bdc6f911 StaticDependenciesID=e5563a1065d9c74d75eb2cacf330e744 
Importing 'GUID: 18dc0cd2c080841dea60987a38ce93fa - Path: Assets/Settings/UniversalRenderPipelineGlobalSettings.asset' with importer (NativeFormatImporter)
Imported 'GUID: 18dc0cd2c080841dea60987a38ce93fa' -> (Import Result ID: 'c84af68db1c13e8a5d09738d471ce4e4') in 0.002 seconds [static dependencies only]. Details - ImportResultOutputID=ac92a3253360087966dd104547753906 DependenciesID=8b0f946a22e04e5053f8ba81852d9a96 StaticDependenciesID=c88a0fd0ff6b1f24024063400b971410 
Importing 'GUID: 695c65e91172db945bf049e595adcc66 - Path: Packages/com.unity.render-pipelines.universal/Editor/SceneTemplates/Indoors/LightingData.asset' with importer (NativeFormatImporter)
Imported 'GUID: 695c65e91172db945bf049e595adcc66' -> (Import Result ID: '05dd714a96a86c3fc9a4a43110d799f1') in 0.004 seconds [static dependencies only]. Details - ImportResultOutputID=dabc570c4e8871c8d1007e260ca25607 DependenciesID=e1e3f32f3a219ef0d96684a0a5611aa6 StaticDependenciesID=8cc2cf1d8bddbae158a40fb396a38729 
Importing 'GUID: ba6e69114eba6af4585b7b850051b2d9 - Path: Packages/com.unity.render-pipelines.universal/Runtime/Data/UniversalRendererData.asset' with importer (NativeFormatImporter)
Imported 'GUID: ba6e69114eba6af4585b7b850051b2d9' -> (Import Result ID: 'b73a37e088eacd9437a3d2186d65b0fc') in 0.002 seconds [static dependencies only]. Details - ImportResultOutputID=b9e12e0d67d98822c0be646526e8c5e1 DependenciesID=4009c1c09ce70028b4c27bd53e30bca0 StaticDependenciesID=9f87537a4c689e29413ef091eaf9b406 
Importing 'GUID: faa56264e2faf674c8be98efbfd8e2a4 - Path: Packages/com.unity.render-pipelines.core/Editor/Icons/Processed/VolumeProfile Icon.asset' with importer (NativeFormatImporter)
Imported 'GUID: faa56264e2faf674c8be98efbfd8e2a4' -> (Import Result ID: 'ef6571bfd2556a299e0cf5036c65cdec') in 0.008 seconds [static dependencies only]. Details - ImportResultOutputID=cacbf3b6edc778c89dbcf20999d70ac3 DependenciesID=548e3a9a26f0ff8faaf534a6142c5205 StaticDependenciesID=24012f448e624354c8a1753243262f7f 
Importing 'GUID: fa69697be3070b04a893666f5947f18c - Path: Packages/com.unity.render-pipelines.core/Runtime/Debugging/Runtime UI Resources/RuntimeDebugWindow_PanelSettings.asset' with importer (NativeFormatImporter)
Imported 'GUID: fa69697be3070b04a893666f5947f18c' -> (Import Result ID: '0c132c2becc0bf3ddb32c66268794bbf') in 0.003 seconds [static dependencies only]. Details - ImportResultOutputID=d050c045a9b44f79f97c95f472bee6ca DependenciesID=2ddd42e34c3484ed11825d0d2c6a968b StaticDependenciesID=e2fc2ef8ee5c0242b132a3e3bb464ebf 
Importing 'GUID: 4b83569d67af61e458304325a23e5dfd - Path: Assets/Settings/PC_RPAsset.asset' with importer (NativeFormatImporter)
Imported 'GUID: 4b83569d67af61e458304325a23e5dfd' -> (Import Result ID: '7b2329a7f609794c65677a80495ef66f') in 0.003 seconds [static dependencies only]. Details - ImportResultOutputID=eae66dc0e7a749d738136f6c7279b2f0 DependenciesID=b65cb1730435fa4b650dcf8739f32448 StaticDependenciesID=c35b92ad72b15998418d0743dd0a5ffd 
Importing 'GUID: ab09877e2e707104187f6f83e2f62510 - Path: Assets/Settings/DefaultVolumeProfile.asset' with importer (NativeFormatImporter)
Imported 'GUID: ab09877e2e707104187f6f83e2f62510' -> (Import Result ID: 'ceaa3d1afe526d1265dc972bf0e08da9') in 0.003 seconds [static dependencies only]. Details - ImportResultOutputID=95ddd45e397c958331e78c27f61bae0a DependenciesID=826853a63c96cb99193aafb09b4feac8 StaticDependenciesID=2fbfb9961256029b328d6f0eeda78c21 
Importing 'GUID: bbf92febd37eec24fa8da21f59ace918 - Path: Packages/com.unity.render-pipelines.universal/Editor/SceneTemplates/Standard/LightingData.asset' with importer (NativeFormatImporter)
Imported 'GUID: bbf92febd37eec24fa8da21f59ace918' -> (Import Result ID: '0204ca279ce43dad89a448031e9bdc22') in 0.003 seconds [static dependencies only]. Details - ImportResultOutputID=22c5e5fea9240a2f282f8e3b5073e491 DependenciesID=9cbb9f10386f16622718a2249b6eedc6 StaticDependenciesID=6870ea4fbd2ec9861e5c4191a1c91874 
Importing 'GUID: 0c718439afc500a47899efc9499bc9f5 - Path: Packages/com.unity.render-pipelines.core/Editor/Icons/Processed/Resources Icon.asset' with importer (NativeFormatImporter)
Imported 'GUID: 0c718439afc500a47899efc9499bc9f5' -> (Import Result ID: 'df908f437b32daa29826cea8b0a88b25') in 0.003 seconds [static dependencies only]. Details - ImportResultOutputID=3469ffbe30104af8db6b0af7054fb330 DependenciesID=2f8ce8e28560d237d184fb4d24d7c633 StaticDependenciesID=0fbae8673a5d4a67754806874bdadc2b 
Importing 'GUID: acb29b12f9f806e4086dd007d41e47e2 - Path: Packages/com.unity.render-pipelines.core/Editor/Icons/Processed/LocalVolumetricFog Icon.asset' with importer (NativeFormatImporter)
Imported 'GUID: acb29b12f9f806e4086dd007d41e47e2' -> (Import Result ID: '6d99115fd6ff7a66c04b6cd74afcdf31') in 0.008 seconds [static dependencies only]. Details - ImportResultOutputID=feaf5e3d850c8eb5fc64ca2fb3e139b2 DependenciesID=5407371ebbbb1991d350f466c205dc8a StaticDependenciesID=fdf746f09f977868d42f43c72d1cfaff 
Importing 'GUID: bd7eaf3bd49c39f4cb77bd809459aa72 - Path: Packages/com.unity.render-pipelines.core/Runtime/RenderPipelineResources/Default Lens Flare (SRP).asset' with importer (NativeFormatImporter)
Imported 'GUID: bd7eaf3bd49c39f4cb77bd809459aa72' -> (Import Result ID: 'ad87d92d46032f9e1fcb886e5ea1aaaf') in 0.020 seconds [static dependencies only]. Details - ImportResultOutputID=6307ddcbf7ce96a61faa786516aad262 DependenciesID=fdbc85c7fccf015bb6e1d9ac0df97124 StaticDependenciesID=d1c92b46bf5efa7569d0469c645e1498 
Importing 'GUID: eda47df5b85f4f249abf7abd73db2cb2 - Path: Packages/com.unity.render-pipelines.universal/Editor/Volume/DefaultVolumeProfile.asset' with importer (NativeFormatImporter)
Imported 'GUID: eda47df5b85f4f249abf7abd73db2cb2' -> (Import Result ID: 'b35620d543a4cede785aa7e81fd4b23e') in 0.003 seconds [static dependencies only]. Details - ImportResultOutputID=2520c46a277e7da4f6be12817c3bdf7d DependenciesID=08aa4b3503fe77f79fef1f7a8900ceb5 StaticDependenciesID=279c42987da0017642bad5bda415715b 
Importing 'GUID: 5e6cbd92db86f4b18aec3ed561671858 - Path: Assets/Settings/Mobile_RPAsset.asset' with importer (NativeFormatImporter)
Imported 'GUID: 5e6cbd92db86f4b18aec3ed561671858' -> (Import Result ID: '05956164aa69ea70e61f918fefd70f64') in 0.002 seconds [static dependencies only]. Details - ImportResultOutputID=87c79727be4dab5ed51d3da607f590f1 DependenciesID=7760f19432adfe3f4590f2d305bfcb30 StaticDependenciesID=6431e944941bae213673b2fcb2b897b2 
Importing 'GUID: de46f443cc7a01d4a86b2535f132a51d - Path: Packages/com.unity.render-pipelines.core/Editor/Icons/Processed/d_PassInspector Icon.asset' with importer (NativeFormatImporter)
Imported 'GUID: de46f443cc7a01d4a86b2535f132a51d' -> (Import Result ID: '88fa72739d34c9cc5a7678d2d6bf1ec6') in 0.003 seconds [static dependencies only]. Details - ImportResultOutputID=169518b0383ea789527e4e6302d2d886 DependenciesID=7568cdbc5b8919dc4533d19be7d6628c StaticDependenciesID=ff0ca5f6a3622ecdb5ad4a9d05e484a5 
Importing 'GUID: 5f91283c363fa3943844c7b87c3ce64d - Path: Packages/com.unity.render-pipelines.core/Editor/Icons/Processed/d_Resources Icon.asset' with importer (NativeFormatImporter)
Imported 'GUID: 5f91283c363fa3943844c7b87c3ce64d' -> (Import Result ID: '3ea7cce7a08191306418af820c1340aa') in 0.003 seconds [static dependencies only]. Details - ImportResultOutputID=c2c4ef35d103f55d3dd96377fc0b8d2e DependenciesID=1cb1b874e7e6df424bb9ba305db327dc StaticDependenciesID=09d1eacb7e75c5131f4d7fe6a2c5094b 
Importing 'GUID: 6f5f3e944558b294093fde8026e4d36e - Path: Packages/com.unity.render-pipelines.universal/Editor/SceneTemplates/Indoors/Indoors Baking Set.asset' with importer (NativeFormatImporter)
Imported 'GUID: 6f5f3e944558b294093fde8026e4d36e' -> (Import Result ID: 'a882b09690fa015764bcbb6c26c82d90') in 0.025 seconds [static dependencies only]. Details - ImportResultOutputID=aaa333cbc64b5df19f6939363c917373 DependenciesID=ac5c3350721e6a0ada6c8639ec42ce6f StaticDependenciesID=507226030605e266e22069b4c1a0592b 
Importing 'GUID: afa2d039a61b9a44ab0eb7f1c138af34 - Path: Packages/com.unity.render-pipelines.universal/Editor/SceneTemplates/Indoors/GlobalVolumeProfile.asset' with importer (NativeFormatImporter)
Imported 'GUID: afa2d039a61b9a44ab0eb7f1c138af34' -> (Import Result ID: 'acea046e4853f26e7e7c5ffef97fdc7a') in 0.003 seconds [static dependencies only]. Details - ImportResultOutputID=5e5fd5907105a7350ff766c868e36646 DependenciesID=580ab34272729a7239ae95609548ef02 StaticDependenciesID=c09c91fa45a863128a9999abf0dafabf 
Importing 'GUID: df6a6289992d3406cb4cad0c522e4adf - Path: Packages/com.unity.ai.navigation/EditorResources/d_NavigationWindowIcon.asset' with importer (NativeFormatImporter)
Imported 'GUID: df6a6289992d3406cb4cad0c522e4adf' -> (Import Result ID: 'c3b6ba6015eb43de2c12ce372c4bd096') in 0.002 seconds [static dependencies only]. Details - ImportResultOutputID=adbb03b7e2eb545a4b6f464efb2f6a5e DependenciesID=e2a94f8ec774e4a4f4334c9a5492d696 StaticDependenciesID=c39c6eb9e8f42bcb07e796fbe21a1d7a 
Importing 'GUID: 20456a2cc8a214f9d9846725cff9fea4 - Path: Packages/com.unity.render-pipelines.core/CHANGELOG.md' with importer (TextScriptImporter)
Imported 'GUID: 20456a2cc8a214f9d9846725cff9fea4' -> (Import Result ID: 'e1d7cb5a20460b2f50f2b562ec480631') in 0.003 seconds [static dependencies only]. Details - ImportResultOutputID=541e4683e56235e6116c66449d63acf2 DependenciesID=e23c7af0532779f43ab4a4d570ed0a93 StaticDependenciesID=9de7d9e44c3b942d56302add71b1d9a0 
Importing 'GUID: 30648b8d550465f4bb77f1e1afd0b37d - Path: Packages/com.unity.render-pipelines.universal/package.json' with importer (PackageManifestImporter)
Imported 'GUID: 30648b8d550465f4bb77f1e1afd0b37d' -> (Import Result ID: '3cf038b72266b802b0591166e3c534e9') in 0.003 seconds [static dependencies only]. Details - ImportResultOutputID=12f50a5825456cd61d99974e7160092f DependenciesID=4cb625a40f2f62a213d26ba9dedb2828 StaticDependenciesID=316141331773e7213e0ab096d1da9581 
Importing 'GUID: 80beef77cb19e713c7c2d481b65ed485 - Path: Packages/com.unity.modules.screencapture/package.json' with importer (PackageManifestImporter)
Imported 'GUID: 80beef77cb19e713c7c2d481b65ed485' -> (Import Result ID: '43371bca79999413678980d6fc470d9b') in 0.002 seconds [static dependencies only]. Details - ImportResultOutputID=b4ffc84b5928a9d8fa48bb1ab9ca0965 DependenciesID=c066d8070b2f6fb0d766951c3eb71b2b StaticDependenciesID=39cc6ec39bb1615df8637c27727a4672 
Importing 'GUID: 906c12bc9cd95d3963c6d58f62522c78 - Path: Packages/com.unity.modules.cloth/package.json' with importer (PackageManifestImporter)
Imported 'GUID: 906c12bc9cd95d3963c6d58f62522c78' -> (Import Result ID: '20459150db32dbf40baebe3351f8536a') in 0.002 seconds [static dependencies only]. Details - ImportResultOutputID=40599719a159f2424dc6caf7e57b374b DependenciesID=fa4d36e58cf5cfff9338af3c71e3bcd4 StaticDependenciesID=0cc8c8dd8d90fcd1bb3a740f254ee7cb 
Importing 'GUID: b030b7e8a4c531241b496403efc884ab - Path: Packages/com.unity.test-framework.performance/package.json' with importer (PackageManifestImporter)
Imported 'GUID: b030b7e8a4c531241b496403efc884ab' -> (Import Result ID: '3f4a0dac29d37d7fbcaa6ca05531db94') in 0.002 seconds [static dependencies only]. Details - ImportResultOutputID=cb517945642fb38a75e40a905ddcd413 DependenciesID=dce0854a854a79d5fe77283cd17a5a07 StaticDependenciesID=1e2f9e6c4bbb1f76ee30cbefdab29e96 
Importing 'GUID: d0e3ad91972c66f5238f5b9b7d5ae58a - Path: Packages/com.unity.modules.unitywebrequesttexture/package.json' with importer (PackageManifestImporter)
Imported 'GUID: d0e3ad91972c66f5238f5b9b7d5ae58a' -> (Import Result ID: '29c257d3f95ab1385a113e0721079503') in 0.002 seconds [static dependencies only]. Details - ImportResultOutputID=f9819a2814b9d346b95c32cadc86b95f DependenciesID=519cc091285c3f57de53fce00a91dff1 StaticDependenciesID=de4675f32f28c25d668fe6a485729132 
Importing 'GUID: 319b8889f363f5947acf209c17a94149 - Path: Packages/com.unity.ugui/package.json' with importer (PackageManifestImporter)
Imported 'GUID: 319b8889f363f5947acf209c17a94149' -> (Import Result ID: '77ae52e5156d0d73d343ef254b314152') in 0.002 seconds [static dependencies only]. Details - ImportResultOutputID=f4e4edd5064a2f0de1703280dae20fa5 DependenciesID=9c070c7b04e7d2aef0d81b6e319d1069 StaticDependenciesID=b3d399341a006ae164ac2d8136e4e8ba 
Importing 'GUID: 8143d3a8390f2c64685e3bc272bd9e90 - Path: Packages/com.unity.ext.nunit/package.json' with importer (PackageManifestImporter)
Imported 'GUID: 8143d3a8390f2c64685e3bc272bd9e90' -> (Import Result ID: '348e755bcd88ed4be531481a0e37aaa3') in 0.002 seconds [static dependencies only]. Details - ImportResultOutputID=47b4f14681140d9bb1e09b9c9db18de3 DependenciesID=2695f3a8acff006aa04eff3e4dc77303 StaticDependenciesID=cf644d6770398a85ed11d59f3fc82bcf 
Importing 'GUID: b13c5df96839b924b85df50f9659b9e4 - Path: Packages/com.unity.render-pipelines.universal-config/package.json' with importer (PackageManifestImporter)
Imported 'GUID: b13c5df96839b924b85df50f9659b9e4' -> (Import Result ID: '52c7c2d02074d58fe2f9746edea062e1') in 0.002 seconds [static dependencies only]. Details - ImportResultOutputID=19f0e4a805ba6198796b39467fe2c898 DependenciesID=9597a395e24c9b9aa0dadfc22ba81ad4 StaticDependenciesID=c1f787efc764989af82ee0a60383fc7a 
Importing 'GUID: d171e58a276f671498761bef2a559e96 - Path: Packages/com.unity.profiling.core/CHANGELOG.md' with importer (TextScriptImporter)
Imported 'GUID: d171e58a276f671498761bef2a559e96' -> (Import Result ID: 'fdb573de82f20f8ac56ae02e91dc2298') in 0.002 seconds [static dependencies only]. Details - ImportResultOutputID=1e126c7b2a70ef120a50ff23b3b87636 DependenciesID=3d366bc3e24b840d53b13c962c66e9e7 StaticDependenciesID=69e139b7c0c12b4aff9b8039d5280036 
Importing 'GUID: d19f4f8a13b6edb48b986a47ec96402e - Path: Packages/com.unity.render-pipelines.core/Runtime/PathTracing/Shaders/LightmapShadowMaskIntegration.urtshader' with importer (ScriptedImporter : Unity.Rendering.LightTransport.Editor:UnityEditor.Rendering.UnifiedRayTracing:UnifiedRTShaderImporter)

Compiling Ray Tracing Shader "LightmapShadowMaskIntegration.urtshader", keywords = <no keywords>
    finished in 1.05 seconds. Local cache hits 0, remote cache hits 0, compiled 1 platform variants
Imported 'GUID: d19f4f8a13b6edb48b986a47ec96402e' -> (Import Result ID: 'fe33043c6bfd9c75bb4a3035fe73222d') in 1.110 seconds [static and dynamic dependencies]. Details - ImportResultOutputID=89edee6232d5875e05a1590679c0386a DependenciesID=4c94fea06d8b5f6183a77f8c82a2392a StaticDependenciesID=9fd4e9b2e1ad89e7cbffc601eff4d03f 
Importing 'GUID: e1ef8466c8fd01a549f10baa4d51fa17 - Path: Packages/com.unity.modules.assetbundle/package.json' with importer (PackageManifestImporter)
Imported 'GUID: e1ef8466c8fd01a549f10baa4d51fa17' -> (Import Result ID: '748132f011a260c8df556b8cee535e4c') in 0.002 seconds [static dependencies only]. Details - ImportResultOutputID=cfe9da6d42ce96a22193f1d8b2af86ad DependenciesID=16c55702c0aaaab1de43bc36cec08d92 StaticDependenciesID=7a1bc9322701c6205e280c430adfb524 
Importing 'GUID: 92a378669877c05c6071d0fed687bb95 - Path: Packages/com.unity.modules.tilemap/package.json' with importer (PackageManifestImporter)
Imported 'GUID: 92a378669877c05c6071d0fed687bb95' -> (Import Result ID: '08175b43d19d068c3d070bec5e4db444') in 0.002 seconds [static dependencies only]. Details - ImportResultOutputID=23dd1249d007cf65d61b546a4fe02828 DependenciesID=d50bdc650850cd95506663c9d7227b68 StaticDependenciesID=7ba57acf13f14af7fe4f557b15547504 
Importing 'GUID: 13a9c1b4df2e489e8eb9cacca7429596 - Path: Packages/com.unity.timeline/package.json' with importer (PackageManifestImporter)
Imported 'GUID: 13a9c1b4df2e489e8eb9cacca7429596' -> (Import Result ID: 'e2ad33d171ff4197333b2d3c271f73a5') in 0.002 seconds [static dependencies only]. Details - ImportResultOutputID=a50c2276a0cbdcb7ffea3804c0caa82c DependenciesID=ef499da3e6079e72fc8a72577fbac27b StaticDependenciesID=8110e92ea97d79faacf20e8b4819bb1c 
Importing 'GUID: 737a1597422c12547a8714d76a9406ec - Path: Packages/com.unity.render-pipelines.core/Runtime/PathTracing/Shaders/LightmapGBufferDebug.urtshader' with importer (ScriptedImporter : Unity.Rendering.LightTransport.Editor:UnityEditor.Rendering.UnifiedRayTracing:UnifiedRTShaderImporter)

Compiling Ray Tracing Shader "LightmapGBufferDebug.urtshader", keywords = <no keywords>
    finished in 0.34 seconds. Local cache hits 0, remote cache hits 0, compiled 1 platform variants
Imported 'GUID: 737a1597422c12547a8714d76a9406ec' -> (Import Result ID: '06ed5012f7dd10af3583d22e38be5780') in 0.369 seconds [static and dynamic dependencies]. Details - ImportResultOutputID=faa3d113783f2eee2cf3559f64552a84 DependenciesID=33e41968ca6fd829a26b044723672f7f StaticDependenciesID=b513b01e29d0aa4d28825e4d4fb57fb4 
Importing 'GUID: 939b89fc6b924ea2e821fc1be1b09f56 - Path: Packages/com.unity.modules.tetgen/package.json' with importer (PackageManifestImporter)
Imported 'GUID: 939b89fc6b924ea2e821fc1be1b09f56' -> (Import Result ID: '11768157ac485b2639961b8822c46966') in 0.002 seconds [static dependencies only]. Details - ImportResultOutputID=29fa5e06454fd7d4a3de4ebaad1b9fb3 DependenciesID=c1b4948256745152fc2049e828600095 StaticDependenciesID=85fe6b83da180efd3b8a71f4f73ea1d2 
Importing 'GUID: d3cbe921f7b3d9a3257e7c61a5761796 - Path: Packages/com.unity.modules.terrainphysics/package.json' with importer (PackageManifestImporter)
Imported 'GUID: d3cbe921f7b3d9a3257e7c61a5761796' -> (Import Result ID: 'c6962603b20062c5a3d8cbe46638f06b') in 0.001 seconds [static dependencies only]. Details - ImportResultOutputID=dd1e3adb7083a3027e8e76a0f466a653 DependenciesID=6517e97cccb0ebb2f51518d264d97ccd StaticDependenciesID=89337a2390f409565d8be9f960167083 
Importing 'GUID: f32463968f29423cad25aee15a14b9f1 - Path: Packages/com.unity.render-pipelines.core/Runtime/Lighting/SurfaceCache/PunctualLightSampling.urtshader' with importer (ScriptedImporter : Unity.Rendering.LightTransport.Editor:UnityEditor.Rendering.UnifiedRayTracing:UnifiedRTShaderImporter)

Compiling Ray Tracing Shader "PunctualLightSampling.urtshader", keywords = <no keywords>
    finished in 0.31 seconds. Local cache hits 0, remote cache hits 0, compiled 1 platform variants
Imported 'GUID: f32463968f29423cad25aee15a14b9f1' -> (Import Result ID: 'ed553375bce72e645a5653e6672b5ac4') in 0.339 seconds [static and dynamic dependencies]. Details - ImportResultOutputID=91ae791750af1998cd0451bf1ce007ad DependenciesID=fcf6a9a85fd11d69afa57f9b003aa836 StaticDependenciesID=b63d74c4e924df89cb98a36e44fc1845 
Importing 'GUID: 1451d029813b192429211be28181beab - Path: Packages/com.unity.render-pipelines.core/Runtime/PathTracing/Shaders/LightmapNormalIntegration.urtshader' with importer (ScriptedImporter : Unity.Rendering.LightTransport.Editor:UnityEditor.Rendering.UnifiedRayTracing:UnifiedRTShaderImporter)

Compiling Ray Tracing Shader "LightmapNormalIntegration.urtshader", keywords = <no keywords>
    finished in 0.32 seconds. Local cache hits 0, remote cache hits 0, compiled 1 platform variants
Imported 'GUID: 1451d029813b192429211be28181beab' -> (Import Result ID: 'dd05c7650bcd462dc437b146b91ab03b') in 0.347 seconds [static and dynamic dependencies]. Details - ImportResultOutputID=5a2c1cb2f39566d53d1408cb2ec7aa48 DependenciesID=1a34bea025bcef73e7862ed1481fd519 StaticDependenciesID=5afd8eadeec03e368f74c3a5603c453d 
Importing 'GUID: 94a070d33e408384bafc1dea4a565df9 - Path: Packages/com.unity.render-pipelines.core/Editor/Lighting/ProbeVolume/RenderingLayerMask/TraceRenderingLayerMask.urtshader' with importer (ScriptedImporter : Unity.Rendering.LightTransport.Editor:UnityEditor.Rendering.UnifiedRayTracing:UnifiedRTShaderImporter)

Compiling Ray Tracing Shader "TraceRenderingLayerMask.urtshader", keywords = <no keywords>
    finished in 0.18 seconds. Local cache hits 0, remote cache hits 0, compiled 1 platform variants
Imported 'GUID: 94a070d33e408384bafc1dea4a565df9' -> (Import Result ID: '13f5ddba656a6a3cf427e0455a466023') in 0.201 seconds [static and dynamic dependencies]. Details - ImportResultOutputID=2e5beea4f04e0b8272e9434af0dd9836 DependenciesID=09b6f6acc48c5ef6c7c7a90adbace7b2 StaticDependenciesID=25a592d065c9c4788553066128367c57 
Importing 'GUID: 94a39d12848d8d64ca962a72b74e7c50 - Path: Packages/com.unity.render-pipelines.core/Runtime/Lighting/SurfaceCache/Estimation.urtshader' with importer (ScriptedImporter : Unity.Rendering.LightTransport.Editor:UnityEditor.Rendering.UnifiedRayTracing:UnifiedRTShaderImporter)

Compiling Ray Tracing Shader "Estimation.urtshader", keywords = <no keywords>
    finished in 0.33 seconds. Local cache hits 0, remote cache hits 0, compiled 1 platform variants
Imported 'GUID: 94a39d12848d8d64ca962a72b74e7c50' -> (Import Result ID: '290bd6b7022753b79bfd0e9ae53d6a3a') in 0.350 seconds [static and dynamic dependencies]. Details - ImportResultOutputID=36b4d020fc4c1a2b1992512c2712611d DependenciesID=9c4dea406dcdff8b43073090ecbf43e0 StaticDependenciesID=ffb0a11028fb7b99287455d15347e1d8 
Importing 'GUID: f49bbe06ffa5ae24abe32abdab430c24 - Path: Packages/com.unity.ext.nunit/CHANGELOG.md' with importer (TextScriptImporter)
Imported 'GUID: f49bbe06ffa5ae24abe32abdab430c24' -> (Import Result ID: 'cd4dff66c699a226bf55f5e7c0a1f4b0') in 0.002 seconds [static dependencies only]. Details - ImportResultOutputID=01168eb68a0f3be6f532fd87433b1d0d DependenciesID=410372227720ae096651114bf4c0a19e StaticDependenciesID=afa1787e8d8c28cb672470fcab17a9b6 
Importing 'GUID: 05f7f519769978b79b31d063a7fc6fa1 - Path: Packages/com.unity.modules.unitywebrequestassetbundle/package.json' with importer (PackageManifestImporter)
Imported 'GUID: 05f7f519769978b79b31d063a7fc6fa1' -> (Import Result ID: '4e7f058c964e1e63e1c953b992af019b') in 0.002 seconds [static dependencies only]. Details - ImportResultOutputID=bc2c97e74faeca88ac7413fb1ab6bdad DependenciesID=4922d3f5480f1c735012b971dc672e06 StaticDependenciesID=d86e0c2d1b53ce6b8f92e493f4765894 
Importing 'GUID: 753d1ac2429a21a44ac5f937cbbb409f - Path: Packages/com.unity.render-pipelines.core/package.json' with importer (PackageManifestImporter)
Imported 'GUID: 753d1ac2429a21a44ac5f937cbbb409f' -> (Import Result ID: '4751fee86d4b25a2520c6e19ccd4ec27') in 0.002 seconds [static dependencies only]. Details - ImportResultOutputID=78912479289f2863c5e3a4bc9cd08f3f DependenciesID=ac167b5169ded5429a67d196cecf3b25 StaticDependenciesID=abe9dc61c4fffd1207b4a107b89f1c8a 
Importing 'GUID: a5d815866ec304e56b03ec5cfc5f8b0a - Path: Packages/com.unity.collections/CHANGELOG.md' with importer (TextScriptImporter)
Imported 'GUID: a5d815866ec304e56b03ec5cfc5f8b0a' -> (Import Result ID: 'e5bef267f4140b6b9a1767ab67490ab7') in 0.002 seconds [static dependencies only]. Details - ImportResultOutputID=f6ff9d3b999d7f412af986a234c0d6be DependenciesID=345ca4a40d356087d69ecf8ca391e5a1 StaticDependenciesID=ae2894dd30f79292f15307fc17ec42c9 
Importing 'GUID: d5ac453c34e359d439de9d724772ed3d - Path: Packages/com.unity.shadergraph/package.json' with importer (PackageManifestImporter)
Imported 'GUID: d5ac453c34e359d439de9d724772ed3d' -> (Import Result ID: '88250c0fa62248b816671e5cc15c5ac4') in 0.002 seconds [static dependencies only]. Details - ImportResultOutputID=752c4866bb7d0c7fb394e591164ef98d DependenciesID=260b97035b0d1f1296e8d3a012af905f StaticDependenciesID=d0178fc1d832d43e2a43722cfcf77206 
Importing 'GUID: f5ba4d424d4566249b3d94cf81a3e916 - Path: Packages/com.unity.render-pipelines.core/Runtime/PathTracing/Shaders/LightmapDirectDirectionalAndEnvironmentIntegration.urtshader' with importer (ScriptedImporter : Unity.Rendering.LightTransport.Editor:UnityEditor.Rendering.UnifiedRayTracing:UnifiedRTShaderImporter)

Compiling Ray Tracing Shader "LightmapDirectDirectionalAndEnvironmentIntegration.urtshader", keywords = <no keywords>
    finished in 0.63 seconds. Local cache hits 0, remote cache hits 0, compiled 1 platform variants
Imported 'GUID: f5ba4d424d4566249b3d94cf81a3e916' -> (Import Result ID: '42d7df1cad2f44be2df5a00b652b0d86') in 0.656 seconds [static and dynamic dependencies]. Details - ImportResultOutputID=691e4e7f2513a5af6101ad01b9cf6845 DependenciesID=32e00c092ec1ee32e4f4dddd515e8db9 StaticDependenciesID=d4bdfd2147f181839dcd88d16b4cc45b 
Importing 'GUID: 16b5d2a7d862f49ffb9453600e8ee776 - Path: Packages/com.unity.render-pipelines.universal/CHANGELOG.md' with importer (TextScriptImporter)
Imported 'GUID: 16b5d2a7d862f49ffb9453600e8ee776' -> (Import Result ID: '1df55697eabd4869eea4874a5d0a2ce3') in 0.003 seconds [static dependencies only]. Details - ImportResultOutputID=8b24809bd3a9e262cef0ee7a4fc723ae DependenciesID=354a45e2d3c4283131abfd6a403df19a StaticDependenciesID=4f32f8b266d8816ae83af0c7adc223da 
Importing 'GUID: 26a4f29db434fd79025c91f6126382cc - Path: Packages/com.unity.modules.unityanalytics/package.json' with importer (PackageManifestImporter)
Imported 'GUID: 26a4f29db434fd79025c91f6126382cc' -> (Import Result ID: '1f638ec50865121ee10f404e14c75ab5') in 0.001 seconds [static dependencies only]. Details - ImportResultOutputID=d24cdca416056c3767c03f6739fd11b9 DependenciesID=8bdea4c5466816daf6e8103cf30828da StaticDependenciesID=4ebdb3799ab953706fae87a220b5817b 
Importing 'GUID: 7624adbeb148b5c48ab5ab660cc2602a - Path: Packages/com.unity.render-pipelines.core/Runtime/PathTracing/Shaders/LightmapIndirectIntegration.urtshader' with importer (ScriptedImporter : Unity.Rendering.LightTransport.Editor:UnityEditor.Rendering.UnifiedRayTracing:UnifiedRTShaderImporter)

Compiling Ray Tracing Shader "LightmapIndirectIntegration.urtshader", keywords = <no keywords>
    finished in 1.77 seconds. Local cache hits 0, remote cache hits 0, compiled 1 platform variants
Imported 'GUID: 7624adbeb148b5c48ab5ab660cc2602a' -> (Import Result ID: '6878d336f43ac6809cc8af81fb92add0') in 1.804 seconds [static and dynamic dependencies]. Details - ImportResultOutputID=a6b89960c67937ea8e54cc7c793c366f DependenciesID=d1b7a16d16e64424544d1c53ec903ca8 StaticDependenciesID=637eaa30376abb268136eb146f59c034 
Importing 'GUID: 96d14b71b907bb52333b2886e665aba6 - Path: Packages/com.unity.modules.video/package.json' with importer (PackageManifestImporter)
Imported 'GUID: 96d14b71b907bb52333b2886e665aba6' -> (Import Result ID: '6b4f50a4e00b550b15fbd8f3ac5e84b5') in 0.002 seconds [static dependencies only]. Details - ImportResultOutputID=0a5bae1cac69280d6b37914850384cc6 DependenciesID=77125f870918faa373ab6ef5167113de StaticDependenciesID=68f521bd5c1f61d426b3051a918c6b9e 
Importing 'GUID: d652dd37e32b64cc9b4e36a1e7ddf1b8 - Path: Packages/com.unity.shadergraph/CHANGELOG.md' with importer (TextScriptImporter)
Imported 'GUID: d652dd37e32b64cc9b4e36a1e7ddf1b8' -> (Import Result ID: '1f9fab4d884c48f5cd97917b5c79c61b') in 0.003 seconds [static dependencies only]. Details - ImportResultOutputID=01c4878215b39b22a32eb6e4ea569743 DependenciesID=0ba509dd3a10ca16b0470ddc5a01529e StaticDependenciesID=ef1888fe0c53c1ee142c7fc078acc47f 
Importing 'GUID: d6a2e6e4803de7b43baacdc355fc144d - Path: Packages/com.unity.test-framework/package.json' with importer (PackageManifestImporter)
Imported 'GUID: d6a2e6e4803de7b43baacdc355fc144d' -> (Import Result ID: '4b899eafef6618b34266f7fa52222bf0') in 0.002 seconds [static dependencies only]. Details - ImportResultOutputID=8016505d6f82683b7a680276e2efcb9a DependenciesID=0ec88bb72c4f9ee5507e3a35aa7adfc4 StaticDependenciesID=40dee2580fdace20e4fd62895bc53e8f 
Importing 'GUID: f7a8357347c80dc69c08d0b1a05e2122 - Path: Packages/com.unity.modules.physics2d/package.json' with importer (PackageManifestImporter)
Imported 'GUID: f7a8357347c80dc69c08d0b1a05e2122' -> (Import Result ID: '8e18bbb66b2b3d8f7842ee3a260e5e45') in 0.002 seconds [static dependencies only]. Details - ImportResultOutputID=ffdd5cf71990097dc8e67f888e336b27 DependenciesID=68187d32eb6aebb86cb290844636b6d9 StaticDependenciesID=f56b4961831f9b23bfaa0e5ff6985f7e 
Importing 'GUID: 78e5667e52329c3ceef41288763404ae - Path: Packages/com.unity.modules.vectorgraphics/package.json' with importer (PackageManifestImporter)
Imported 'GUID: 78e5667e52329c3ceef41288763404ae' -> (Import Result ID: '09f01d89e95ac1113032cda9f5947657') in 0.002 seconds [static dependencies only]. Details - ImportResultOutputID=ef5e6b3fee8048647d8f25b6cde53588 DependenciesID=cc5ecf416d7daecaadaacc0456f35c38 StaticDependenciesID=084b183a4b093193949ce92dec6e1dc4 
Importing 'GUID: b83f06ac0c0696e9563230865ca72b81 - Path: Packages/com.unity.modules.wind/package.json' with importer (PackageManifestImporter)
Imported 'GUID: b83f06ac0c0696e9563230865ca72b81' -> (Import Result ID: '9dc79958c73e3a55e2560d2ec74ff90d') in 0.002 seconds [static dependencies only]. Details - ImportResultOutputID=86a5be3d0a8a6444c0847994148a04c5 DependenciesID=95d8fc5d2bbd997a55ecfbddefb96c80 StaticDependenciesID=66cc94a4346663330b5c6298f2e148dc 
Importing 'GUID: c851bee4305bddf438cc6ffc515991ce - Path: Packages/com.unity.ugui/CHANGELOG.md' with importer (TextScriptImporter)
Imported 'GUID: c851bee4305bddf438cc6ffc515991ce' -> (Import Result ID: 'b0f4910143214d7dc89992691656f7a5') in 0.002 seconds [static dependencies only]. Details - ImportResultOutputID=a7c7b2990cc4ec1ab5d0e510fec64719 DependenciesID=6577a9e085043ea893c67011f976265e StaticDependenciesID=f3cfee9ea1a7bf6d47f50b6a42604bf6 
Importing 'GUID: d85e5eeaf8f135aeaaebdc8aa3cff6c3 - Path: Packages/com.unity.modules.umbra/package.json' with importer (PackageManifestImporter)
Imported 'GUID: d85e5eeaf8f135aeaaebdc8aa3cff6c3' -> (Import Result ID: 'ee2615399b279152b0335e685f9e4f21') in 0.002 seconds [static dependencies only]. Details - ImportResultOutputID=6667220eaf37b9411d76bda967a29351 DependenciesID=bb715ffc975102cf4a247ccc967a7412 StaticDependenciesID=eb37a685219cb5aef5fbd5df60eae697 
Importing 'GUID: 5951703b3d165764c95c653e98350884 - Path: Packages/com.unity.render-pipelines.core/Runtime/PathTracing/Shaders/LightmapDirectBRDFIntegration.urtshader' with importer (ScriptedImporter : Unity.Rendering.LightTransport.Editor:UnityEditor.Rendering.UnifiedRayTracing:UnifiedRTShaderImporter)

Compiling Ray Tracing Shader "LightmapDirectBRDFIntegration.urtshader", keywords = <no keywords>
    finished in 0.48 seconds. Local cache hits 0, remote cache hits 0, compiled 1 platform variants
Imported 'GUID: 5951703b3d165764c95c653e98350884' -> (Import Result ID: '0176119bc59c25e17ed7ec4e456b0703') in 0.513 seconds [static and dynamic dependencies]. Details - ImportResultOutputID=545477c44197fa70b1298755fc52206f DependenciesID=c3a5c12c5bff4eeaa22ccbdd099689d7 StaticDependenciesID=059ad849da4bff5dcc29e3cff7813344 
Importing 'GUID: 99ac6221b6ecd7b479be13e8b9866300 - Path: Packages/com.unity.render-pipelines.core/Tests/Editor/PathTracing/Shaders/TerrainRayMarchingTest.urtshader' with importer (ScriptedImporter : Unity.Rendering.LightTransport.Editor:UnityEditor.Rendering.UnifiedRayTracing:UnifiedRTShaderImporter)

Compiling Ray Tracing Shader "TerrainRayMarchingTest.urtshader", keywords = <no keywords>
    finished in 0.21 seconds. Local cache hits 0, remote cache hits 0, compiled 1 platform variants
Imported 'GUID: 99ac6221b6ecd7b479be13e8b9866300' -> (Import Result ID: 'b83d0803fe6d33a4814be2831bf2dad1') in 0.226 seconds [static and dynamic dependencies]. Details - ImportResultOutputID=e6255e1a732e902591b9d2c4ccdcb710 DependenciesID=d46cce4ead5dd1e6ef0dc799faf6607c StaticDependenciesID=dc53200b7c0c8c0e6f9de4f99348b559 
Importing 'GUID: e9f4de6d1e07fb94f9a60d35b618f724 - Path: Packages/com.unity.render-pipelines.core/Runtime/PathTracing/Shaders/LightmapGBufferIntegration.urtshader' with importer (ScriptedImporter : Unity.Rendering.LightTransport.Editor:UnityEditor.Rendering.UnifiedRayTracing:UnifiedRTShaderImporter)

Compiling Ray Tracing Shader "LightmapGBufferIntegration.urtshader", keywords = <no keywords>
    finished in 0.19 seconds. Local cache hits 0, remote cache hits 0, compiled 1 platform variants
Imported 'GUID: e9f4de6d1e07fb94f9a60d35b618f724' -> (Import Result ID: '1949ff0ac71a1ced6216d9a4a82ccc96') in 0.212 seconds [static and dynamic dependencies]. Details - ImportResultOutputID=f6ee37396277d3b3b15757af4be165d6 DependenciesID=9466c9eeb0ac62af1d101e47ad22f423 StaticDependenciesID=3c625e26646b7228663e0de2b2c1d69b 
Importing 'GUID: 3afe581e949e3cc489c978bd8e000c4b - Path: Packages/com.unity.render-pipelines.universal/ValidationExceptions.json' with importer (TextScriptImporter)
Imported 'GUID: 3afe581e949e3cc489c978bd8e000c4b' -> (Import Result ID: '7aa16e462ac5d0629cd739ef5e2d7cf0') in 0.002 seconds [static dependencies only]. Details - ImportResultOutputID=12a1b967e0458b6dfc43b5133ab0f3cb DependenciesID=6dcec39ada6b487080aa9a15e3c02d1f StaticDependenciesID=4cd66f5b7597bff0ea7fbb7ef0500e48 
Importing 'GUID: 4a0757ee0236f39489520769ae710288 - Path: Packages/com.unity.timeline/CHANGELOG.md' with importer (TextScriptImporter)
Imported 'GUID: 4a0757ee0236f39489520769ae710288' -> (Import Result ID: '7c8d2fb2c2b8dcb3178720f6205c06e1') in 0.002 seconds [static dependencies only]. Details - ImportResultOutputID=357934bb99816b65128671d0cdabaf0b DependenciesID=61759e27e43e41b6cf56e5f393cce630 StaticDependenciesID=c265a055b2c1a95614577860364dacf6 
Importing 'GUID: 5a2a534753fbdb44e96c3c78b5a6999d - Path: Packages/com.unity.render-pipelines.core/Editor/Lighting/ProbeVolume/DynamicGI/DynamicGISkyOcclusion.urtshader' with importer (ScriptedImporter : Unity.Rendering.LightTransport.Editor:UnityEditor.Rendering.UnifiedRayTracing:UnifiedRTShaderImporter)

Compiling Ray Tracing Shader "DynamicGISkyOcclusion.urtshader", keywords = <no keywords>
    finished in 0.26 seconds. Local cache hits 0, remote cache hits 0, compiled 1 platform variants
Imported 'GUID: 5a2a534753fbdb44e96c3c78b5a6999d' -> (Import Result ID: 'cce50cc141381dfab38813fa3dd7a584') in 0.289 seconds [static and dynamic dependencies]. Details - ImportResultOutputID=f6e09c12f9931b1e58feed01b20c6070 DependenciesID=ecdc81cecc7f9d46a0a9655889a9e1a4 StaticDependenciesID=72ee5fda06862b709c15f6cbb7db6f05 
Importing 'GUID: 6afb166a156df2d20433d981f4bb2832 - Path: Packages/com.unity.modules.vehicles/package.json' with importer (PackageManifestImporter)
Imported 'GUID: 6afb166a156df2d20433d981f4bb2832' -> (Import Result ID: '8b13c179e857afa8bd8b8fea88399ef0') in 0.002 seconds [static dependencies only]. Details - ImportResultOutputID=913c781524e2f88f1f61dedb313e4c06 DependenciesID=76d2c74133d94ef22145f285a1490df1 StaticDependenciesID=0ea68813f79d4edf8309ce9abbe27516 
Importing 'GUID: fa27413e9edb06a6058d6c894eca0338 - Path: Packages/com.unity.modules.unitywebrequestwww/package.json' with importer (PackageManifestImporter)
Imported 'GUID: fa27413e9edb06a6058d6c894eca0338' -> (Import Result ID: '9a74feef4dcfee670a5eb21bda97016d') in 0.002 seconds [static dependencies only]. Details - ImportResultOutputID=5205eed9bc215ff67b1f0174ef8ee9e2 DependenciesID=5bcd3dbd358387d2ec18d64b6a8aac49 StaticDependenciesID=63a1a8073e35af2c81c07d08e1454c22 
Importing 'GUID: 4b518b37798c97b0f860962cbf615533 - Path: Packages/com.unity.modules.unitywebrequestaudio/package.json' with importer (PackageManifestImporter)
Imported 'GUID: 4b518b37798c97b0f860962cbf615533' -> (Import Result ID: 'e725fec144678b00eb2da485abf6a653') in 0.002 seconds [static dependencies only]. Details - ImportResultOutputID=3ac3d29a7b2daa2a646425d6f9137196 DependenciesID=2e46841df581e962aa2293fc9a833445 StaticDependenciesID=593560aa1b7a7af813f7b98c268e79f8 
Importing 'GUID: 5bbebdef5916845478fcef13fa10d89f - Path: Packages/com.unity.render-pipelines.core/Runtime/PathTracing/Shaders/LightmapDirectStochasticLightIntegration.urtshader' with importer (ScriptedImporter : Unity.Rendering.LightTransport.Editor:UnityEditor.Rendering.UnifiedRayTracing:UnifiedRTShaderImporter)

Compiling Ray Tracing Shader "LightmapDirectStochasticLightIntegration.urtshader", keywords = <no keywords>
    finished in 0.63 seconds. Local cache hits 0, remote cache hits 0, compiled 1 platform variants
Imported 'GUID: 5bbebdef5916845478fcef13fa10d89f' -> (Import Result ID: '01e14374236d465014bc8c4da7613cb7') in 0.662 seconds [static and dynamic dependencies]. Details - ImportResultOutputID=2ac34a23da2bca6b950d36f53bcfb3d6 DependenciesID=0f6124b47b62873f6dac4dcb3b62c581 StaticDependenciesID=471ca71b6b19c4611a46691a7356c8a6 
Importing 'GUID: 1c410815c01ce1d4d82c645c0cd45747 - Path: Packages/com.unity.render-pipelines.core/Runtime/PathTracing/Shaders/LightmapAOIntegration.urtshader' with importer (ScriptedImporter : Unity.Rendering.LightTransport.Editor:UnityEditor.Rendering.UnifiedRayTracing:UnifiedRTShaderImporter)

Compiling Ray Tracing Shader "LightmapAOIntegration.urtshader", keywords = <no keywords>
    finished in 0.39 seconds. Local cache hits 0, remote cache hits 0, compiled 1 platform variants
Imported 'GUID: 1c410815c01ce1d4d82c645c0cd45747' -> (Import Result ID: '9ce2a5a15894cae8c7c67d1aa70b5e33') in 0.415 seconds [static and dynamic dependencies]. Details - ImportResultOutputID=d583a7d287d0b6e4dff4e116226550c6 DependenciesID=dcbc4ad7f60f252439614191356c5bbf StaticDependenciesID=219d1b7269d01f2442d424f53e04d073 
Importing 'GUID: 2c814623cb42764d304be0c5ddd03ceb - Path: Packages/com.unity.modules.xr/package.json' with importer (PackageManifestImporter)
Imported 'GUID: 2c814623cb42764d304be0c5ddd03ceb' -> (Import Result ID: '3da53f8cacc6be07556e579b152a3075') in 0.002 seconds [static dependencies only]. Details - ImportResultOutputID=1262664d19c2258369288d30beb2cdb6 DependenciesID=57697ae4248f807eca533f4fde7c490c StaticDependenciesID=50443b01181fb4ffad09dd60cbe10d44 
Importing 'GUID: 2c32233d92a2d0745930664c087c5c9a - Path: Packages/com.unity.render-pipelines.core/Runtime/PathTracing/Shaders/ProbeIntegrationValidity.urtshader' with importer (ScriptedImporter : Unity.Rendering.LightTransport.Editor:UnityEditor.Rendering.UnifiedRayTracing:UnifiedRTShaderImporter)

Compiling Ray Tracing Shader "ProbeIntegrationValidity.urtshader", keywords = <no keywords>
    finished in 0.19 seconds. Local cache hits 0, remote cache hits 0, compiled 1 platform variants
Imported 'GUID: 2c32233d92a2d0745930664c087c5c9a' -> (Import Result ID: 'e7ad8bae09643d2829e217e0933b875d') in 0.213 seconds [static and dynamic dependencies]. Details - ImportResultOutputID=543e7d1d32e2b4a786c622f4b5296f1f DependenciesID=32631db029d8604e2d8a78ed8e2b4c23 StaticDependenciesID=89ce6b5e76d568c473e42bb2e82d857d 
Importing 'GUID: 2c9e05a58e554a940ae0417d8ce7384a - Path: Packages/com.unity.profiling.core/package.json' with importer (PackageManifestImporter)
Imported 'GUID: 2c9e05a58e554a940ae0417d8ce7384a' -> (Import Result ID: '3b964ca6799a994d1f21123b2f49991d') in 0.002 seconds [static dependencies only]. Details - ImportResultOutputID=79bc48fbde4dcd444e0af44ba463ac23 DependenciesID=a011b1eaf87ed8e969be601266158eb4 StaticDependenciesID=d09b5d7fc5d598f02a71552f2582281f 
Importing 'GUID: ace95ac84e213794891b4bd7c9b3c158 - Path: Packages/com.unity.render-pipelines.core/Runtime/PathTracing/Shaders/LightmapValidityIntegration.urtshader' with importer (ScriptedImporter : Unity.Rendering.LightTransport.Editor:UnityEditor.Rendering.UnifiedRayTracing:UnifiedRTShaderImporter)

Compiling Ray Tracing Shader "LightmapValidityIntegration.urtshader", keywords = <no keywords>
    finished in 0.39 seconds. Local cache hits 0, remote cache hits 0, compiled 1 platform variants
Imported 'GUID: ace95ac84e213794891b4bd7c9b3c158' -> (Import Result ID: 'c8dfdcd646c98f61c2d1158f5f0ce865') in 0.409 seconds [static and dynamic dependencies]. Details - ImportResultOutputID=ecfe9fb4b80fe4933ae414d1977ac911 DependenciesID=438f44419251eb9874ddc495941f701b StaticDependenciesID=af3a8789fbe725883be9c99ebb7cf5e2 
Importing 'GUID: 6d56244f8c39a851975d3c0bd432c66f - Path: Packages/com.unity.modules.terrain/package.json' with importer (PackageManifestImporter)
Imported 'GUID: 6d56244f8c39a851975d3c0bd432c66f' -> (Import Result ID: 'acdf629200802dc846f4b01de6f3d421') in 0.002 seconds [static dependencies only]. Details - ImportResultOutputID=5e40d0b8d35162ad5eb9813bcce344e1 DependenciesID=0fdc6c03230f00196d66509291acf7a7 StaticDependenciesID=98ac750c63e45666278d0decee7f0873 
Importing 'GUID: bd605698a338c4de88bb5b3c4632af68 - Path: Packages/com.unity.collections/package.json' with importer (PackageManifestImporter)
Imported 'GUID: bd605698a338c4de88bb5b3c4632af68' -> (Import Result ID: 'ddaa14c0f81ea4d371e1e36c08e2d47c') in 0.001 seconds [static dependencies only]. Details - ImportResultOutputID=0b43376f575d24c3db53e3950e30db00 DependenciesID=14d13c3bf31a5d948b2b943b8b354c75 StaticDependenciesID=35debe67b0d0bf7808c8df317d0d0444 
Importing 'GUID: bd1af0a6633ee94ae21c7d1d702cdc12 - Path: Packages/com.unity.modules.androidjni/package.json' with importer (PackageManifestImporter)
Imported 'GUID: bd1af0a6633ee94ae21c7d1d702cdc12' -> (Import Result ID: 'c66b3a289a73bbec2fda23e48bc08026') in 0.001 seconds [static dependencies only]. Details - ImportResultOutputID=7126a0377f515e9a6995b9946f69e957 DependenciesID=3460a296a7931240235c48d675c04d07 StaticDependenciesID=766670ff5734e879714b6e5bd1fc3fee 
Importing 'GUID: 5e031dc4f3118ad44b907737119d7ed1 - Path: Packages/com.unity.render-pipelines.universal-config/CHANGELOG.md' with importer (TextScriptImporter)
Imported 'GUID: 5e031dc4f3118ad44b907737119d7ed1' -> (Import Result ID: 'a06f9e68a8d9d34bae3c6ac916ad4a05') in 0.002 seconds [static dependencies only]. Details - ImportResultOutputID=b320658015b0fec7a51b0d820a7c2734 DependenciesID=ad775f06d7d85d8a2d5da0ec3685136d StaticDependenciesID=3f2e6741484e7a0f87c0ddf3370a3a6e 
Importing 'GUID: 5ecdabd800f05984696f22ba95284516 - Path: Packages/com.unity.render-pipelines.core/Runtime/PathTracing/Shaders/ProbeIntegrationIndirect.urtshader' with importer (ScriptedImporter : Unity.Rendering.LightTransport.Editor:UnityEditor.Rendering.UnifiedRayTracing:UnifiedRTShaderImporter)

Compiling Ray Tracing Shader "ProbeIntegrationIndirect.urtshader", keywords = <no keywords>
    finished in 1.71 seconds. Local cache hits 0, remote cache hits 0, compiled 1 platform variants
Imported 'GUID: 5ecdabd800f05984696f22ba95284516' -> (Import Result ID: '0a81601eca03454ba571cf16a52b2b0e') in 1.735 seconds [static and dynamic dependencies]. Details - ImportResultOutputID=b449761fd19e1980b147bb13176ded63 DependenciesID=f3c07be6312f85f5c4928d5dc9619bb6 StaticDependenciesID=1ad901001e2e557153e1de5753d25220 
Importing 'GUID: 6e0b547bab30a804c8123974120d583f - Path: Packages/com.unity.render-pipelines.core/Tests/Runtime/PathTracing/PathIteratorTest.urtshader' with importer (ScriptedImporter : Unity.Rendering.LightTransport.Editor:UnityEditor.Rendering.UnifiedRayTracing:UnifiedRTShaderImporter)

Compiling Ray Tracing Shader "PathIteratorTest.urtshader", keywords = <no keywords>
    finished in 2.30 seconds. Local cache hits 0, remote cache hits 0, compiled 1 platform variants
Imported 'GUID: 6e0b547bab30a804c8123974120d583f' -> (Import Result ID: 'cd7caee6c6abdfc237704a5724cf1de0') in 2.326 seconds [static and dynamic dependencies]. Details - ImportResultOutputID=c3e8acd749e174ae2af91f3ead6360e1 DependenciesID=2cc21c89101d4b320cf5301948018402 StaticDependenciesID=e24ea404bb4dabe55ffbcaa7b840b299 
Importing 'GUID: de3013e16d99f2746ab1735ec06a660b - Path: Packages/com.unity.render-pipelines.core/Runtime/PathTracing/Shaders/ProbeIntegrationOcclusion.urtshader' with importer (ScriptedImporter : Unity.Rendering.LightTransport.Editor:UnityEditor.Rendering.UnifiedRayTracing:UnifiedRTShaderImporter)

Compiling Ray Tracing Shader "ProbeIntegrationOcclusion.urtshader", keywords = <no keywords>
    finished in 0.55 seconds. Local cache hits 0, remote cache hits 0, compiled 1 platform variants
Imported 'GUID: de3013e16d99f2746ab1735ec06a660b' -> (Import Result ID: 'a070f0b8e128d930fa9d8505684cef33') in 0.581 seconds [static and dynamic dependencies]. Details - ImportResultOutputID=64fa9872f08c552da2d384095fada434 DependenciesID=4864b67be84a4539da1e78c0d8d7e03c StaticDependenciesID=d23a0c4a2896e547ad436f2fd232bb27 
Importing 'GUID: fe7f1a959d1d3f544a208b7e8805e6cd - Path: Packages/com.unity.render-pipelines.core/Runtime/PathTracing/Shaders/ProbeIntegrationDirectDirectionalAndEnvironment.urtshader' with importer (ScriptedImporter : Unity.Rendering.LightTransport.Editor:UnityEditor.Rendering.UnifiedRayTracing:UnifiedRTShaderImporter)

Compiling Ray Tracing Shader "ProbeIntegrationDirectDirectionalAndEnvironment.urtshader", keywords = <no keywords>
    finished in 0.74 seconds. Local cache hits 0, remote cache hits 0, compiled 1 platform variants
Imported 'GUID: fe7f1a959d1d3f544a208b7e8805e6cd' -> (Import Result ID: '976378ffcfe8395cf66c6bcec69ad88a') in 0.768 seconds [static and dynamic dependencies]. Details - ImportResultOutputID=6a6810f26bf114b73b561de3a0695a8d DependenciesID=ccc67856a0fa68b0b53a224f6dbe5c10 StaticDependenciesID=b8525778ccd6bf87644fae631483c773 
Importing 'GUID: 1f9bfe60b4ad75943a5281839c1a4e5c - Path: Packages/com.unity.render-pipelines.core/Runtime/PathTracing/Shaders/ProbeIntegrationDirectStochasticLight.urtshader' with importer (ScriptedImporter : Unity.Rendering.LightTransport.Editor:UnityEditor.Rendering.UnifiedRayTracing:UnifiedRTShaderImporter)

Compiling Ray Tracing Shader "ProbeIntegrationDirectStochasticLight.urtshader", keywords = <no keywords>
    finished in 0.66 seconds. Local cache hits 0, remote cache hits 0, compiled 1 platform variants
Imported 'GUID: 1f9bfe60b4ad75943a5281839c1a4e5c' -> (Import Result ID: '2f5ab43d4435a6d1d7f31c4d302ab5ca') in 0.686 seconds [static and dynamic dependencies]. Details - ImportResultOutputID=33da486ff2a3d20e31157b09dd0a80dd DependenciesID=bb5bdb553310873a3339ef435e406f7b StaticDependenciesID=bb23e9aed0fe8778db1283cad6c57003 
Importing 'GUID: 3fdd83b151eb8d25c5e2f82fc39dcb04 - Path: Packages/com.unity.modules.unitywebrequest/package.json' with importer (PackageManifestImporter)
Imported 'GUID: 3fdd83b151eb8d25c5e2f82fc39dcb04' -> (Import Result ID: '92635879e69b098a24aed6b11124d6af') in 0.002 seconds [static dependencies only]. Details - ImportResultOutputID=c3fdc439e8f1f75cc7a0e86c4c6ba96d DependenciesID=af541476494a73d8e0e3c25128f3ed67 StaticDependenciesID=7d8ffda6dfec0ff398f84144af32c448 
Importing 'GUID: 4f0f9b9f3ed97ad2b9ba8f1a8e4666c2 - Path: Packages/com.unity.modules.uielements/package.json' with importer (PackageManifestImporter)
Imported 'GUID: 4f0f9b9f3ed97ad2b9ba8f1a8e4666c2' -> (Import Result ID: '184794dd62116f07f31b8718f7db4388') in 0.002 seconds [static dependencies only]. Details - ImportResultOutputID=c6edeb5d9bc578ffca7fbf049f13618e DependenciesID=55e8d1ec6ce87a14c2bd6ab2efec80b4 StaticDependenciesID=6a093705c82ba59492894df208618d92 
Importing 'GUID: ff2cbab5da58bf04d82c5f34037ed123 - Path: Packages/com.unity.render-pipelines.core/Editor/Lighting/ProbeVolume/VirtualOffset/TraceVirtualOffset.urtshader' with importer (ScriptedImporter : Unity.Rendering.LightTransport.Editor:UnityEditor.Rendering.UnifiedRayTracing:UnifiedRTShaderImporter)

Compiling Ray Tracing Shader "TraceVirtualOffset.urtshader", keywords = <no keywords>
    finished in 0.17 seconds. Local cache hits 0, remote cache hits 0, compiled 1 platform variants
Imported 'GUID: ff2cbab5da58bf04d82c5f34037ed123' -> (Import Result ID: 'cb8d4a54d580777eef255546fe31e727') in 0.197 seconds [static and dynamic dependencies]. Details - ImportResultOutputID=70551f5416e71201a349243861a0974f DependenciesID=6ff31a4487536e5a07e19fd580d7d928 StaticDependenciesID=577fb2ca56f9c9cef1dba593cc7f61b6 
Importing 'GUID: 00d735264dc3c1849bf2ee8dec95ec39 - Path: Packages/com.unity.shadergraph/Editor/Resources/Styles/SGBlackboard.uss' with importer (ScriptedImporter : UnityEditor.CoreModule:UnityEditor.UIElements.StyleSheets:StyleSheetImporter)
Imported 'GUID: 00d735264dc3c1849bf2ee8dec95ec39' -> (Import Result ID: 'd2b7467ce5113df9d6a3e78e6ca9d708') in 0.080 seconds [static and dynamic dependencies]. Details - ImportResultOutputID=549e056976076db874d453a1baa35027 DependenciesID=8f9ec1c0cb0d36b324ebde2306006521 StaticDependenciesID=aeb6e72f35ce2be863c8215b22809bca 
Importing 'GUID: 20e417e1ec9645d44ad61671212c15f7 - Path: Packages/com.unity.render-pipelines.core/Editor/StyleSheets/HeaderFoldout.uss' with importer (ScriptedImporter : UnityEditor.CoreModule:UnityEditor.UIElements.StyleSheets:StyleSheetImporter)
Imported 'GUID: 20e417e1ec9645d44ad61671212c15f7' -> (Import Result ID: '0e71a8cc25f12d848121cee0cb1525bb') in 0.041 seconds [static and dynamic dependencies]. Details - ImportResultOutputID=c5aa0574c244cdd213f32efabc6a8f20 DependenciesID=9665a39bb0ecc8d520bf8b36ee1ac769 StaticDependenciesID=a259ebd23b69fce8226cb7a150e55078 
Importing 'GUID: bdf4f3d05dd541fa829ffa06bfbc8d0c - Path: Packages/com.unity.collab-proxy/Editor/Assets/Styles/Base.uss' with importer (ScriptedImporter : UnityEditor.CoreModule:UnityEditor.UIElements.StyleSheets:StyleSheetImporter)
Imported 'GUID: bdf4f3d05dd541fa829ffa06bfbc8d0c' -> (Import Result ID: '24f72a72dcef0e5e8c3b72900a545ffb') in 0.010 seconds [static and dynamic dependencies]. Details - ImportResultOutputID=2eb2d416feb682a8e83c1fef01b9bdf6 DependenciesID=c81e55930244e2b64e4291c1d08147bb StaticDependenciesID=832d20671dca6e9ab2bd861b276fd232 
Importing 'GUID: 3073089003718474ab284d743790fbb2 - Path: Packages/com.unity.collab-proxy/Editor/Assets/Styles/DownloadPlasticExeDialog.uss' with importer (ScriptedImporter : UnityEditor.CoreModule:UnityEditor.UIElements.StyleSheets:StyleSheetImporter)
Imported 'GUID: 3073089003718474ab284d743790fbb2' -> (Import Result ID: '8cafdda4a6f015195b056b1a78577966') in 0.015 seconds [static and dynamic dependencies]. Details - ImportResultOutputID=21b3b59237e6c3cc34c169ce719095b6 DependenciesID=495895a8f41ffd2c72d08b981fcc5e15 StaticDependenciesID=d52e5909fb3a62b2fca644cc3e73608a 
Importing 'GUID: 6015f12526b2ed04eb8a3943af5202da - Path: Packages/com.unity.render-pipelines.core/Editor/Debugging/DebugWindow.uss' with importer (ScriptedImporter : UnityEditor.CoreModule:UnityEditor.UIElements.StyleSheets:StyleSheetImporter)
Imported 'GUID: 6015f12526b2ed04eb8a3943af5202da' -> (Import Result ID: '294019e599ab560ab2ef446734e5e7eb') in 0.011 seconds [static and dynamic dependencies]. Details - ImportResultOutputID=67ecf17bf2075edb41c3bc18acaf6308 DependenciesID=d1b06b93fe27b36b87c89aa1059b37ce StaticDependenciesID=441b3b8d7de6718adbfb6692c9ebb297 
Importing 'GUID: 600766c36ef866641959f10610a7ee4f - Path: Packages/com.unity.shadergraph/Editor/Resources/Styles/Controls/IntegerControlView.uss' with importer (ScriptedImporter : UnityEditor.CoreModule:UnityEditor.UIElements.StyleSheets:StyleSheetImporter)
Imported 'GUID: 600766c36ef866641959f10610a7ee4f' -> (Import Result ID: 'c945a36b43c5252d7639f5b9df699cda') in 0.005 seconds [static and dynamic dependencies]. Details - ImportResultOutputID=a94f88345b8125970eeeabffdcdb9743 DependenciesID=d685e0d7c752063697003d1eda862005 StaticDependenciesID=dc5ba038dcd95db359fad2cedc796283 
Importing 'GUID: 90945345530e7174eb4f0575a0bec0bf - Path: Packages/com.unity.collab-proxy/Editor/Assets/Styles/WaitingSignInPanel.uss' with importer (ScriptedImporter : UnityEditor.CoreModule:UnityEditor.UIElements.StyleSheets:StyleSheetImporter)
Imported 'GUID: 90945345530e7174eb4f0575a0bec0bf' -> (Import Result ID: '8e40ac2a45b39e021fe9fdffb5a1a334') in 0.006 seconds [static and dynamic dependencies]. Details - ImportResultOutputID=3c56de53596a10a05f8a12559b8685d6 DependenciesID=a32593da66cf67176423325ff396fd3e StaticDependenciesID=53a33c23b6dd38e86efc47f79de158a5 
Importing 'GUID: e05b9be8556f5ae41aa78140b83146d5 - Path: Packages/com.unity.collab-proxy/Editor/Assets/Styles/ProgressControlsForDialogs.uss' with importer (ScriptedImporter : UnityEditor.CoreModule:UnityEditor.UIElements.StyleSheets:StyleSheetImporter)
Imported 'GUID: e05b9be8556f5ae41aa78140b83146d5' -> (Import Result ID: '0b06680bb254add50a25c23c0f035954') in 0.006 seconds [static and dynamic dependencies]. Details - ImportResultOutputID=70aee9c2cdb7af446527e8682625ad92 DependenciesID=1cf7c24d6470c99c7e04cea6c3823ecd StaticDependenciesID=4000f5b808a54c9d471ec67c49b612ef 
Importing 'GUID: 419e3929026046a4797ab0c35f33a788 - Path: Packages/com.unity.shadergraph/Editor/Resources/Resizable.uss' with importer (ScriptedImporter : UnityEditor.CoreModule:UnityEditor.UIElements.StyleSheets:StyleSheetImporter)
Imported 'GUID: 419e3929026046a4797ab0c35f33a788' -> (Import Result ID: 'f25957aef078bd0462f99783019c7144') in 0.016 seconds [static and dynamic dependencies]. Details - ImportResultOutputID=6ad11ceeabba2b38c6ddbf500a654541 DependenciesID=df1b6107c28a83541592f11d9bf540b8 StaticDependenciesID=993c33ebf250840254427ac5f611655c 
Importing 'GUID: 61a89c57c8aee6c43ac9433a7a5dbf9e - Path: Packages/com.unity.shadergraph/Editor/Resources/Styles/Controls/ScreenPositionSlotControlView.uss' with importer (ScriptedImporter : UnityEditor.CoreModule:UnityEditor.UIElements.StyleSheets:StyleSheetImporter)
Imported 'GUID: 61a89c57c8aee6c43ac9433a7a5dbf9e' -> (Import Result ID: 'f8e72a19d8158a0fe3de892d22489ab3') in 0.006 seconds [static and dynamic dependencies]. Details - ImportResultOutputID=9dd8a4da250d7dd5052462e442bd2b73 DependenciesID=9c4b624e4ce0a8b204c7b4ef9c9c16fb StaticDependenciesID=584df9df689448a06ce9ed4c5d7f72f4 
Importing 'GUID: 61cf67e9c1f54ceab08d2bd16ffd3c53 - Path: Packages/com.unity.shadergraph/Editor/Resources/Styles/PixelCacheProfiler.uss' with importer (ScriptedImporter : UnityEditor.CoreModule:UnityEditor.UIElements.StyleSheets:StyleSheetImporter)
Imported 'GUID: 61cf67e9c1f54ceab08d2bd16ffd3c53' -> (Import Result ID: '9516a5200b6c41ca9877ea44266ba064') in 0.007 seconds [static and dynamic dependencies]. Details - ImportResultOutputID=d7d39fa19494d754e779d8e2a8bbf375 DependenciesID=1ccd99a61e20d02118bf27ad909ab4a6 StaticDependenciesID=d509657079c7355bea3dea84d8f01f52 
Importing 'GUID: 81f64e9003fb9674889a56938f078eb0 - Path: Packages/com.unity.shadergraph/Editor/Resources/Styles/Controls/CubemapSlotControlView.uss' with importer (ScriptedImporter : UnityEditor.CoreModule:UnityEditor.UIElements.StyleSheets:StyleSheetImporter)
Imported 'GUID: 81f64e9003fb9674889a56938f078eb0' -> (Import Result ID: 'cfcecbeaf8caa647b7046fec6396693e') in 0.008 seconds [static and dynamic dependencies]. Details - ImportResultOutputID=c6b209eec4491539102c489c82539d14 DependenciesID=c9980c4d9c0a443fa74aa84a231afd5c StaticDependenciesID=48a36c577729f67c1167e80f930ae7b9 
Importing 'GUID: a141d7b330b4c764ab25b2ba4ac38b2f - Path: Packages/com.unity.shadergraph/Editor/Resources/Styles/MasterPreviewView.uss' with importer (ScriptedImporter : UnityEditor.CoreModule:UnityEditor.UIElements.StyleSheets:StyleSheetImporter)
Imported 'GUID: a141d7b330b4c764ab25b2ba4ac38b2f' -> (Import Result ID: 'b9f17d3ca7460e52a8f49b25a12add70') in 0.007 seconds [static and dynamic dependencies]. Details - ImportResultOutputID=f2e78e4a59f0e48b47c9bd128dae19aa DependenciesID=6101b4a3db0d9ad4b38dd84275b9a26f StaticDependenciesID=f1dc3cab95c5a8c8be05747039a20e19 
Importing 'GUID: e1a4e0aa330ca2f43b4625b248a0539e - Path: Packages/com.unity.shadergraph/Editor/Resources/Styles/RedirectNode.uss' with importer (ScriptedImporter : UnityEditor.CoreModule:UnityEditor.UIElements.StyleSheets:StyleSheetImporter)
Imported 'GUID: e1a4e0aa330ca2f43b4625b248a0539e' -> (Import Result ID: '2eb01970bd50335d472f911f52c127ee') in 0.009 seconds [static and dynamic dependencies]. Details - ImportResultOutputID=8bc6b78a4c9b3c95d00df937d17d94dc DependenciesID=5a2294bd871df0567a046080382efd26 StaticDependenciesID=878ec802b99f78dc8854f5a78ad77429 
Importing 'GUID: 223e574ec2e9a40e690b2d94380057cf - Path: Packages/com.unity.shadergraph/Editor/Resources/Styles/Controls/TextureArraySlotControlView.uss' with importer (ScriptedImporter : UnityEditor.CoreModule:UnityEditor.UIElements.StyleSheets:StyleSheetImporter)
Imported 'GUID: 223e574ec2e9a40e690b2d94380057cf' -> (Import Result ID: 'a175a2e0bb48ceb64641b1d3873ad250') in 0.004 seconds [static and dynamic dependencies]. Details - ImportResultOutputID=a9b585d75b40561667071739c5e3b39b DependenciesID=09b8e1fe27777e77fe84cfebc892a29d StaticDependenciesID=7f050e3d6bee061f6233d17f1e317a63 
Importing 'GUID: 925e22fd08389624bbc859935ca73339 - Path: Packages/com.unity.render-pipelines.core/Editor/StyleSheets/RenderPipelineGlobalSettings.uss' with importer (ScriptedImporter : UnityEditor.CoreModule:UnityEditor.UIElements.StyleSheets:StyleSheetImporter)
Imported 'GUID: 925e22fd08389624bbc859935ca73339' -> (Import Result ID: '940411fa2ac3dbf77f4b70ecb48ca824') in 0.004 seconds [static and dynamic dependencies]. Details - ImportResultOutputID=ac49063f3685788f936811792eb5b8c1 DependenciesID=0e6b9c5e04892f8172c794d25934a66d StaticDependenciesID=a3eaade98e4c38084a7a263add45c4a2 
Importing 'GUID: d2c670ece470f4c4fa6712b8dc28a9bb - Path: Assets/TutorialInfo/StyleSheets/ReadmeEditor.uss' with importer (ScriptedImporter : UnityEditor.CoreModule:UnityEditor.UIElements.StyleSheets:StyleSheetImporter)
Imported 'GUID: d2c670ece470f4c4fa6712b8dc28a9bb' -> (Import Result ID: 'a89a31e04fea6dc11e94d842134e64f7') in 0.007 seconds [static and dynamic dependencies]. Details - ImportResultOutputID=892be96a9212446221d23b1f30851b89 DependenciesID=85a42254df016570b6bbd6f88dcc1d79 StaticDependenciesID=594dcec1cd5765bbf7dbdcad36a387ab 
Importing 'GUID: 5393cdb70614ab24f94f78bfcf5d1455 - Path: Packages/com.unity.timeline/Editor/StyleSheets/Extensions/dark.uss' with importer (ScriptedImporter : UnityEditor.CoreModule:UnityEditor.UIElements.StyleSheets:StyleSheetImporter)
Imported 'GUID: 5393cdb70614ab24f94f78bfcf5d1455' -> (Import Result ID: '33f411a07e032d419177d8da5448327a') in 0.010 seconds [static and dynamic dependencies]. Details - ImportResultOutputID=f1e2a7862913191418aeabe8eef4bfcc DependenciesID=f126afdee179f476beb1dcebe471cb53 StaticDependenciesID=842cba53c405a8c290d7efdaa71c34f5 
Importing 'GUID: 63cb84b97408b4d25a6925daccffcd22 - Path: Packages/com.unity.ai.navigation/Editor/ConversionSystem/converter_widget.uss' with importer (ScriptedImporter : UnityEditor.CoreModule:UnityEditor.UIElements.StyleSheets:StyleSheetImporter)
Imported 'GUID: 63cb84b97408b4d25a6925daccffcd22' -> (Import Result ID: '751fd38af60acb314fc3b9ae17998663') in 0.003 seconds [static and dynamic dependencies]. Details - ImportResultOutputID=7fa8eeff1c288369ee1d6be5b8fcaf3b DependenciesID=926cfcfa1f618107e264dfc27b5bcb30 StaticDependenciesID=aca4e62f1848d7d950d4f8621c98a20b 
Importing 'GUID: 736551d82e9cda54b8f6f606ebc6de27 - Path: Packages/com.unity.shadergraph/Editor/Resources/Styles/ShaderPort.uss' with importer (ScriptedImporter : UnityEditor.CoreModule:UnityEditor.UIElements.StyleSheets:StyleSheetImporter)
Imported 'GUID: 736551d82e9cda54b8f6f606ebc6de27' -> (Import Result ID: 'f052ebae577d693efd97db9bf9231f61') in 0.019 seconds [static and dynamic dependencies]. Details - ImportResultOutputID=86292dfcfee808602cbdfaf317073da1 DependenciesID=990d98ddf1a9d44783347d8791531ef1 StaticDependenciesID=ed2505be3dd83eea42782bca05bdd0c4 
Importing 'GUID: 83a028a39a272694784e78db21cff69b - Path: Packages/com.unity.render-pipelines.core/Editor/StyleSheets/DefaultVolumeProfileEditor.uss' with importer (ScriptedImporter : UnityEditor.CoreModule:UnityEditor.UIElements.StyleSheets:StyleSheetImporter)
Imported 'GUID: 83a028a39a272694784e78db21cff69b' -> (Import Result ID: '6e254dda3f19858825714ddb0dd201ca') in 0.006 seconds [static and dynamic dependencies]. Details - ImportResultOutputID=47749831db7ca419bc3358e10e65fbd2 DependenciesID=e021caf499cc192cafba644e46e4d9ce StaticDependenciesID=fac4c0858021c47a1f1dd7a868f5b485 
Importing 'GUID: 93842094f0dbac941bac7d2af67241b3 - Path: Packages/com.unity.shadergraph/Editor/Resources/Styles/PropertyNameReferenceField.uss' with importer (ScriptedImporter : UnityEditor.CoreModule:UnityEditor.UIElements.StyleSheets:StyleSheetImporter)
Imported 'GUID: 93842094f0dbac941bac7d2af67241b3' -> (Import Result ID: '2970eb8ef9bc0a9f825ac34609d30427') in 0.005 seconds [static and dynamic dependencies]. Details - ImportResultOutputID=da58b8b89a5e0407aded0f22d0c45a07 DependenciesID=53b5bfd7d333c8ba568c69693166a12e StaticDependenciesID=f3470e5692af369715c6ebb81166660b 
Importing 'GUID: b37675bc656348c429a6c56b2eda1345 - Path: Packages/com.unity.collab-proxy/Editor/Assets/Styles/SignInWithEmailPanel.uss' with importer (ScriptedImporter : UnityEditor.CoreModule:UnityEditor.UIElements.StyleSheets:StyleSheetImporter)
Imported 'GUID: b37675bc656348c429a6c56b2eda1345' -> (Import Result ID: 'b42beb4b8e504af20a6c8a413a028409') in 0.008 seconds [static and dynamic dependencies]. Details - ImportResultOutputID=7426e42263fbd14eda8a64404de87073 DependenciesID=9fdf7e873295f091b8c3800b8a9d72a1 StaticDependenciesID=06cbd532efaac5677f921e01dd4b2bdf 
Importing 'GUID: 54f2b0dd16c64e699842f28e948cc04b - Path: Packages/com.unity.shadergraph/Editor/Resources/Styles/HeatmapValuesEditor.uss' with importer (ScriptedImporter : UnityEditor.CoreModule:UnityEditor.UIElements.StyleSheets:StyleSheetImporter)
Imported 'GUID: 54f2b0dd16c64e699842f28e948cc04b' -> (Import Result ID: '964c691251b03b358d34579379fe3d3b') in 0.006 seconds [static and dynamic dependencies]. Details - ImportResultOutputID=7c2118698735947b327fcec827c99168 DependenciesID=a0b54a10821e2b48670ff7419c621a19 StaticDependenciesID=65e2cc68f376ca22211f31df5a0366cc 
Importing 'GUID: 642639f75f2dfbd4ab01e6708b58f304 - Path: Packages/com.unity.collab-proxy/Editor/Assets/Styles/OrganizationPanel.uss' with importer (ScriptedImporter : UnityEditor.CoreModule:UnityEditor.UIElements.StyleSheets:StyleSheetImporter)
Imported 'GUID: 642639f75f2dfbd4ab01e6708b58f304' -> (Import Result ID: 'd9ac08a3265ae0e0edd3d05c48efd7b3') in 0.010 seconds [static and dynamic dependencies]. Details - ImportResultOutputID=8bf5efa88aa62eca92be8dc7f256e818 DependenciesID=2dac0c1349a85985264eb15292b614b4 StaticDependenciesID=ca386f340de1e24aca83b1cd6eb758fe 
Importing 'GUID: 7471d1c0502da124ba03a8b0379a265e - Path: Packages/com.unity.shadergraph/Editor/Resources/Styles/UITKMasterNodePreview.uss' with importer (ScriptedImporter : UnityEditor.CoreModule:UnityEditor.UIElements.StyleSheets:StyleSheetImporter)
Imported 'GUID: 7471d1c0502da124ba03a8b0379a265e' -> (Import Result ID: '32c03a67a256e5e19869653df1ff0951') in 0.017 seconds [static and dynamic dependencies]. Details - ImportResultOutputID=ab69e60b3530ddb6a5f69b5082b04dc5 DependenciesID=bd31af3b75dbd94ecd544245d23432d5 StaticDependenciesID=4bae21dab75dca7801e1028580433ab6 
Importing 'GUID: 74741f330ea4fe848977aa5900880f7b - Path: Packages/com.unity.shadergraph/Editor/Resources/Styles/GraphSubWindow.uss' with importer (ScriptedImporter : UnityEditor.CoreModule:UnityEditor.UIElements.StyleSheets:StyleSheetImporter)
Imported 'GUID: 74741f330ea4fe848977aa5900880f7b' -> (Import Result ID: 'd7e68fa9e34f52eec6f25ff8adbcf16a') in 0.022 seconds [static and dynamic dependencies]. Details - ImportResultOutputID=1ae57034d96e656b9d4f06999ebe7b60 DependenciesID=8b9daf872d408abe70d358638bc87134 StaticDependenciesID=5f6c5f7037ec2b074723d6c321e2ab7c 
Importing 'GUID: c47827ee6a0eadd4288dede8e3993da3 - Path: Packages/com.unity.shadergraph/Editor/Resources/Styles/MaterialNodeView.uss' with importer (ScriptedImporter : UnityEditor.CoreModule:UnityEditor.UIElements.StyleSheets:StyleSheetImporter)
Imported 'GUID: c47827ee6a0eadd4288dede8e3993da3' -> (Import Result ID: '22e039cce34563795db1e6c63b35565a') in 0.023 seconds [static and dynamic dependencies]. Details - ImportResultOutputID=5e45e2914ee61d78bb22724d97ccc04a DependenciesID=5ff4fa650fc935227c22ff75ae571c2c StaticDependenciesID=5abd07af4854463f609e2eb6b6f05f44 
Importing 'GUID: e425c4562a777aa40a6daed5f97d03b7 - Path: Packages/com.unity.shadergraph/Editor/Resources/Styles/Controls/SliderControlView.uss' with importer (ScriptedImporter : UnityEditor.CoreModule:UnityEditor.UIElements.StyleSheets:StyleSheetImporter)
Imported 'GUID: e425c4562a777aa40a6daed5f97d03b7' -> (Import Result ID: '4ebcce8988405de2b30ecab4fff0e873') in 0.009 seconds [static and dynamic dependencies]. Details - ImportResultOutputID=acadf1b3e1394b3a0de99b9c459da9f7 DependenciesID=7b2494be330e2d9f4caade097846e152 StaticDependenciesID=23c899d628dfb7fbe4fe966c578d5938 
Importing 'GUID: 75f1bd16a0cc446448d0702e965aa290 - Path: Packages/com.unity.inputsystem/InputSystem/Editor/AssetImporter/InputActionImporterEditor.uss' with importer (ScriptedImporter : UnityEditor.CoreModule:UnityEditor.UIElements.StyleSheets:StyleSheetImporter)
Imported 'GUID: 75f1bd16a0cc446448d0702e965aa290' -> (Import Result ID: 'fbc47eaae329f1427bbf6fbea1ea1e27') in 0.010 seconds [static and dynamic dependencies]. Details - ImportResultOutputID=174cad675668abdf8e46324dd73f7515 DependenciesID=48fcbbd6b31958a95cd9b83a98ddb4e8 StaticDependenciesID=8f8b53856446c347b72e26e7e3d5f3da 
Importing 'GUID: 0620899e56d69964ba2cbda1de01bbe2 - Path: Packages/com.unity.shadergraph/Editor/Resources/Styles/PropertyNodeView.uss' with importer (ScriptedImporter : UnityEditor.CoreModule:UnityEditor.UIElements.StyleSheets:StyleSheetImporter)
Imported 'GUID: 0620899e56d69964ba2cbda1de01bbe2' -> (Import Result ID: '98206f75390153978e72bee170294a56') in 0.011 seconds [static and dynamic dependencies]. Details - ImportResultOutputID=49e5aedab170c7c735dd06799165451a DependenciesID=83504351995bf3975104454e8cb23dc4 StaticDependenciesID=5f16301b040625d0f222b26ab5aed2fc 
Importing 'GUID: 466e6b269ff1900438e46c66af51cef8 - Path: Packages/com.unity.shadergraph/Editor/Resources/Styles/MaterialGraph.uss' with importer (ScriptedImporter : UnityEditor.CoreModule:UnityEditor.UIElements.StyleSheets:StyleSheetImporter)
Imported 'GUID: 466e6b269ff1900438e46c66af51cef8' -> (Import Result ID: '5bb562d15c79fc5ef2599e0f0fe15d41') in 0.006 seconds [static and dynamic dependencies]. Details - ImportResultOutputID=ae5fb5b204722fff7597420c0e1bf9cc DependenciesID=b80b9d95f247e2d729efa13c671b6ecf StaticDependenciesID=4094bda48f4fd005663bf9b241f302c6 
Importing 'GUID: 5632d12a476944a4c96410178f559fd3 - Path: Packages/com.unity.shadergraph/Editor/Resources/Styles/Controls/PopupControlView.uss' with importer (ScriptedImporter : UnityEditor.CoreModule:UnityEditor.UIElements.StyleSheets:StyleSheetImporter)
Imported 'GUID: 5632d12a476944a4c96410178f559fd3' -> (Import Result ID: '5b9668d1a7136d8d09dd7e8bcc3499da') in 0.007 seconds [static and dynamic dependencies]. Details - ImportResultOutputID=ab02e591b9ff67b17ec5d5e6554d0554 DependenciesID=5c09bb62368de8fe17cee5bc20c33909 StaticDependenciesID=98cf1f1c00cac59ec3bec9a6e1b5d1a1 
Importing 'GUID: 76dc05b36584d4d0085b786ca1b29fe3 - Path: Packages/com.unity.shadergraph/Editor/Resources/Styles/Controls/GradientSlotControlView.uss' with importer (ScriptedImporter : UnityEditor.CoreModule:UnityEditor.UIElements.StyleSheets:StyleSheetImporter)
Imported 'GUID: 76dc05b36584d4d0085b786ca1b29fe3' -> (Import Result ID: 'f42b9437f0c40aabd239928f2f272527') in 0.006 seconds [static and dynamic dependencies]. Details - ImportResultOutputID=090deecc25fa2305470f77bedea5b621 DependenciesID=05abc266b439cb2bffd8fc656c754241 StaticDependenciesID=755cfd73ae1653c6effd5bd54f018d2f 
Importing 'GUID: 86bb22b0f58049838f9c49469f6b82e7 - Path: Packages/com.unity.render-pipelines.core/Editor/StyleSheets/LightingSearchColumnProviders.uss' with importer (ScriptedImporter : UnityEditor.CoreModule:UnityEditor.UIElements.StyleSheets:StyleSheetImporter)
Imported 'GUID: 86bb22b0f58049838f9c49469f6b82e7' -> (Import Result ID: 'bdda94e024cecdaacd940c2e3e93d8b8') in 0.007 seconds [static and dynamic dependencies]. Details - ImportResultOutputID=30f432c04f6ffeb7be9303ebce91b4bd DependenciesID=446572c480522f2e6ca4b57dd863f998 StaticDependenciesID=675aa249c2969e6b21d05dbda57757cc 
Importing 'GUID: 86af34a821ab1e64aa04298dc9cafb4e - Path: Packages/com.unity.shadergraph/Editor/Resources/Styles/ReorderableSlotListView.uss' with importer (ScriptedImporter : UnityEditor.CoreModule:UnityEditor.UIElements.StyleSheets:StyleSheetImporter)
Imported 'GUID: 86af34a821ab1e64aa04298dc9cafb4e' -> (Import Result ID: '9683d931fe26cf1f68e9f07b762f4ef4') in 0.005 seconds [static and dynamic dependencies]. Details - ImportResultOutputID=f3c2cc74ade3f364339c498c9311de99 DependenciesID=53f55faffeb183ffdc1c8a6963e653b2 StaticDependenciesID=5699ea3f215cfc7e90599eb34ecf18b5 
Importing 'GUID: 96e6e59ca33b02f4e816a4693a642883 - Path: Packages/com.unity.shadergraph/Editor/Resources/Styles/Controls/EnumConversionControlView.uss' with importer (ScriptedImporter : UnityEditor.CoreModule:UnityEditor.UIElements.StyleSheets:StyleSheetImporter)
Imported 'GUID: 96e6e59ca33b02f4e816a4693a642883' -> (Import Result ID: '527067042f699823b6b00fc5f43a520c') in 0.010 seconds [static and dynamic dependencies]. Details - ImportResultOutputID=6be3a7fef7d61c395853d65017a9a487 DependenciesID=95ef61f1a3879c8b1c00bcd2ca0208ce StaticDependenciesID=5ee3c33dc1b6315fa7dc816dfeb17ce2 
Importing 'GUID: a690636bb8883ea4db5f27192551b973 - Path: Packages/com.unity.shadergraph/Editor/Resources/Styles/Controls/ColorRGBASlotControlView.uss' with importer (ScriptedImporter : UnityEditor.CoreModule:UnityEditor.UIElements.StyleSheets:StyleSheetImporter)
Imported 'GUID: a690636bb8883ea4db5f27192551b973' -> (Import Result ID: 'd7fe762d0d27e119729a2435751a4919') in 0.005 seconds [static and dynamic dependencies]. Details - ImportResultOutputID=32cf0cb6c88277bf300567df683feb29 DependenciesID=a3157f83504fb80ca7636dab700dfcdd StaticDependenciesID=1ef2e7b09e2e535a8f419f55cceed62c 
Importing 'GUID: b6e0d19d1d9f531419f20cd97c102ad5 - Path: Packages/com.unity.shadergraph/Editor/Resources/Styles/Controls/DielectricSpecularControlView.uss' with importer (ScriptedImporter : UnityEditor.CoreModule:UnityEditor.UIElements.StyleSheets:StyleSheetImporter)
Imported 'GUID: b6e0d19d1d9f531419f20cd97c102ad5' -> (Import Result ID: 'a795a3d693e33dcd522e61455fb077ea') in 0.016 seconds [static and dynamic dependencies]. Details - ImportResultOutputID=b34c091a1c205210bb5015dbde881f93 DependenciesID=67bdd81b09976205701abc203ae245c6 StaticDependenciesID=c66e1fe318049e7b48475d848e209cb7 
Importing 'GUID: b60919d98f4e6f54681012e4d7ad2a01 - Path: Packages/com.unity.shadergraph/Editor/Resources/Styles/Controls/TextControlView.uss' with importer (ScriptedImporter : UnityEditor.CoreModule:UnityEditor.UIElements.StyleSheets:StyleSheetImporter)
Imported 'GUID: b60919d98f4e6f54681012e4d7ad2a01' -> (Import Result ID: 'e192fec488a274fed61fae4dc16fba93') in 0.007 seconds [static and dynamic dependencies]. Details - ImportResultOutputID=1779c9700bf6e52ce8790a8a0aa2858a DependenciesID=558d8a4de84bd79b091c39839c69962e StaticDependenciesID=e74a6fb6e5c891e02410497710b7a609 
Importing 'GUID: c673e4e20ea67ab40a4661592f51aa99 - Path: Packages/com.unity.collab-proxy/Editor/Assets/Styles/SignInPanel.uss' with importer (ScriptedImporter : UnityEditor.CoreModule:UnityEditor.UIElements.StyleSheets:StyleSheetImporter)
Imported 'GUID: c673e4e20ea67ab40a4661592f51aa99' -> (Import Result ID: '73ff35b0abf3c3d06f8470e6430ef36b') in 0.009 seconds [static and dynamic dependencies]. Details - ImportResultOutputID=051676ed43fc68d0ea30c38a4d83860c DependenciesID=ae0664617dcf7b8d38df23b4d66ddea7 StaticDependenciesID=2421d500e334466dc192f88f4c0e8409 
Importing 'GUID: c6a3af95768504ef29093f7793eaf5f9 - Path: Packages/com.unity.shadergraph/Editor/Resources/Styles/HlslFunctionView.uss' with importer (ScriptedImporter : UnityEditor.CoreModule:UnityEditor.UIElements.StyleSheets:StyleSheetImporter)
Imported 'GUID: c6a3af95768504ef29093f7793eaf5f9' -> (Import Result ID: 'bb5b0f9b35d44e29045be1e4b1099529') in 0.008 seconds [static and dynamic dependencies]. Details - ImportResultOutputID=c4ab0185187125b7ce8c8be84733fb0f DependenciesID=383e605ea32e0b7f3c4636c4a8c21a29 StaticDependenciesID=dd94cff9793320ad86b1c2edb35e5b4b 
Importing 'GUID: 07b35fab3034b5b4f92ad33b949d4340 - Path: Packages/com.unity.shadergraph/Editor/Resources/Styles/CustomSlotLabelField.uss' with importer (ScriptedImporter : UnityEditor.CoreModule:UnityEditor.UIElements.StyleSheets:StyleSheetImporter)
Imported 'GUID: 07b35fab3034b5b4f92ad33b949d4340' -> (Import Result ID: '5ef3f1df0001ceac2201c9a7e5fb89ce') in 0.004 seconds [static and dynamic dependencies]. Details - ImportResultOutputID=4ecd365e539a70cc01c30ce99edc610c DependenciesID=355ddf5b4be3f7499df6cc0b2dcd7a9d StaticDependenciesID=82b7d1f1e388e3433e5401b33b94ef22 
Importing 'GUID: 97f83210b5a4448cfbc61ec93d00fcaf - Path: Packages/com.unity.render-pipelines.universal/Editor/2D/Profiler/UI/U2DGraphicsHierarchyView/U2DGraphicsHierarchyView.uss' with importer (ScriptedImporter : UnityEditor.CoreModule:UnityEditor.UIElements.StyleSheets:StyleSheetImporter)
Imported 'GUID: 97f83210b5a4448cfbc61ec93d00fcaf' -> (Import Result ID: 'e7863f4669838664d0285df171f5a4d1') in 0.016 seconds [static and dynamic dependencies]. Details - ImportResultOutputID=bc4c3196a1f72a0679a0a277da4f7549 DependenciesID=ec5c3e959d0d1d87fbd6c70c927a5e33 StaticDependenciesID=67956685368f0d73cce619cb00492e39 
Importing 'GUID: a74acab1c36b3344e95480f4d42afd55 - Path: Packages/com.unity.render-pipelines.core/Editor/StyleSheets/RenderGraphViewerDark.uss' with importer (ScriptedImporter : UnityEditor.CoreModule:UnityEditor.UIElements.StyleSheets:StyleSheetImporter)
Imported 'GUID: a74acab1c36b3344e95480f4d42afd55' -> (Import Result ID: '5b2eb08cc871ab63ae39e0df465e76bf') in 0.041 seconds [static and dynamic dependencies]. Details - ImportResultOutputID=63c6c5cf90c020418c786d7ad4da1128 DependenciesID=191df696643945f5d7c30474e78f9730 StaticDependenciesID=d02796167216c9076d517a5cbca19264 
Importing 'GUID: c72bf0f50e306d944a1e48a2bb299082 - Path: Packages/com.unity.shadergraph/Editor/Resources/Styles/Controls/BooleanSlotControlView.uss' with importer (ScriptedImporter : UnityEditor.CoreModule:UnityEditor.UIElements.StyleSheets:StyleSheetImporter)
Imported 'GUID: c72bf0f50e306d944a1e48a2bb299082' -> (Import Result ID: 'd26133c6c7ecea4cac46187c2d9b9be0') in 0.005 seconds [static and dynamic dependencies]. Details - ImportResultOutputID=a9e221695ce47dd340d5bd081673dfc4 DependenciesID=a47398ce7c0646adc29982df20b77c42 StaticDependenciesID=ec786c84daea3f2ce67cb3a29f974522 
Importing 'GUID: 485099284bca84dcfbf9af86eb599f6f - Path: Packages/com.unity.shadergraph/Editor/Resources/Styles/InspectorView.uss' with importer (ScriptedImporter : UnityEditor.CoreModule:UnityEditor.UIElements.StyleSheets:StyleSheetImporter)
Imported 'GUID: 485099284bca84dcfbf9af86eb599f6f' -> (Import Result ID: '11a52439e8eb86b887ac92c4a571c650') in 0.011 seconds [static and dynamic dependencies]. Details - ImportResultOutputID=21c001d838be85f0f7d9a47f8e972d77 DependenciesID=a0432b037869541f42292a61bb8b4a31 StaticDependenciesID=53a74333dd458dee446df3f55cafbd70 
Importing 'GUID: 58c573829af3c7c44aaf7d3125df048a - Path: Packages/com.unity.shadergraph/Editor/Resources/Selectable.uss' with importer (ScriptedImporter : UnityEditor.CoreModule:UnityEditor.UIElements.StyleSheets:StyleSheetImporter)
Imported 'GUID: 58c573829af3c7c44aaf7d3125df048a' -> (Import Result ID: '937b293942e135acccce709986db7b8f') in 0.011 seconds [static and dynamic dependencies]. Details - ImportResultOutputID=d8f66e8c1728bb7334271574d68e1b8e DependenciesID=6de194bb3338b399fedaaa53fb926644 StaticDependenciesID=9bcbe5337dff92161531215c15431b04 
Importing 'GUID: 88a2f14704b95c04489527404f433249 - Path: Packages/com.unity.shadergraph/Editor/Resources/Styles/Controls/MultiFloatControlView.uss' with importer (ScriptedImporter : UnityEditor.CoreModule:UnityEditor.UIElements.StyleSheets:StyleSheetImporter)
Imported 'GUID: 88a2f14704b95c04489527404f433249' -> (Import Result ID: 'f2a5fd2e4755df1e6489f44bec01f4d7') in 0.007 seconds [static and dynamic dependencies]. Details - ImportResultOutputID=56d760a6a629aba91bf018665a4ec254 DependenciesID=90ccaa6e33e709abab32e426d90bc02f StaticDependenciesID=bf3111d52d010f63caddd52ae6e1745d 
Importing 'GUID: 88da5407899aaaf448a40c85888108ae - Path: Packages/com.unity.collab-proxy/Editor/Assets/Styles/TabView.uss' with importer (ScriptedImporter : UnityEditor.CoreModule:UnityEditor.UIElements.StyleSheets:StyleSheetImporter)
Imported 'GUID: 88da5407899aaaf448a40c85888108ae' -> (Import Result ID: '7f03a47dc605b55ef20b12897795391e') in 0.020 seconds [static and dynamic dependencies]. Details - ImportResultOutputID=6aa05a57440e2375c0615e62a4ea2be1 DependenciesID=d873f6f4f3b0a97198c978b3a27e3a3d StaticDependenciesID=4bf27741cdc497766235d6ebbb4eff3d 
Importing 'GUID: 98e35cb4631356142bd2f27a5a31543e - Path: Packages/com.unity.shadergraph/Editor/Resources/Styles/Controls/EnumControlView.uss' with importer (ScriptedImporter : UnityEditor.CoreModule:UnityEditor.UIElements.StyleSheets:StyleSheetImporter)
Imported 'GUID: 98e35cb4631356142bd2f27a5a31543e' -> (Import Result ID: '14c6ccca56336306aa46801e51c442b7') in 0.008 seconds [static and dynamic dependencies]. Details - ImportResultOutputID=32fb0d13a39093dd34c7db69b29bf7c6 DependenciesID=81c630374b573b043c22370ba0c61391 StaticDependenciesID=a80be0a83caf99ab0c94acb79a921d35 
Importing 'GUID: c8974112dad54614f894afd0042d3a60 - Path: Packages/com.unity.shadergraph/Editor/Resources/Styles/GraphEditorView.uss' with importer (ScriptedImporter : UnityEditor.CoreModule:UnityEditor.UIElements.StyleSheets:StyleSheetImporter)
Imported 'GUID: c8974112dad54614f894afd0042d3a60' -> (Import Result ID: 'f82fb177b55772f045762c0b22ed3476') in 0.019 seconds [static and dynamic dependencies]. Details - ImportResultOutputID=6bdbf8cb49e2d649af54e952b78f7dcd DependenciesID=21442fb7744148d8ad72b23413db3325 StaticDependenciesID=1c9b58de1b52932d2891ff02a379744a 
Importing 'GUID: 191128023ec19d143b9328a73ff33d8c - Path: Packages/com.unity.shadergraph/Editor/Resources/Styles/Controls/MultiFloatSlotControlView.uss' with importer (ScriptedImporter : UnityEditor.CoreModule:UnityEditor.UIElements.StyleSheets:StyleSheetImporter)
Imported 'GUID: 191128023ec19d143b9328a73ff33d8c' -> (Import Result ID: '6824d780de3e4f71c8b2550cb641c755') in 0.008 seconds [static and dynamic dependencies]. Details - ImportResultOutputID=b77995c45244f59d6682d4465f287f30 DependenciesID=c25470317ac95ad92ee6dd47469ac921 StaticDependenciesID=cacf478b759254615c11d65c0da3f38e 
Importing 'GUID: 49f440ce949d5b944bccdfef70f2aca7 - Path: Packages/com.unity.shadergraph/Editor/Resources/StickyNote.uss' with importer (ScriptedImporter : UnityEditor.CoreModule:UnityEditor.UIElements.StyleSheets:StyleSheetImporter)
Imported 'GUID: 49f440ce949d5b944bccdfef70f2aca7' -> (Import Result ID: '6c013b9b2133335a6435c05fe78961ed') in 0.022 seconds [static and dynamic dependencies]. Details - ImportResultOutputID=169f791fcf36758516a6116618066859 DependenciesID=0eaa6769360ebc2b9497578d291e4012 StaticDependenciesID=08a34d06a80b3d4122688926536abe82 
Importing 'GUID: 59bba4c88ab5f464d9a8f51088561c48 - Path: Packages/com.unity.shadergraph/Editor/Resources/Styles/NodeSettings.uss' with importer (ScriptedImporter : UnityEditor.CoreModule:UnityEditor.UIElements.StyleSheets:StyleSheetImporter)
Imported 'GUID: 59bba4c88ab5f464d9a8f51088561c48' -> (Import Result ID: 'd28c9d1a91ce4d38139e1da546aa29ca') in 0.009 seconds [static and dynamic dependencies]. Details - ImportResultOutputID=87674d723f33eb28a77c9a5658948bea DependenciesID=2fd4e45c1ceb5ad59f403eaa9b017e51 StaticDependenciesID=cf84f8e8796fac1e4a1bb018a2d5943f 
Importing 'GUID: 69e7ab73923f93149821ac3a88b84856 - Path: Assets/TutorialInfo/StyleSheets/ReadmeEditorLight.uss' with importer (ScriptedImporter : UnityEditor.CoreModule:UnityEditor.UIElements.StyleSheets:StyleSheetImporter)
Imported 'GUID: 69e7ab73923f93149821ac3a88b84856' -> (Import Result ID: 'd56c1f1a32aab5197b32a2374df35148') in 0.007 seconds [static and dynamic dependencies]. Details - ImportResultOutputID=1c5711877fbdece37a75edbf464b900c DependenciesID=dab71d6d428ebe7033bcb15fc57b1ff7 StaticDependenciesID=7520acc903f97f02283a7ac0f686426c 
Importing 'GUID: 69d9130ff4b1d8847904bf9579adc7e0 - Path: Packages/com.unity.shadergraph/Editor/Resources/Styles/Controls/TextureSlotControlView.uss' with importer (ScriptedImporter : UnityEditor.CoreModule:UnityEditor.UIElements.StyleSheets:StyleSheetImporter)
Imported 'GUID: 69d9130ff4b1d8847904bf9579adc7e0' -> (Import Result ID: '0da2e25328bb1ac83b3fec8bd154ae61') in 0.010 seconds [static and dynamic dependencies]. Details - ImportResultOutputID=fe435d75fd2f0ecdb65cec27b9fa40ee DependenciesID=dbc182e130bbcce1054af5d1d3a00686 StaticDependenciesID=4b48bc4fcb1cda9254a3cae93e8f8060 
Importing 'GUID: 79edeef1474952e41b017ad4ac812f5e - Path: Packages/com.unity.shadergraph/Editor/Resources/Styles/Controls/UVSlotControlView.uss' with importer (ScriptedImporter : UnityEditor.CoreModule:UnityEditor.UIElements.StyleSheets:StyleSheetImporter)
Imported 'GUID: 79edeef1474952e41b017ad4ac812f5e' -> (Import Result ID: 'bd1475230553012d080ac555d49d3d2b') in 0.005 seconds [static and dynamic dependencies]. Details - ImportResultOutputID=b6c2ccc8dad1d8d79ec30d741fb201f1 DependenciesID=da94e26c6d1de65c514fc35e22d1591c StaticDependenciesID=2dde94234514edc43edbcf2c7e68bac9 
Importing 'GUID: 997219cac3e66d746b7f6bc09d0e9967 - Path: Packages/com.unity.shadergraph/Editor/Resources/Styles/Controls/SliderSlotControlView.uss' with importer (ScriptedImporter : UnityEditor.CoreModule:UnityEditor.UIElements.StyleSheets:StyleSheetImporter)
Imported 'GUID: 997219cac3e66d746b7f6bc09d0e9967' -> (Import Result ID: '5f9155c6eb311db1f523da61e36f6152') in 0.008 seconds [static and dynamic dependencies]. Details - ImportResultOutputID=14963afd6dd3ef20e9ae8314a73f36e9 DependenciesID=6fdf24f3f44f827683e16b03a98bcb20 StaticDependenciesID=4756e7b6f5615117e3dd2fc827111e70 
Importing 'GUID: 99d6d41531ec36841953987e7ae78317 - Path: Packages/com.unity.shadergraph/Editor/Resources/Styles/Controls/ChannelMixerControlView.uss' with importer (ScriptedImporter : UnityEditor.CoreModule:UnityEditor.UIElements.StyleSheets:StyleSheetImporter)
Imported 'GUID: 99d6d41531ec36841953987e7ae78317' -> (Import Result ID: 'cbdd9283cb6abb7fbba79a95444955f1') in 0.008 seconds [static and dynamic dependencies]. Details - ImportResultOutputID=a28dbacbd6ba634ca94ca79c83af982c DependenciesID=ef387bac3822064f6cdb16a585fec789 StaticDependenciesID=8dc7d9f34d42b0ab8c7bfde6e1e07056 
Importing 'GUID: c95091ab1e1b926498a5938a7d0e1ef6 - Path: Packages/com.unity.shadergraph/Editor/Resources/Styles/MaterialGraphView.uss' with importer (ScriptedImporter : UnityEditor.CoreModule:UnityEditor.UIElements.StyleSheets:StyleSheetImporter)
Imported 'GUID: c95091ab1e1b926498a5938a7d0e1ef6' -> (Import Result ID: '07aa5a432472ecdbb8daaf654eddb2c7') in 0.005 seconds [static and dynamic dependencies]. Details - ImportResultOutputID=4652c46a57f1bb4abc5b16f022267875 DependenciesID=b172d348e1e42c55057c80244b669c79 StaticDependenciesID=bc6f64ee125963766ab84a3bbecbcb9b 
Importing 'GUID: d9a970c4d408c408b888ee0caa8403eb - Path: Packages/com.unity.shadergraph/Editor/Resources/Styles/ColorMode.uss' with importer (ScriptedImporter : UnityEditor.CoreModule:UnityEditor.UIElements.StyleSheets:StyleSheetImporter)
Imported 'GUID: d9a970c4d408c408b888ee0caa8403eb' -> (Import Result ID: '16b01a7e3f1678c37efd485f4ee49417') in 0.007 seconds [static and dynamic dependencies]. Details - ImportResultOutputID=595ae89d53a6f38e9ffab37f9f37c17e DependenciesID=eab288162c3f4010a698ba7509ae8b7b StaticDependenciesID=bf34a286dab374402f68fa9283680250 
Importing 'GUID: e98085123be873947970c4f10099a39a - Path: Packages/com.unity.timeline/Editor/StyleSheets/Extensions/light.uss' with importer (ScriptedImporter : UnityEditor.CoreModule:UnityEditor.UIElements.StyleSheets:StyleSheetImporter)
Imported 'GUID: e98085123be873947970c4f10099a39a' -> (Import Result ID: 'f570b782d86890ee8377d86e642b2948') in 0.013 seconds [static and dynamic dependencies]. Details - ImportResultOutputID=74e6d33b9c56a8b36f0a0428ef19dd97 DependenciesID=479f9c0db10a81716cc7ddc357d0024d StaticDependenciesID=5687d7456148f433743493c86f840f54 
Importing 'GUID: 2af887df8cf23de4f9bf550f4e917c18 - Path: Packages/com.unity.shadergraph/Editor/Resources/Styles/PropertyRow.uss' with importer (ScriptedImporter : UnityEditor.CoreModule:UnityEditor.UIElements.StyleSheets:StyleSheetImporter)
Imported 'GUID: 2af887df8cf23de4f9bf550f4e917c18' -> (Import Result ID: '3e2a3c9c1f9fdc860086810b0fe76cb1') in 0.008 seconds [static and dynamic dependencies]. Details - ImportResultOutputID=6b1de641d45b30e8f3d1a5fe80cae1bc DependenciesID=e96437767c57311e79796d9d9e9a8a98 StaticDependenciesID=93e4d614584ba84d710fc6c68afe8823 
Importing 'GUID: 3a8aa4d508da46d4dace18b280f064aa - Path: Packages/com.unity.render-pipelines.core/Runtime/Debugging/Runtime UI Resources/RuntimeDebugWindow.uss' with importer (ScriptedImporter : UnityEditor.CoreModule:UnityEditor.UIElements.StyleSheets:StyleSheetImporter)
Imported 'GUID: 3a8aa4d508da46d4dace18b280f064aa' -> (Import Result ID: '29e3a5bfeb738eedb172aa0fabfda2af') in 0.032 seconds [static and dynamic dependencies]. Details - ImportResultOutputID=87565bdfb0efd9b9d44aaa714126cfe2 DependenciesID=7cea1b861cce06fc2f86ab75b307e321 StaticDependenciesID=682ee04cb67d7ae8dfc7629762fc459c 
Importing 'GUID: 8a80fd0ae214be84187160e65df52a8c - Path: Packages/com.unity.shadergraph/Editor/Resources/Styles/Controls/ToggleControlView.uss' with importer (ScriptedImporter : UnityEditor.CoreModule:UnityEditor.UIElements.StyleSheets:StyleSheetImporter)
Imported 'GUID: 8a80fd0ae214be84187160e65df52a8c' -> (Import Result ID: '46eb8931c09e72191938628d267f3d52') in 0.006 seconds [static and dynamic dependencies]. Details - ImportResultOutputID=714ceaa0093cc3b714be8d34e01191b7 DependenciesID=df59cf0890d36a0aa0d563717e77f2ae StaticDependenciesID=c80f29d93cbc9a06c3aabd3a8f796b71 
Importing 'GUID: da559d27fc411114ab78e3561b55270a - Path: Packages/com.unity.shadergraph/Editor/Resources/Styles/Controls/MultiIntegerSlotControlView.uss' with importer (ScriptedImporter : UnityEditor.CoreModule:UnityEditor.UIElements.StyleSheets:StyleSheetImporter)
Imported 'GUID: da559d27fc411114ab78e3561b55270a' -> (Import Result ID: '185dfd36b2c0075683385d3a24a454f8') in 0.006 seconds [static and dynamic dependencies]. Details - ImportResultOutputID=94f5f42057d9242bfb6be73ad35cfcb1 DependenciesID=59babb4703213cd0359e462494eaad66 StaticDependenciesID=f54513572d9e9cae70795711c66b7897 
Importing 'GUID: ea2283109445d45fc9ebf2d974eb7094 - Path: Packages/com.unity.render-pipelines.universal/Editor/2D/Profiler/UI/U2DGraphicsStatisticView/U2DGraphicsStatisticView.uss' with importer (ScriptedImporter : UnityEditor.CoreModule:UnityEditor.UIElements.StyleSheets:StyleSheetImporter)
Imported 'GUID: ea2283109445d45fc9ebf2d974eb7094' -> (Import Result ID: '6a4104ab419c66e27179b96994f4f1ec') in 0.008 seconds [static and dynamic dependencies]. Details - ImportResultOutputID=4c1743e0cc6a61bce08ba47cfb21a32f DependenciesID=e8043fc7f68d11219eb68090fb1ab3f8 StaticDependenciesID=fe9be8a1e965b422731f57ededf2ca80 
Importing 'GUID: ea848c0881e1f4457ab6392ba7cbfd96 - Path: Packages/com.unity.render-pipelines.universal/Editor/2D/Profiler/UI/U2DGraphicsProfilerView/U2DGraphicsProfilerView.uss' with importer (ScriptedImporter : UnityEditor.CoreModule:UnityEditor.UIElements.StyleSheets:StyleSheetImporter)
Imported 'GUID: ea848c0881e1f4457ab6392ba7cbfd96' -> (Import Result ID: '259e99f9d41ab0998da8c7df9a5ab922') in 0.005 seconds [static and dynamic dependencies]. Details - ImportResultOutputID=32ddd13a5f1ba0609bc461665c003bf1 DependenciesID=92bc6834a8a34d6ad1e78cbe4c787a57 StaticDependenciesID=b8e3bbcd52cde2d9ce51388ae80530cb 
Importing 'GUID: 4b038bc8dced2a440bc294aeff20a4ac - Path: Packages/com.unity.shadergraph/Editor/Resources/Styles/Controls/ColorControlView.uss' with importer (ScriptedImporter : UnityEditor.CoreModule:UnityEditor.UIElements.StyleSheets:StyleSheetImporter)
Imported 'GUID: 4b038bc8dced2a440bc294aeff20a4ac' -> (Import Result ID: '8d11d2b21438b3c5a1608248405277fa') in 0.007 seconds [static and dynamic dependencies]. Details - ImportResultOutputID=b2c4836f8f127f9f21a998580fbd8d55 DependenciesID=4a5edacc06fca2f8c45968338816458d StaticDependenciesID=89f0591120dfcf6de9f4ffd7ea6b713d 
Importing 'GUID: 4b3af3115f6d00b41a5655ef26d54683 - Path: Packages/com.unity.render-pipelines.core/Editor/StyleSheets/HelpButton.uss' with importer (ScriptedImporter : UnityEditor.CoreModule:UnityEditor.UIElements.StyleSheets:StyleSheetImporter)
Imported 'GUID: 4b3af3115f6d00b41a5655ef26d54683' -> (Import Result ID: 'f36cf83fe4b3ad65ee25ad307e2457f2') in 0.006 seconds [static and dynamic dependencies]. Details - ImportResultOutputID=1a284106a88388b222a9809e11c304f8 DependenciesID=301d71a41938b89b5896c797112eb25f StaticDependenciesID=bc1bcd370c13d24bf4f76db247369ffa 
Importing 'GUID: 8bf46326c944b984c9084f09aef9b2e2 - Path: Packages/com.unity.render-pipelines.core/Editor/StyleSheets/RenderGraphViewerLight.uss' with importer (ScriptedImporter : UnityEditor.CoreModule:UnityEditor.UIElements.StyleSheets:StyleSheetImporter)
Imported 'GUID: 8bf46326c944b984c9084f09aef9b2e2' -> (Import Result ID: 'af94e333f301d013ffb2a818df964103') in 0.023 seconds [static and dynamic dependencies]. Details - ImportResultOutputID=522c44e85712f6c6247250c3846e0c6b DependenciesID=99ff1ae023d1104f327f08b8a910cc97 StaticDependenciesID=ce7d3150157a7efd5e016ade7c994209 
Importing 'GUID: 1cd69f37df825af4385cd9efe745fc30 - Path: Packages/com.unity.collab-proxy/Editor/Assets/Styles/TeamEditionConfigurationWindow.uss' with importer (ScriptedImporter : UnityEditor.CoreModule:UnityEditor.UIElements.StyleSheets:StyleSheetImporter)
Imported 'GUID: 1cd69f37df825af4385cd9efe745fc30' -> (Import Result ID: 'c27da4f66ff130e558d9213c4f2f38b2') in 0.009 seconds [static and dynamic dependencies]. Details - ImportResultOutputID=c4c9eb530c8c8ed291128059b0200e82 DependenciesID=2dd924572f89a19d16c639f5556c3335 StaticDependenciesID=5b67b82dbd40c195f1755fcfe3269f36 
Importing 'GUID: 1cea6b2114919574aac870488908a2e0 - Path: Packages/com.unity.shadergraph/Editor/Resources/Styles/PortInputView.uss' with importer (ScriptedImporter : UnityEditor.CoreModule:UnityEditor.UIElements.StyleSheets:StyleSheetImporter)
Imported 'GUID: 1cea6b2114919574aac870488908a2e0' -> (Import Result ID: 'b8781ff88bf0ccc2f5e869d694b709d4') in 0.025 seconds [static and dynamic dependencies]. Details - ImportResultOutputID=da886354f6bf644918e0c415a461af5c DependenciesID=c9e9b1da8b85445cafc259548505ce00 StaticDependenciesID=5bbdf2e78346d1105e8debbfc37b3b49 
Importing 'GUID: 4c978c0398e4eaf4798f3b138bb08f7a - Path: Packages/com.unity.render-pipelines.core/Editor-PrivateShared/Tools/Converter/Window/RenderPipelineConverterVisualElement.uss' with importer (ScriptedImporter : UnityEditor.CoreModule:UnityEditor.UIElements.StyleSheets:StyleSheetImporter)
Imported 'GUID: 4c978c0398e4eaf4798f3b138bb08f7a' -> (Import Result ID: 'd8eb414829f2669de96b3c2959b1392d') in 0.011 seconds [static and dynamic dependencies]. Details - ImportResultOutputID=d78ff00ea2f3f8a242eb2ba91bfd4c85 DependenciesID=a29ecfeff6244f160b7b18514101d71f StaticDependenciesID=9914e2a47b02a79a613fa275502fefc3 
Importing 'GUID: acd20f0eca2b65544b43e657d5d713fe - Path: Packages/com.unity.shadergraph/Editor/Resources/Styles/PropertySheet.uss' with importer (ScriptedImporter : UnityEditor.CoreModule:UnityEditor.UIElements.StyleSheets:StyleSheetImporter)
Imported 'GUID: acd20f0eca2b65544b43e657d5d713fe' -> (Import Result ID: 'e3682dfdfa271633d7d0230c951a69b5') in 0.008 seconds [static and dynamic dependencies]. Details - ImportResultOutputID=4bd0c8e39775d97747221b7bbc902973 DependenciesID=82aac7f41024acac317e7a42adcd7c70 StaticDependenciesID=8733dbb1585177f6086141aae23ee192 
Importing 'GUID: cca9ce0c8554d5244930f14c21489ac1 - Path: Packages/com.unity.inputsystem/InputSystem/Editor/UITKAssetEditor/PackageResources/InputAssetEditorDark.uss' with importer (ScriptedImporter : UnityEditor.CoreModule:UnityEditor.UIElements.StyleSheets:StyleSheetImporter)
Imported 'GUID: cca9ce0c8554d5244930f14c21489ac1' -> (Import Result ID: '2c24e75fcad8287980e555d2917e8fa5') in 0.005 seconds [static and dynamic dependencies]. Details - ImportResultOutputID=97b3a01a15c11431b2a2b48aba349f78 DependenciesID=d2752d92635e392392fadff83bb0f5cd StaticDependenciesID=2f194d52abedb621a2f0b0beed05c170 
Importing 'GUID: dc364c42ee0194a4cace7e9e86e0b9dc - Path: Packages/com.unity.render-pipelines.core/Editor/StyleSheets/HeaderFoldoutLight.uss' with importer (ScriptedImporter : UnityEditor.CoreModule:UnityEditor.UIElements.StyleSheets:StyleSheetImporter)
Imported 'GUID: dc364c42ee0194a4cace7e9e86e0b9dc' -> (Import Result ID: '18041282b086228b684f17d1fee38bc3') in 0.005 seconds [static and dynamic dependencies]. Details - ImportResultOutputID=b524ec8088c72a33860d6b3b06f0751e DependenciesID=df061555286a17b96d68133c036aa77c StaticDependenciesID=1911caddd313deb1c54ac6141bd8bb3b 
Importing 'GUID: 1db7b9bf1f9186d44ba7fefd3bc715c6 - Path: Packages/com.unity.shadergraph/Editor/Resources/Styles/Controls/ChannelEnumMaskControlView.uss' with importer (ScriptedImporter : UnityEditor.CoreModule:UnityEditor.UIElements.StyleSheets:StyleSheetImporter)
Imported 'GUID: 1db7b9bf1f9186d44ba7fefd3bc715c6' -> (Import Result ID: '4466d42d94d6cba7f679940b33c6f86d') in 0.005 seconds [static and dynamic dependencies]. Details - ImportResultOutputID=716bde169da26416f38c1a6e40653d46 DependenciesID=8d6ade8d77fc89b31599300cf10c8182 StaticDependenciesID=5bc98ff386b255d1449842fa2cdedff6 
Importing 'GUID: 4deaa574907fd7647ab0d5bff0e9ba24 - Path: Packages/com.unity.searcher/Editor/Resources/Searcher.uss' with importer (ScriptedImporter : UnityEditor.CoreModule:UnityEditor.UIElements.StyleSheets:StyleSheetImporter)
Imported 'GUID: 4deaa574907fd7647ab0d5bff0e9ba24' -> (Import Result ID: 'e4013565ebec9b5e71de9e8442ae8ead') in 0.022 seconds [static and dynamic dependencies]. Details - ImportResultOutputID=b973b73706d3e9a45917ede9581d89e3 DependenciesID=e73013128219fa985a1ba23381a0ed12 StaticDependenciesID=0567421c4f525f015a23887aba66b139 
Importing 'GUID: 7dac9c49a90bca4499371d0adc9b617b - Path: Packages/com.unity.inputsystem/InputSystem/Editor/UITKAssetEditor/PackageResources/InputActionsEditorStyles.uss' with importer (ScriptedImporter : UnityEditor.CoreModule:UnityEditor.UIElements.StyleSheets:StyleSheetImporter)
Imported 'GUID: 7dac9c49a90bca4499371d0adc9b617b' -> (Import Result ID: '99a57884a3b42fe40b55113732a98996') in 0.030 seconds [static and dynamic dependencies]. Details - ImportResultOutputID=4b24f6fdb2766da078d2e01e97b62205 DependenciesID=84b15916a23a2d9174f705feabf11507 StaticDependenciesID=12e4198497d832a2cbdb104d0aa4fc74 
Importing 'GUID: 8d40f6518d8654aa4bf083cc5897f8ee - Path: Packages/com.unity.shadergraph/Editor/Resources/Styles/Controls/Texture3DSlotControlView.uss' with importer (ScriptedImporter : UnityEditor.CoreModule:UnityEditor.UIElements.StyleSheets:StyleSheetImporter)
Imported 'GUID: 8d40f6518d8654aa4bf083cc5897f8ee' -> (Import Result ID: '097d1f8e42baff2f286f1a5cc372749e') in 0.006 seconds [static and dynamic dependencies]. Details - ImportResultOutputID=6577b8d11fb3547c3bfa8ce136a41992 DependenciesID=10e4d8c16e13e85e956ad443953749b5 StaticDependenciesID=606e400e8e8b7b6650e4aee2331c7e68 
Importing 'GUID: 8d3443495105d4166996158d4b321c21 - Path: Packages/com.unity.shadergraph/Editor/Resources/Styles/Controls/GradientControlView.uss' with importer (ScriptedImporter : UnityEditor.CoreModule:UnityEditor.UIElements.StyleSheets:StyleSheetImporter)
Imported 'GUID: 8d3443495105d4166996158d4b321c21' -> (Import Result ID: 'cec4ee1c184d246345dcfe2d314958ac') in 0.006 seconds [static and dynamic dependencies]. Details - ImportResultOutputID=1852459eade035b455003ea255c82e20 DependenciesID=ab821222753206a80ef4d68c16766ef0 StaticDependenciesID=d2ffd368e0a0df6a85e5ca3248562324 
Importing 'GUID: 8dfac6eef2d89e8428c7a79b147413db - Path: Packages/com.unity.shadergraph/Editor/Resources/Styles/Controls/ChannelEnumControlView.uss' with importer (ScriptedImporter : UnityEditor.CoreModule:UnityEditor.UIElements.StyleSheets:StyleSheetImporter)
Imported 'GUID: 8dfac6eef2d89e8428c7a79b147413db' -> (Import Result ID: '8d7835b20a80aeaadecfcb0c8e6ee51a') in 0.006 seconds [static and dynamic dependencies]. Details - ImportResultOutputID=aab0bdd82240d9b5cbd7941ab551bdd8 DependenciesID=a2fae85677bc980e394937e9760f5686 StaticDependenciesID=6bb739c677dfa8c2ec977f4cc3f28703 
Importing 'GUID: ada555936059fa149bb48537842ee230 - Path: Packages/com.unity.timeline/Editor/StyleSheets/Extensions/common.uss' with importer (ScriptedImporter : UnityEditor.CoreModule:UnityEditor.UIElements.StyleSheets:StyleSheetImporter)
Imported 'GUID: ada555936059fa149bb48537842ee230' -> (Import Result ID: 'acca5431ad043ab2562fa3340d2462cf') in 0.031 seconds [static and dynamic dependencies]. Details - ImportResultOutputID=3bc224ea268557c50d10653f4c742758 DependenciesID=266f5b8a0c54ed6e8e28d0c5e02cd4dc StaticDependenciesID=6b608d3adc9e28f40f9a7a6c681b8d13 
Importing 'GUID: cd410e8cdc0119a46a753f48e79c8d07 - Path: Packages/com.unity.render-pipelines.core/Editor/StyleSheets/VolumeEditor.uss' with importer (ScriptedImporter : UnityEditor.CoreModule:UnityEditor.UIElements.StyleSheets:StyleSheetImporter)
Imported 'GUID: cd410e8cdc0119a46a753f48e79c8d07' -> (Import Result ID: '06e9d3edfca3c845da7cec2645a9a004') in 0.020 seconds [static and dynamic dependencies]. Details - ImportResultOutputID=ca67c6c35e2414e1fb1a7c2d1a3b4cf0 DependenciesID=c35ebcef80d06a8dda61cefdda254881 StaticDependenciesID=c4bb73c166c19574998e873b25659a98 
Importing 'GUID: eded20d65a4c8a7489e4df3772953e51 - Path: Packages/com.unity.timeline/Editor/StyleSheets/ClipInspector.uss' with importer (ScriptedImporter : UnityEditor.CoreModule:UnityEditor.UIElements.StyleSheets:StyleSheetImporter)
Imported 'GUID: eded20d65a4c8a7489e4df3772953e51' -> (Import Result ID: '8cb69ca9cc2b5ad2a1eeed83595f8e75') in 0.011 seconds [static and dynamic dependencies]. Details - ImportResultOutputID=9dfa45e268098d11fe495cbf9ab5427b DependenciesID=85573dc03598565754cd711456d9a760 StaticDependenciesID=3d5ac59ca077cec77c32d6ed1c249e5b 
Importing 'GUID: fd5cb3dd3de574f1585db92b6689f86a - Path: Packages/com.unity.render-pipelines.universal/Editor/2D/LightBatchingDebugger/LightBatchingDebugger.uss' with importer (ScriptedImporter : UnityEditor.CoreModule:UnityEditor.UIElements.StyleSheets:StyleSheetImporter)
Imported 'GUID: fd5cb3dd3de574f1585db92b6689f86a' -> (Import Result ID: 'fe79f290785d065764553830a14779f9') in 0.033 seconds [static and dynamic dependencies]. Details - ImportResultOutputID=e0e3281a97cf5335ce9245c412220f0e DependenciesID=c0a14de8c80333c348321badd0ebec40 StaticDependenciesID=9262401684e245eeb06abe58c8457f77 
Importing 'GUID: 2e54b39aedaf3ae4a866b97489135739 - Path: Packages/com.unity.render-pipelines.core/Editor/StyleSheets/HeaderFoldoutDark.uss' with importer (ScriptedImporter : UnityEditor.CoreModule:UnityEditor.UIElements.StyleSheets:StyleSheetImporter)
Imported 'GUID: 2e54b39aedaf3ae4a866b97489135739' -> (Import Result ID: 'c34e66aeabb6e3410023a66a2b3dbc62') in 0.006 seconds [static and dynamic dependencies]. Details - ImportResultOutputID=87f6208a742ce760c815720f5ab4f0db DependenciesID=ef0c591a83b2ce6b7243da73571e2005 StaticDependenciesID=13efc1e31cfbaf78d1b8cb6e1f5ab2a7 
Importing 'GUID: 3eb99c80b411349188e1e5167887ac6c - Path: Packages/com.unity.ai.navigation/Editor/ConversionSystem/converter_editor.uss' with importer (ScriptedImporter : UnityEditor.CoreModule:UnityEditor.UIElements.StyleSheets:StyleSheetImporter)
Imported 'GUID: 3eb99c80b411349188e1e5167887ac6c' -> (Import Result ID: '394bcd73d7bb2f002368b30a3c0dc6b7') in 0.006 seconds [static and dynamic dependencies]. Details - ImportResultOutputID=d5bfdd3e2c796d7cfee772f4217b8bab DependenciesID=64c64927297839196cd335044a67435d StaticDependenciesID=b79120a08378c7d415f0774a9fbfe3ca 
Importing 'GUID: 5e7024ed0fd03984289320d04507bc0c - Path: Packages/com.unity.inputsystem/InputSystem/Editor/UITKAssetEditor/PackageResources/InputAssetEditorLight.uss' with importer (ScriptedImporter : UnityEditor.CoreModule:UnityEditor.UIElements.StyleSheets:StyleSheetImporter)
Imported 'GUID: 5e7024ed0fd03984289320d04507bc0c' -> (Import Result ID: 'a5b9fc9056c10722b10db43038be9a1c') in 0.005 seconds [static and dynamic dependencies]. Details - ImportResultOutputID=96a7bcb9f1df5504e925dc8e8da27f21 DependenciesID=e153b888296dcc4b56e106f55bce0591 StaticDependenciesID=a12bbb57d983ff2722d7be862d81fd21 
Importing 'GUID: 5e9b4f28f6ce05547b8679d0cff3e682 - Path: Packages/com.unity.render-pipelines.core/Editor-PrivateShared/Tools/Converter/Window/RenderPipelineConvertersEditor.uss' with importer (ScriptedImporter : UnityEditor.CoreModule:UnityEditor.UIElements.StyleSheets:StyleSheetImporter)
Imported 'GUID: 5e9b4f28f6ce05547b8679d0cff3e682' -> (Import Result ID: '30a86d6b923ebb42047218c5a75d0743') in 0.010 seconds [static and dynamic dependencies]. Details - ImportResultOutputID=ccfa6a61a118f0b1c4c26f67c27f0589 DependenciesID=58d11676e3d7fd3e05132f8afa25bb51 StaticDependenciesID=263d3fada5bf563901a265ba5f9658da 
Importing 'GUID: de00f44305d58df4baaf1fa227e8f79d - Path: Packages/com.unity.render-pipelines.core/Editor-PrivateShared/Tools/Converter/Window/RenderPipelineConverterVisualElementListFilter.uss' with importer (ScriptedImporter : UnityEditor.CoreModule:UnityEditor.UIElements.StyleSheets:StyleSheetImporter)
Imported 'GUID: de00f44305d58df4baaf1fa227e8f79d' -> (Import Result ID: 'd95e011b4d077dd347e6824f82cc6b9b') in 0.009 seconds [static and dynamic dependencies]. Details - ImportResultOutputID=b03db1337f6c7400a7e15397cda59821 DependenciesID=5c244e5adaba569bbdb9615f1291e6fe StaticDependenciesID=59c44484ceccea3974b35f70e0b01cf2 
Importing 'GUID: 0ff99fd36f66f1a41bcc1d3c90e0922a - Path: Packages/com.unity.render-pipelines.core/Runtime/Debugging/Runtime UI Resources/DebugWindowCommon.uss' with importer (ScriptedImporter : UnityEditor.CoreModule:UnityEditor.UIElements.StyleSheets:StyleSheetImporter)
Imported 'GUID: 0ff99fd36f66f1a41bcc1d3c90e0922a' -> (Import Result ID: '3a8a02ec357ab362f895dcc1c87ab510') in 0.013 seconds [static and dynamic dependencies]. Details - ImportResultOutputID=21a27cf65c335991ddf5559dd932b451 DependenciesID=53623432ae6629f72c200d3fd158dcde StaticDependenciesID=317c8c014ae953de5df33b39ddda166d 
Importing 'GUID: 1f902e57f049a7f47986618de93f5ee1 - Path: Assets/TutorialInfo/StyleSheets/ReadmeEditorDark.uss' with importer (ScriptedImporter : UnityEditor.CoreModule:UnityEditor.UIElements.StyleSheets:StyleSheetImporter)
Imported 'GUID: 1f902e57f049a7f47986618de93f5ee1' -> (Import Result ID: '3ad1f969ddf8dad14d1058b2e48ab254') in 0.005 seconds [static and dynamic dependencies]. Details - ImportResultOutputID=aef5fc14b7a1a45a31c1e40aa58e9819 DependenciesID=722a4c261346cdbdb6f7d46affd273e0 StaticDependenciesID=e632f2e04e608110fd97fa83840175d5 
Importing 'GUID: 5ff83f8997b534409b1595a0ea6750db - Path: Packages/com.unity.render-pipelines.core/Editor/Controls/ToggleDropdown.uss' with importer (ScriptedImporter : UnityEditor.CoreModule:UnityEditor.UIElements.StyleSheets:StyleSheetImporter)
Imported 'GUID: 5ff83f8997b534409b1595a0ea6750db' -> (Import Result ID: '03ad42762f5c32919a46de347c61ef45') in 0.015 seconds [static and dynamic dependencies]. Details - ImportResultOutputID=b7e5f1555690253578fa77149bf65bc1 DependenciesID=8a64ee54d962054e9dc76be6a7c31487 StaticDependenciesID=eb55b715a85348b7de7e1cc24de362a8 
Importing 'GUID: 5f9f1162b05e46646805842469135609 - Path: Packages/com.unity.shadergraph/Editor/Resources/Styles/Controls/ColorRGBSlotControlView.uss' with importer (ScriptedImporter : UnityEditor.CoreModule:UnityEditor.UIElements.StyleSheets:StyleSheetImporter)
Imported 'GUID: 5f9f1162b05e46646805842469135609' -> (Import Result ID: '8164a964b441175070e3b1811a6d615d') in 0.005 seconds [static and dynamic dependencies]. Details - ImportResultOutputID=d8175483c27643bb69c7ab0a1efd231b DependenciesID=5c31c68f547eb7a18ca5ede316656b03 StaticDependenciesID=9fec63af7558f8a51cfe713b48ac5c68 
Importing 'GUID: cf3ac3446e9c4333b9d16ece5c21317d - Path: Packages/com.unity.render-pipelines.core/Editor/StyleSheets/RenderGraphViewer.uss' with importer (ScriptedImporter : UnityEditor.CoreModule:UnityEditor.UIElements.StyleSheets:StyleSheetImporter)
Imported 'GUID: cf3ac3446e9c4333b9d16ece5c21317d' -> (Import Result ID: '7e23e2d7f36e40c8a383f1c58fa9f184') in 0.055 seconds [static and dynamic dependencies]. Details - ImportResultOutputID=44d6af74482d91ed701688d3cf17a4f7 DependenciesID=a6b8cae3aebd94fe42fac1bd3dcd066e StaticDependenciesID=e1fe8aaa4be94433f9bd2632955fc039 
Importing 'GUID: 76404632120e0ae4885fc7be8197097c - Path: Packages/com.unity.render-pipelines.core/Runtime/Debugging/Runtime UI Resources/RuntimeDebugWindow.tss' with importer (ScriptedImporter : UnityEditor.CoreModule:UnityEditor.UIElements.StyleSheets:ThemeStyleSheetImporter)
Imported 'GUID: 76404632120e0ae4885fc7be8197097c' -> (Import Result ID: '1b4beb96beb310ce7dbab10386680c76') in 0.120 seconds [static and dynamic dependencies]. Details - ImportResultOutputID=39498e2c4c7fa4a4704c617cb2082f64 DependenciesID=4ac08a76cc9f5050759306297faeac29 StaticDependenciesID=7115f234ea004ddfb9d44c322fc4cab5 
Importing 'GUID: 00387952e4f43ec45a9084e579a44e4e - Path: Packages/com.unity.render-pipelines.core/Editor/UXML/RenderGraphViewer.uxml' with importer (ScriptedImporter : UnityEditor.UIElementsModule:UnityEditor.UIElements:UIElementsViewImporter)
Imported 'GUID: 00387952e4f43ec45a9084e579a44e4e' -> (Import Result ID: 'ef826ca7ec3453c34a2b6ef051161dbf') in 0.070 seconds [static and dynamic dependencies]. Details - ImportResultOutputID=2d458734923dc313722df785d89c46a5 DependenciesID=4386b3cff3f0238fc0cba534e1925d88 StaticDependenciesID=f98571b5c3dda1b0e676b96b5356f3ec 
Importing 'GUID: 303ef5b13740f9a4db252c50122d2c62 - Path: Packages/com.unity.inputsystem/InputSystem/Editor/UITKAssetEditor/PackageResources/ControlSchemeEditor.uxml' with importer (ScriptedImporter : UnityEditor.UIElementsModule:UnityEditor.UIElements:UIElementsViewImporter)
Imported 'GUID: 303ef5b13740f9a4db252c50122d2c62' -> (Import Result ID: '940ca463e7b58583449441935ed697ca') in 0.022 seconds [static and dynamic dependencies]. Details - ImportResultOutputID=1bc192b049fbfd65d3f19c827d50e350 DependenciesID=616ea9513a3071f59be61a8455c01505 StaticDependenciesID=8ad22291a2f5e3f2b2310894b8baf483 
Importing 'GUID: 5029c7a42d2731a4599f3f85f37ea5a9 - Path: Packages/com.unity.shadergraph/Editor/Resources/UXML/Blackboard/SGBlackboardRow.uxml' with importer (ScriptedImporter : UnityEditor.UIElementsModule:UnityEditor.UIElements:UIElementsViewImporter)
Imported 'GUID: 5029c7a42d2731a4599f3f85f37ea5a9' -> (Import Result ID: 'e1ee044c42ed21af603b44663a0b3330') in 0.007 seconds [static and dynamic dependencies]. Details - ImportResultOutputID=022dc40a70e59939246ea20d6ac94c5c DependenciesID=cd7261d68b8a38e567da089defe7aae0 StaticDependenciesID=0eadfc42155dfae175f2048f5313a26a 
Importing 'GUID: d0b4821bb729cd24fbbe0af5feaa73ab - Path: Packages/com.unity.render-pipelines.core/Editor/UXML/DefaultVolumeProfileEditor.uxml' with importer (ScriptedImporter : UnityEditor.UIElementsModule:UnityEditor.UIElements:UIElementsViewImporter)
Imported 'GUID: d0b4821bb729cd24fbbe0af5feaa73ab' -> (Import Result ID: '26e16a2459d44f501df85028a00338d0') in 0.008 seconds [static and dynamic dependencies]. Details - ImportResultOutputID=851a7de97fb8218d5d60ed1cbeaf93ab DependenciesID=00985a4de8576b9e57272af49137d5ee StaticDependenciesID=523f3556cada98b597b204b476151b88 
Importing 'GUID: d0a8e201e79e1f441bdf295aef957220 - Path: Packages/com.unity.collab-proxy/Editor/Assets/Layouts/TabView.uxml' with importer (ScriptedImporter : UnityEditor.UIElementsModule:UnityEditor.UIElements:UIElementsViewImporter)
Imported 'GUID: d0a8e201e79e1f441bdf295aef957220' -> (Import Result ID: 'f6b6a8e54d3cb190bf9920ccf3a043b6') in 0.005 seconds [static and dynamic dependencies]. Details - ImportResultOutputID=5ea05209b20bc937600bfe4f718c6f5c DependenciesID=d7c25930e2028a9e0322d7cdef22ce8b StaticDependenciesID=94ae85c25f8ebbf06b1b1736918e7461 
Importing 'GUID: 013f0d4c935a24bc3be2e70185995077 - Path: Packages/com.unity.render-pipelines.universal/Editor/2D/Profiler/UI/U2DGraphicsProfilerView/U2DGraphicsProfilerView.uxml' with importer (ScriptedImporter : UnityEditor.UIElementsModule:UnityEditor.UIElements:UIElementsViewImporter)
Imported 'GUID: 013f0d4c935a24bc3be2e70185995077' -> (Import Result ID: 'b9b6eb68b1b025bf9096c0f6821b220a') in 0.006 seconds [static and dynamic dependencies]. Details - ImportResultOutputID=ac5996ecc0d1755b19ce17c356e51eb0 DependenciesID=fe227b54e315672a33550e105887c089 StaticDependenciesID=72ed10c33be794fd4672552660cc33a4 
Importing 'GUID: 913c727eecab25c489fa2adbad9c9ab8 - Path: Packages/com.unity.collab-proxy/Editor/Assets/Layouts/WaitingSignInPanel.uxml' with importer (ScriptedImporter : UnityEditor.UIElementsModule:UnityEditor.UIElements:UIElementsViewImporter)
Imported 'GUID: 913c727eecab25c489fa2adbad9c9ab8' -> (Import Result ID: '9c475fb01fad6a64a778627779e76acd') in 0.006 seconds [static and dynamic dependencies]. Details - ImportResultOutputID=962b45cc49ed8ae128e59882a2d84c35 DependenciesID=f06b0f158241e5cff79c7f000dcc09bb StaticDependenciesID=bd424769e9b87a3e3191eb3adf20abe3 
Importing 'GUID: 0229db2477529f049aa3683cfba9d23b - Path: Packages/com.unity.collab-proxy/Editor/Assets/Layouts/SignInWithEmailPanel.uxml' with importer (ScriptedImporter : UnityEditor.UIElementsModule:UnityEditor.UIElements:UIElementsViewImporter)
Imported 'GUID: 0229db2477529f049aa3683cfba9d23b' -> (Import Result ID: '3231fbc80d380c69668c94465c7140e0') in 0.007 seconds [static and dynamic dependencies]. Details - ImportResultOutputID=6438fdc112a37a4322ecc0c62b47362e DependenciesID=da8ca0cd57b94c8f887e589842d81409 StaticDependenciesID=4d8aefe59b8807b3ad1212f90642ba1c 
Importing 'GUID: 030429a4dd6c1d0439fed375372726bf - Path: Packages/com.unity.render-pipelines.core/Editor-PrivateShared/Tools/Converter/Window/RenderPipelineConverterVisualElement.uxml' with importer (ScriptedImporter : UnityEditor.UIElementsModule:UnityEditor.UIElements:UIElementsViewImporter)
Imported 'GUID: 030429a4dd6c1d0439fed375372726bf' -> (Import Result ID: 'c7b46d917ae170e43a792ae4783ecbff') in 0.011 seconds [static and dynamic dependencies]. Details - ImportResultOutputID=496de13ee9382da098ddedcd9e39c56b DependenciesID=f1ab4999d43c751174967c6bfadf50f5 StaticDependenciesID=51d4be9d89914b4a8bee1309b79ad9e4 
Importing 'GUID: 03960f03150747048893b7bfcdde9148 - Path: Packages/com.unity.render-pipelines.core/Editor-PrivateShared/Tools/Converter/Window/RenderPipelineConverterVisualElementListFilter.uxml' with importer (ScriptedImporter : UnityEditor.UIElementsModule:UnityEditor.UIElements:UIElementsViewImporter)
Imported 'GUID: 03960f03150747048893b7bfcdde9148' -> (Import Result ID: 'e2698ac6f253819fa702effcd12d9bfe') in 0.011 seconds [static and dynamic dependencies]. Details - ImportResultOutputID=654940703b521e937451b29b9c147d63 DependenciesID=0bd6be511fa38147a2b0e2aa0a6d232e StaticDependenciesID=a54c1b95b8fca8b6c0979964b8b72bd1 
Importing 'GUID: 232651f0deb5c4f098846bdb18845f8a - Path: Packages/com.unity.render-pipelines.universal/Editor/2D/Profiler/UI/U2DGraphicsHierarchyView/U2DGraphicsHierarchyView.uxml' with importer (ScriptedImporter : UnityEditor.UIElementsModule:UnityEditor.UIElements:UIElementsViewImporter)
Imported 'GUID: 232651f0deb5c4f098846bdb18845f8a' -> (Import Result ID: '4b7ef10e944b2d852d17fe4866a9217a') in 0.010 seconds [static and dynamic dependencies]. Details - ImportResultOutputID=d226a2ff1d745936db67ea55f34fb3b0 DependenciesID=a6f48b082c8d0838e465339c8dc6f218 StaticDependenciesID=bb7506390de5da5704c290b9f9ba4e76 
Importing 'GUID: d367e3b92ff05ac4eb99950f44cc0333 - Path: Packages/com.unity.render-pipelines.core/Editor/UXML/VolumeEditor.uxml' with importer (ScriptedImporter : UnityEditor.UIElementsModule:UnityEditor.UIElements:UIElementsViewImporter)
Imported 'GUID: d367e3b92ff05ac4eb99950f44cc0333' -> (Import Result ID: '41da3e31c8c3989c3bbcb097471958d0') in 0.011 seconds [static and dynamic dependencies]. Details - ImportResultOutputID=913fe2f70532c885c5e7783c16f0bb67 DependenciesID=d7665a0a8636448a01a837987f5862cf StaticDependenciesID=47f55033b0bba23310bdf0626f26b930 
Importing 'GUID: f339e526c7fc4e14daae8819172de9de - Path: Packages/com.unity.shadergraph/Editor/Resources/UXML/Blackboard/SGBlackboardField.uxml' with importer (ScriptedImporter : UnityEditor.UIElementsModule:UnityEditor.UIElements:UIElementsViewImporter)
Imported 'GUID: f339e526c7fc4e14daae8819172de9de' -> (Import Result ID: '8830b7df92fa8233f8ebf1eedac63101') in 0.007 seconds [static and dynamic dependencies]. Details - ImportResultOutputID=a1dd3d4aa9d4c1ccb281b5becdde46e3 DependenciesID=a211d84f5ac95b85d2173e35a85df693 StaticDependenciesID=f99dcf50d723df9066a03e469caac2a0 
Importing 'GUID: 449c8e5ca27af8e4a9db710c8be5e4df - Path: Packages/com.unity.inputsystem/InputSystem/Editor/UITKAssetEditor/PackageResources/BindingPanelRowTemplate.uxml' with importer (ScriptedImporter : UnityEditor.UIElementsModule:UnityEditor.UIElements:UIElementsViewImporter)
Imported 'GUID: 449c8e5ca27af8e4a9db710c8be5e4df' -> (Import Result ID: '97b99e7fa78af793adaac7ed8ff8840d') in 0.013 seconds [static and dynamic dependencies]. Details - ImportResultOutputID=c71ee71309e6cdb2ae5eaa592db9903e DependenciesID=3e8cd2c9dc1ab349f57971093c11f769 StaticDependenciesID=40f241c1a1219cfe62177ba9f0eba5f1 
Importing 'GUID: d4cc9867eee425f4dac7d5bb91f07845 - Path: Packages/com.unity.shadergraph/Editor/Resources/UXML/StickyNote.uxml' with importer (ScriptedImporter : UnityEditor.UIElementsModule:UnityEditor.UIElements:UIElementsViewImporter)
Imported 'GUID: d4cc9867eee425f4dac7d5bb91f07845' -> (Import Result ID: 'a9ea1f86d9213a407567b3a1b8135c11') in 0.006 seconds [static and dynamic dependencies]. Details - ImportResultOutputID=8c53138f3c2d93372ed53b39545cf42d DependenciesID=28245b4ef51235d9ad23a6a92e2c3e9f StaticDependenciesID=ba6a2781c9c8f2b6eff36723cb9ea47f 
Importing 'GUID: 452df07a8ad0c944c879a484d5890e61 - Path: Packages/com.unity.inputsystem/InputSystem/Editor/UITKAssetEditor/PackageResources/InputActionsTreeViewItem.uxml' with importer (ScriptedImporter : UnityEditor.UIElementsModule:UnityEditor.UIElements:UIElementsViewImporter)
Imported 'GUID: 452df07a8ad0c944c879a484d5890e61' -> (Import Result ID: '2f9e3bf5e459dd60b5d741c18bcf93ee') in 0.012 seconds [static and dynamic dependencies]. Details - ImportResultOutputID=02f56f27912a3dd93acbd583cca87cf6 DependenciesID=708751b0ada36226ef2b68b8b5c3c39b StaticDependenciesID=bb1bfe79a13db4e7c53bf912b0a58fa2 
Importing 'GUID: 75a33987e21d5ac449deecea3dcd864f - Path: Packages/com.unity.inputsystem/InputSystem/Editor/UITKAssetEditor/PackageResources/InputActionsProjectSettings.uxml' with importer (ScriptedImporter : UnityEditor.UIElementsModule:UnityEditor.UIElements:UIElementsViewImporter)
Imported 'GUID: 75a33987e21d5ac449deecea3dcd864f' -> (Import Result ID: '8db65e03559f460c72e10be71e52b60a') in 0.010 seconds [static and dynamic dependencies]. Details - ImportResultOutputID=c32c38a922dce220bd05629a3b63f480 DependenciesID=cd0e9f1182a5151c45ea86275268010d StaticDependenciesID=fc65415467a28a557ac81cf9d9db7412 
Importing 'GUID: 754a67c6d4788447895a4349508b2f37 - Path: Packages/com.unity.render-pipelines.universal/Editor/2D/LightBatchingDebugger/LayerBatch.uxml' with importer (ScriptedImporter : UnityEditor.UIElementsModule:UnityEditor.UIElements:UIElementsViewImporter)
Imported 'GUID: 754a67c6d4788447895a4349508b2f37' -> (Import Result ID: '34a86213a4a969e0d559046086ec0ec2') in 0.011 seconds [static and dynamic dependencies]. Details - ImportResultOutputID=098483c7719995785c492044821dbb3f DependenciesID=f101ea164eef9de87eece9937f569f16 StaticDependenciesID=7786a4f05db46e9ef031171f1679500c 
Importing 'GUID: d544070b9cd30430e880fd7beaede30a - Path: Packages/com.unity.render-pipelines.universal/Editor/2D/Profiler/UI/U2DGraphicsStatisticView/U2DGraphicsStatisticView.uxml' with importer (ScriptedImporter : UnityEditor.UIElementsModule:UnityEditor.UIElements:UIElementsViewImporter)
Imported 'GUID: d544070b9cd30430e880fd7beaede30a' -> (Import Result ID: '1d1427b17e75b1f5352020d84514b8db') in 0.014 seconds [static and dynamic dependencies]. Details - ImportResultOutputID=b502f9d38e5aff61271e56def2f48064 DependenciesID=d1c1f8766733af7d53f15360eeb2fff2 StaticDependenciesID=464c7ce03be08ef0ee75217237c28d2b 
Importing 'GUID: 26d3a583da6079145a52a8bef4beb6c5 - Path: Packages/com.unity.collab-proxy/Editor/Assets/Layouts/TeamEditionConfigurationWindow.uxml' with importer (ScriptedImporter : UnityEditor.UIElementsModule:UnityEditor.UIElements:UIElementsViewImporter)
Imported 'GUID: 26d3a583da6079145a52a8bef4beb6c5' -> (Import Result ID: 'a78941d7e02889daa2531b6e5578c04b') in 0.016 seconds [static and dynamic dependencies]. Details - ImportResultOutputID=ebea111feba9086fb787019cd851e811 DependenciesID=2ef6af0e9f46833dac658b2ba43c038c StaticDependenciesID=98637183f7efcb1d17357c60aa0bb05d 
Importing 'GUID: b6420407edc75d04f89d57eb2fcc314b - Path: Packages/com.unity.collab-proxy/Editor/Assets/Layouts/OrganizationPanel.uxml' with importer (ScriptedImporter : UnityEditor.UIElementsModule:UnityEditor.UIElements:UIElementsViewImporter)
Imported 'GUID: b6420407edc75d04f89d57eb2fcc314b' -> (Import Result ID: '6d6a3557b45419d06a0e32f72b6a3f1c') in 0.007 seconds [static and dynamic dependencies]. Details - ImportResultOutputID=9505e511b7a41363457d3c464bddb28e DependenciesID=95df12e88089643780ac3a6e15e14be3 StaticDependenciesID=4c7567b190e1b1a6626260e9d9bfc4b6 
Importing 'GUID: b647ceb1e15264943b9b439971e71110 - Path: Packages/com.unity.render-pipelines.core/Runtime/Debugging/Runtime UI Resources/RuntimeDebugWindow.uxml' with importer (ScriptedImporter : UnityEditor.UIElementsModule:UnityEditor.UIElements:UIElementsViewImporter)
Imported 'GUID: b647ceb1e15264943b9b439971e71110' -> (Import Result ID: 'a870a55e88b69febf1b890fde7530072') in 0.006 seconds [static and dynamic dependencies]. Details - ImportResultOutputID=ef8c0fccf91e8d2075918afffb3af5b2 DependenciesID=5451352612db19f5e099f11f16562045 StaticDependenciesID=8779c4ac13a23e1979a55e0cbf5d2518 
Importing 'GUID: c662e0d3cc3c4f948808f9847f715ef2 - Path: Packages/com.unity.inputsystem/InputSystem/Editor/UITKAssetEditor/PackageResources/InputActionsEditor.uxml' with importer (ScriptedImporter : UnityEditor.UIElementsModule:UnityEditor.UIElements:UIElementsViewImporter)
Imported 'GUID: c662e0d3cc3c4f948808f9847f715ef2' -> (Import Result ID: 'e3307f91f8cffbaaaa0859896a4271ad') in 0.018 seconds [static and dynamic dependencies]. Details - ImportResultOutputID=b5105ad988c4f3410111757c158f49e3 DependenciesID=cf6437f5ea53af5ee550825b5c24314b StaticDependenciesID=7cb00acc6db200cfe6ea807d684e969e 
Importing 'GUID: d6de7697d63d64fabbfb31425d93541e - Path: Packages/com.unity.ai.navigation/Editor/ConversionSystem/converter_widget_item.uxml' with importer (ScriptedImporter : UnityEditor.UIElementsModule:UnityEditor.UIElements:UIElementsViewImporter)
Imported 'GUID: d6de7697d63d64fabbfb31425d93541e' -> (Import Result ID: 'c3bdc6c6c3c74f8f9afc47e258659f97') in 0.009 seconds [static and dynamic dependencies]. Details - ImportResultOutputID=5581a3857bec8220ec69cd3ed2f259e5 DependenciesID=a3301fb879c90b115cf55f4aa176e29c StaticDependenciesID=cc4205d927a846e1b7976a8951c9fd49 
Importing 'GUID: b70651993c98eda43810c32b7416a21b - Path: Packages/com.unity.shadergraph/Editor/Resources/UXML/NodeSettings.uxml' with importer (ScriptedImporter : UnityEditor.UIElementsModule:UnityEditor.UIElements:UIElementsViewImporter)
Imported 'GUID: b70651993c98eda43810c32b7416a21b' -> (Import Result ID: '060949cf5372d6b33e7ce323d85d20b0') in 0.005 seconds [static and dynamic dependencies]. Details - ImportResultOutputID=ba224c4833de609217c0ec5afe9e09d2 DependenciesID=ead06022d071c2357097fcdc88c947ae StaticDependenciesID=39af6d0a3f223b4440c962e8386e0e2d 
Importing 'GUID: 18b097dd2d10fb442a321314f4541401 - Path: Packages/com.unity.collab-proxy/Editor/Assets/Layouts/SignInPanel.uxml' with importer (ScriptedImporter : UnityEditor.UIElementsModule:UnityEditor.UIElements:UIElementsViewImporter)
Imported 'GUID: 18b097dd2d10fb442a321314f4541401' -> (Import Result ID: 'b68a2a81f783404ab8a3a1c9db5844fd') in 0.006 seconds [static and dynamic dependencies]. Details - ImportResultOutputID=cf3b5f8367e565c07d128cc11713c238 DependenciesID=e740e1d47cab8902ab4a5a031603773a StaticDependenciesID=08071551319c1b6c9c93a47a7b73606a 
Importing 'GUID: 781e1a409e314b1fb13e3605a69680ba - Path: Packages/com.unity.shadergraph/Editor/Resources/UXML/HeatmapValuesEditor.uxml' with importer (ScriptedImporter : UnityEditor.UIElementsModule:UnityEditor.UIElements:UIElementsViewImporter)
Imported 'GUID: 781e1a409e314b1fb13e3605a69680ba' -> (Import Result ID: '9241893272a3aff2a454bd71631fab81') in 0.008 seconds [static and dynamic dependencies]. Details - ImportResultOutputID=57a2b872eed8b17234bb31818ed86163 DependenciesID=5fbdcc0f7210654e9c8a11c3d86b75c7 StaticDependenciesID=3171d224e6d0978787d606280c6d58cb 
Importing 'GUID: 98cf1ee902c59944796b97562a34faee - Path: Packages/com.unity.shadergraph/Editor/Resources/UXML/Blackboard/SGBlackboardCategory.uxml' with importer (ScriptedImporter : UnityEditor.UIElementsModule:UnityEditor.UIElements:UIElementsViewImporter)
Imported 'GUID: 98cf1ee902c59944796b97562a34faee' -> (Import Result ID: '37c1036552cbe6a2a6e2ccb629dc2b47') in 0.006 seconds [static and dynamic dependencies]. Details - ImportResultOutputID=b1376067c0a4228aa346bcccc20f3fc3 DependenciesID=2ba5d64b01790741410b5e24c2a6e32d StaticDependenciesID=94158d8234d0672a6266590fa5fa7f0d 
Importing 'GUID: d8d5beb40e5c9f94f95d805868251329 - Path: Packages/com.unity.render-pipelines.core/Editor/UXML/RenderPipelineGlobalSettings.uxml' with importer (ScriptedImporter : UnityEditor.UIElementsModule:UnityEditor.UIElements:UIElementsViewImporter)
Imported 'GUID: d8d5beb40e5c9f94f95d805868251329' -> (Import Result ID: '8a95357fb1a1289bcef88cecdd985809') in 0.008 seconds [static and dynamic dependencies]. Details - ImportResultOutputID=4bbdda991cf753a3a11f357b6baad419 DependenciesID=a1246776e67e16bb4029f994c1a830d3 StaticDependenciesID=755e864bf09266e5da4961624c0871e9 
Importing 'GUID: 793d6318ba59ca94381b936836fe697d - Path: Packages/com.unity.searcher/Editor/Resources/SearcherItem.uxml' with importer (ScriptedImporter : UnityEditor.UIElementsModule:UnityEditor.UIElements:UIElementsViewImporter)
Imported 'GUID: 793d6318ba59ca94381b936836fe697d' -> (Import Result ID: '039ad49f70e283ad747f44dbced7c648') in 0.006 seconds [static and dynamic dependencies]. Details - ImportResultOutputID=da3697feee609337da039cc3f5c7af93 DependenciesID=8ac7a2d6eadf35ae913dce13ae15a737 StaticDependenciesID=08f8dbaa8d3cf6d0cb4c831b91bc0008 
Importing 'GUID: aaa3e510761864dac9b71f85526490d6 - Path: Packages/com.unity.ai.navigation/Editor/ConversionSystem/converter_widget.uxml' with importer (ScriptedImporter : UnityEditor.UIElementsModule:UnityEditor.UIElements:UIElementsViewImporter)
Imported 'GUID: aaa3e510761864dac9b71f85526490d6' -> (Import Result ID: 'e853453f627a668f262a8d997a468d72') in 0.011 seconds [static and dynamic dependencies]. Details - ImportResultOutputID=9b7039fea0dd619bb6912180f41653b1 DependenciesID=5ac1a3daaeabaca9625310c0e23e4791 StaticDependenciesID=5bc6ad9f811d9d3d41262a245632e933 
Importing 'GUID: da37dcca55e437b4a9eeebff722ad51f - Path: Packages/com.unity.searcher/Editor/Resources/SearcherWindow.uxml' with importer (ScriptedImporter : UnityEditor.UIElementsModule:UnityEditor.UIElements:UIElementsViewImporter)
Imported 'GUID: da37dcca55e437b4a9eeebff722ad51f' -> (Import Result ID: '843ff629f3b21093d62baf34996276de') in 0.008 seconds [static and dynamic dependencies]. Details - ImportResultOutputID=831a41dd2fab4b7137581865dd9c4a75 DependenciesID=3052d3127be81147d2e5635840149e8f StaticDependenciesID=3a48be43f7edff1aa40d071360b54d6f 
Importing 'GUID: 2bd2d0548382d58489e8c2999daf4139 - Path: Packages/com.unity.inputsystem/InputSystem/Editor/UITKAssetEditor/PackageResources/CompositeBindingPropertiesEditor.uxml' with importer (ScriptedImporter : UnityEditor.UIElementsModule:UnityEditor.UIElements:UIElementsViewImporter)
Imported 'GUID: 2bd2d0548382d58489e8c2999daf4139' -> (Import Result ID: '3aee6a3e6bcef051d0e18f4b09aa07a9') in 0.007 seconds [static and dynamic dependencies]. Details - ImportResultOutputID=0195cba8b9ed8017c8391dc1fcde4ff4 DependenciesID=77f38a48a8bf1043d8a250423337962c StaticDependenciesID=ba80dcbce78352acc1c1a057e3f7a504 
Importing 'GUID: 6bdaec52cb3103b43999ff55dddc6a5d - Path: Packages/com.unity.render-pipelines.core/Editor-PrivateShared/Tools/Converter/Window/RenderPipelineConvertersEditor.uxml' with importer (ScriptedImporter : UnityEditor.UIElementsModule:UnityEditor.UIElements:UIElementsViewImporter)
Imported 'GUID: 6bdaec52cb3103b43999ff55dddc6a5d' -> (Import Result ID: '72afb1f587cac1f77debddae0581df35') in 0.007 seconds [static and dynamic dependencies]. Details - ImportResultOutputID=4185cb6b3fe9302cfa812f0fa4202a78 DependenciesID=831ce5b53863db7f9cbd38ce02ee9955 StaticDependenciesID=81e8aaea55ee9d6ae1d706b61d5f315f 
Importing 'GUID: 9cbd73d51dc491b4888055ae65cd9545 - Path: Packages/com.unity.inputsystem/InputSystem/Editor/UITKAssetEditor/PackageResources/NameAndParameterListViewItemTemplate.uxml' with importer (ScriptedImporter : UnityEditor.UIElementsModule:UnityEditor.UIElements:UIElementsViewImporter)
Imported 'GUID: 9cbd73d51dc491b4888055ae65cd9545' -> (Import Result ID: '1977a99684f438cad7931cf8f6289f0d') in 0.007 seconds [static and dynamic dependencies]. Details - ImportResultOutputID=ed6c6f84e148de7383b261e32d9dd7f4 DependenciesID=4b807f45fac8ea4fb4bd7978df25ab3e StaticDependenciesID=40bc09051867f9a2b25519900bd5f60c 
Importing 'GUID: acfae125fa5d7904987a696b3993d432 - Path: Packages/com.unity.inputsystem/InputSystem/Editor/UITKAssetEditor/PackageResources/CompositePartBindingPropertiesEditor.uxml' with importer (ScriptedImporter : UnityEditor.UIElementsModule:UnityEditor.UIElements:UIElementsViewImporter)
Imported 'GUID: acfae125fa5d7904987a696b3993d432' -> (Import Result ID: 'e2b062494505b0916e79a1a82fdf5b59') in 0.006 seconds [static and dynamic dependencies]. Details - ImportResultOutputID=841668708f5e76dabee3d1888e0c412d DependenciesID=b6fb871287a360f86f94041a76d08c40 StaticDependenciesID=5a17d29b528451c4b162d88b3ac9b5ee 
Importing 'GUID: dcf0e02f89cf7c848a22002b79ce27d3 - Path: Packages/com.unity.shadergraph/Editor/Resources/UXML/GraphInspector.uxml' with importer (ScriptedImporter : UnityEditor.UIElementsModule:UnityEditor.UIElements:UIElementsViewImporter)
Imported 'GUID: dcf0e02f89cf7c848a22002b79ce27d3' -> (Import Result ID: '417bdfadf7e0bfffa05403c8dc270dec') in 0.008 seconds [static and dynamic dependencies]. Details - ImportResultOutputID=eb9c45f37b297e5c6bd908824421beeb DependenciesID=845cf3c55df56fe3a7b8c06059171b31 StaticDependenciesID=6dcf8679df22768bbae4c7113b2e4e43 
Importing 'GUID: 3da0c7cf51d8e4b40a5af55a4ca63e4e - Path: Packages/com.unity.collab-proxy/Editor/Assets/Layouts/DownloadPlasticExeDialog.uxml' with importer (ScriptedImporter : UnityEditor.UIElementsModule:UnityEditor.UIElements:UIElementsViewImporter)
Imported 'GUID: 3da0c7cf51d8e4b40a5af55a4ca63e4e' -> (Import Result ID: '7fe772591a3bf46b77e04ae990b4ca08') in 0.006 seconds [static and dynamic dependencies]. Details - ImportResultOutputID=160d0344a982cc6124d57453e6ffe84e DependenciesID=0b5b406b99b75526e4f77d5f86566a48 StaticDependenciesID=78dd1425ec8d7abe0896fbc972ff10b9 
Importing 'GUID: cd1eb3c3c695c494d855ea678fe7395b - Path: Packages/com.unity.ai.navigation/Editor/ConversionSystem/converter_editor.uxml' with importer (ScriptedImporter : UnityEditor.UIElementsModule:UnityEditor.UIElements:UIElementsViewImporter)
Imported 'GUID: cd1eb3c3c695c494d855ea678fe7395b' -> (Import Result ID: 'a866ff7dc33d6ff5bebaae60090e0282') in 0.015 seconds [static and dynamic dependencies]. Details - ImportResultOutputID=f49610688aa30e3d46276c239aaea6f8 DependenciesID=eb9a32627be9fb043b4d6189e4c8080c StaticDependenciesID=bb1d6fee1d791191d8b8dc12027c2a3e 
Importing 'GUID: 2e461625111c0354980fca534f771ff3 - Path: Packages/com.unity.shadergraph/Editor/Resources/UXML/GraphSubWindow.uxml' with importer (ScriptedImporter : UnityEditor.UIElementsModule:UnityEditor.UIElements:UIElementsViewImporter)
Imported 'GUID: 2e461625111c0354980fca534f771ff3' -> (Import Result ID: '896023c991c2aaa9e7e012ad2260110d') in 0.010 seconds [static and dynamic dependencies]. Details - ImportResultOutputID=914ec805545b9e05b7e829e2c74d27bf DependenciesID=bac2a2d19b8f2b7d3383afbaf7763b52 StaticDependenciesID=b24ddd404e2b9174651551a464df5e56 
Importing 'GUID: 4ee4ce39889d8db4d8c49aa84772cd12 - Path: Packages/com.unity.shadergraph/Editor/Resources/UXML/Blackboard/SGBlackboard.uxml' with importer (ScriptedImporter : UnityEditor.UIElementsModule:UnityEditor.UIElements:UIElementsViewImporter)
Imported 'GUID: 4ee4ce39889d8db4d8c49aa84772cd12' -> (Import Result ID: '54a313168243e11a99c7a657e794bd06') in 0.007 seconds [static and dynamic dependencies]. Details - ImportResultOutputID=8eefce96fc54d2ac2bd431ad80cbbd52 DependenciesID=03a8958e13e1152d259cfb1a875e0f84 StaticDependenciesID=04830abe8297247935c688f871867b57 
Importing 'GUID: 5e5ba1167b7b68e4fb383ce19a13c5e7 - Path: Packages/com.unity.render-pipelines.core/Editor/Debugging/DebugWindow.uxml' with importer (ScriptedImporter : UnityEditor.UIElementsModule:UnityEditor.UIElements:UIElementsViewImporter)
Imported 'GUID: 5e5ba1167b7b68e4fb383ce19a13c5e7' -> (Import Result ID: '23fc861d238eddb0e300b8e8c8ed95a1') in 0.008 seconds [static and dynamic dependencies]. Details - ImportResultOutputID=415b76d3a704e4c74d619a58de478c2c DependenciesID=134657d553d0535d5baf08577dd86c33 StaticDependenciesID=90141692546a60e8f9bb4b8d0940f507 
Importing 'GUID: 8ec4570e052fbb34bbe8d52d99e76d07 - Path: Packages/com.unity.shadergraph/Editor/Resources/UXML/Resizable.uxml' with importer (ScriptedImporter : UnityEditor.UIElementsModule:UnityEditor.UIElements:UIElementsViewImporter)
Imported 'GUID: 8ec4570e052fbb34bbe8d52d99e76d07' -> (Import Result ID: 'd6ea546ce84c083409c5eacf479af015') in 0.010 seconds [static and dynamic dependencies]. Details - ImportResultOutputID=857a7cf53b98ed744d6d8199a4ee4674 DependenciesID=8314a376d1c1c0860089393b49a6a45f StaticDependenciesID=ffa1242ce837021124bccae343daaca5 
Importing 'GUID: feccc3dff22272744a267246ae760a73 - Path: Packages/com.unity.collab-proxy/Editor/Assets/Layouts/ProgressControlsForDialogs.uxml' with importer (ScriptedImporter : UnityEditor.UIElementsModule:UnityEditor.UIElements:UIElementsViewImporter)
Imported 'GUID: feccc3dff22272744a267246ae760a73' -> (Import Result ID: '98133f8ee0f3219134509b3a671dba1f') in 0.006 seconds [static and dynamic dependencies]. Details - ImportResultOutputID=164a4a84cee23c4da4aeeb69b61e247d DependenciesID=856c2c4cf05f6aa5d4e7822f9424f3e9 StaticDependenciesID=23d46fe03e0cb90e3ee840f680dea22d 
Importing 'GUID: 0fda1aff5a5744478f70542e95fd3d42 - Path: Packages/com.unity.shadergraph/Editor/Resources/UXML/PixelCacheProfiler.uxml' with importer (ScriptedImporter : UnityEditor.UIElementsModule:UnityEditor.UIElements:UIElementsViewImporter)
Imported 'GUID: 0fda1aff5a5744478f70542e95fd3d42' -> (Import Result ID: '7c609c54d43b88349a36a1a32e610629') in 0.008 seconds [static and dynamic dependencies]. Details - ImportResultOutputID=a93eb013555d2fde9fcb8e20edbea200 DependenciesID=9bab5c517fe3b599b2df3971e7754202 StaticDependenciesID=48533c1b9d9b131b2dd85fe711696aa0 
Importing 'GUID: 1f8dc278ca660e145a487c8b93679c62 - Path: Packages/com.unity.shadergraph/Editor/Resources/UXML/UITKMasterNodePreview.uxml' with importer (ScriptedImporter : UnityEditor.UIElementsModule:UnityEditor.UIElements:UIElementsViewImporter)
Imported 'GUID: 1f8dc278ca660e145a487c8b93679c62' -> (Import Result ID: '1592f8ddeabd076c1b9a84905c786870') in 0.015 seconds [static and dynamic dependencies]. Details - ImportResultOutputID=08072c6b71818ee0a889c4356e382cf9 DependenciesID=ad64e365fa0a117ea81df09fd31b118e StaticDependenciesID=52335710df63a4409f6e5f80b9aae73b 
Importing 'GUID: 3fa44185ed614414ebab354dfe5a06b6 - Path: Packages/com.unity.inputsystem/InputSystem/Editor/UITKAssetEditor/PackageResources/InputActionMapsTreeViewItem.uxml' with importer (ScriptedImporter : UnityEditor.UIElementsModule:UnityEditor.UIElements:UIElementsViewImporter)
Imported 'GUID: 3fa44185ed614414ebab354dfe5a06b6' -> (Import Result ID: '73ac35221401ad7bba140c055240233d') in 0.010 seconds [static and dynamic dependencies]. Details - ImportResultOutputID=ccde932b568164fce5130aa7c68e74df DependenciesID=00531c1655965e466b846b087a769ebe StaticDependenciesID=2f6551828f25bf511c04dec4f5f24266 
Importing 'GUID: 7f54b2764826949c192810bd3944abcc - Path: Packages/com.unity.render-pipelines.universal/Editor/2D/LightBatchingDebugger/LightBatchingDebugger.uxml' with importer (ScriptedImporter : UnityEditor.UIElementsModule:UnityEditor.UIElements:UIElementsViewImporter)
Imported 'GUID: 7f54b2764826949c192810bd3944abcc' -> (Import Result ID: '17eb1b08fe1d80be540a153b2c135776') in 0.012 seconds [static and dynamic dependencies]. Details - ImportResultOutputID=c06a2fd200ab9c8cb8e614b6955f4556 DependenciesID=5d89b02df689d7c6cc6120caaf6eaa03 StaticDependenciesID=30c3453ed51d877bd3ec940b71e9ad11 
Shader 'Hidden/Terrain/Terrain Standard 4 Layers URP': dependency 'AddPassShader' shader 'Hidden/Hidden/Terrain/Terrain Standard 4 Layers URP_AddPass' not found
Shader 'Hidden/Terrain/Terrain Standard 4 Layers URP': dependency 'BaseMapGenShader' shader 'Hidden/Hidden/Terrain/Terrain Standard 4 Layers URP_BaseMapGen' not found
Shader 'Hidden/Terrain/Terrain Standard 4 Layers URP': dependency 'BaseMapShader' shader 'Hidden/Universal Render Pipeline/Terrain/Lit (Base Pass)' not found
Shader 'Hidden/Terrain/Terrain Simple': dependency 'AddPassShader' shader 'Hidden/Hidden/Terrain/Terrain Simple_AddPass' not found
Shader 'Hidden/Terrain/Terrain Simple': dependency 'BaseMapGenShader' shader 'Hidden/Hidden/Terrain/Terrain Simple_BaseMapGen' not found
Shader 'Hidden/Terrain/Terrain Simple': dependency 'BaseMapShader' shader 'Hidden/Universal Render Pipeline/Terrain/Lit (Base Pass)' not found
WARNING: Shader Unsupported: 'Hidden/Universal Render Pipeline/Terrain/Lit (Base Pass)' - All subshaders removed
WARNING: Shader Did you use #pragma only_renderers and omit this platform?
WARNING: Shader If subshaders removal was intentional, you may have forgotten turning Fallback off?
Launched and connected shader compiler UnityShaderCompiler.exe after 0.03 seconds
Launched and connected shader compiler UnityShaderCompiler.exe after 0.03 seconds
Launched and connected shader compiler UnityShaderCompiler.exe after 0.04 seconds
Launched and connected shader compiler UnityShaderCompiler.exe after 0.06 seconds
Launched and connected shader compiler UnityShaderCompiler.exe after 0.08 seconds
No restricted APIs configured; Validation skipped.
Checking 1 assemblies for restricted APIs found 0 usage(s) in 20 ms
Launched and connected shader compiler UnityShaderCompiler.exe after 0.21 seconds
Launched and connected shader compiler UnityShaderCompiler.exe after 0.06 seconds
Loading style catalogs (8)
	StyleSheets/Extensions/base/common.uss
	UIPackageResources/StyleSheets/Default/Variables/Public/common.uss
	StyleSheets/Northstar/common.uss
	StyleSheets/Extensions/fonts/inter.uss
	StyleSheets/Extensions/base/dark.uss
	UIPackageResources/StyleSheets/Default/Northstar/Palette/dark.uss
	Packages/com.unity.timeline/Editor/StyleSheets/Extensions/dark.uss
	Packages/com.unity.timeline/Editor/StyleSheets/Extensions/common.uss
[Licensing::Client] Successfully resolved entitlement details
Refreshing native plugins compatible for Editor in 6.69 ms, found 3 plugins.

Asset Pipeline Refresh (id=549d349f0cdb2f748bdc2c500d4a8f99): Total: 244.145 seconds - Initiated by InitialRefreshV2(ForceSynchronousImport)
	(Values over 0.05ms)
	Summary:
		Imports: total=668 (actual=668, local cache=0, cache server=0)
		Asset DB Process Time: managed=137 ms, native=57035 ms
		Asset DB Callback time: managed=2242 ms, native=88667 ms
		Scripting: domain reloads=1, domain reload time=3986 ms, compile time=91965 ms, other=109 ms
		Project Asset Count: scripts=1157, non-scripts=2270
		Asset File Changes: new=243, changed=795, moved=2, deleted=272
		Scan Filter Count: 0
	InvokePackagesCallback: 45001.156ms
	ApplyChangesToAssetFolders: 2.682ms
	Scan: 1063.790ms
	Collect global state as custom dependencies: 90.210ms
	OnSourceAssetsModified: 23.774ms
	CategorizeScriptCompilationAssets: 66.736ms
	ProcessAssetsWithTransientArtifactChanges: 211.070ms
	CategorizeAssets: 357.844ms
	CompileScripts: 91964.560ms
	ImportOutOfDateAssets: 54944.983ms (4907.340ms without children)
		ImportManagerImport: 49909.837ms (1849.691ms without children)
			UpdateCategorizedAssets: 23.062ms
		ReloadNativeAssets: 21.424ms
		UnloadImportedAssets: 16.857ms
		ReloadImportedAssets: 164.169ms
		EnsureUptoDateAssetsAreRegisteredWithGuidPM: 3.305ms
		ImportSchedulerStart: 86.197ms
	PostProcessAllAssets: 46169.650ms
		ShaderAssetModifiedCallback 1736.250ms
		ComputeShaderImportPostprocess 182.689ms
		RaytracingShaderImportPostprocess 95.848ms
		AssemblyValidation.PostprocessAllAssets 93.677ms
		PostProcessCallbackCreateDeferredMaterials 8.436ms
		VersionControlSettings.HiddenFilePostprocess 6.835ms
		SpeedTreeImporter.PostprocessAllAssets 4.183ms
		BlockShaderImporter.PostprocessAllAssets 3.173ms
		LocalizationDatabase.AssetDatabasePostprocessCallback 3.011ms
		XRBuildSystem.XRAssetImported 1.161ms
		VCAutoAddAssetPostprocess 0.432ms
		WindowTitlePostprocess 0.319ms
		Canvas.OnAllAssetImport 0.307ms
		MonoPostProcessAllAssets: 2238.687ms
			SyncVS.PostprocessSyncProject 816.715ms
			StyleCatalogPostProcessor.OnPostprocessAllAssets 345.795ms
			ShaderGraphAssetPostProcessor.OnPostprocessAllAssets 224.759ms
			AssetPostprocessor.OnPostprocessAllAssets 162.117ms
			RetainedModeAssetPostprocessor.OnPostprocessAllAssets 139.312ms
			AssetChangedListener.OnPostprocessAllAssets 60.669ms
			ShaderReflectionAssetPostProcessor.OnPostprocessAllAssets 53.845ms
			ThemePostprocessor.OnPostprocessAllAssets 49.265ms
			UniversalRenderPipelineGlobalSettingsPostprocessor.OnPostprocessAllAssets 41.795ms
			MaterialPostprocessor.OnPostprocessAllAssets 40.029ms
			PostProcessor.OnPostprocessAllAssets 34.496ms
			InputActionJsonNameModifierAssetProcessor.OnPostprocessAllAssets 33.952ms
			InputActionAssetPostprocessor.OnPostprocessAllAssets 32.543ms
			BuilderAssetPostprocessor.OnPostprocessAllAssets 20.603ms
			TextAssetPostProcessor.OnPostprocessAllAssets 18.961ms
			SpeedTree9Postprocessor.OnPostprocessAllAssets 10.091ms
			RenderPipelineGlobalSettingsPostprocessor.OnPostprocessAllAssets 7.849ms
			WindowAssetPostprocessingWatcher.OnPostprocessAllAssets 7.042ms
			EditModeScopePostprocessor.OnPostprocessAllAssets 3.053ms
			ArtifactBrowserPostProcessor.OnPostprocessAllAssets 1.387ms
			UVCSAssetPostprocessor.OnPostprocessAllAssets 1.267ms
			ReferencedClipsPostProcessor.OnPostprocessAllAssets 1.111ms
			ProjectSettingsPostprocessor.OnPostprocessAllAssets 1.060ms
			AudioMixerPostprocessor.OnPostprocessAllAssets 1.060ms
			SamplePostprocessor.OnPostprocessAllAssets 1.036ms
			TMPro_TexturePostProcessor.OnPostprocessAllAssets 0.958ms
			AssetEvents.OnPostprocessAllAssets 0.748ms
			SpeedTreePostProcessor.OnPostprocessAllAssets 0.712ms
			TerrainToolbarOverlayPostProcessor.OnPostprocessAllAssets 0.672ms
			AssetDatabaseCallbacks.OnPostprocessAllAssets 0.657ms
			ConfigAssetsTracker.OnPostprocessAllAssets 0.518ms
			ScenarioDriftAssetsTracker.OnPostprocessAllAssets 0.446ms
			AssetReloadNotifier.OnPostprocessAllAssets 0.437ms
			AudioContainerPostProcessor.OnPostprocessAllAssets 0.292ms
	PostAssetChangesProfiler: 12.648ms
	GatherAllCurrentPrimaryImportResultRevisions: 1.425ms
	UnloadStreamsBegin: 5.669ms
	PersistCurrentRevisions: 3.625ms
	UnloadStreamsEnd: 0.313ms
	GenerateScriptTypeHashes: 3.804ms
	GenerateScriptTypeSerializationHashes: 6.567ms
	Untracked: 4381.658ms

Application.AssetDatabase Initial Refresh End
Scanning for USB devices : 2.400ms
Initializing Unity extensions:
[MODES] ModeService[none].Initialize
[MODES] ModeService[none].LoadModes
[MODES] Loading mode Default (0) for mode-current-id-movindacube
Opening scene 'Assets/Scenes/SampleScene.unity'
Unloading 222 Unused Serialized files (Serialized files now loaded: 0)
Loaded scene 'Assets/Scenes/SampleScene.unity'
	Deserialize:            10.898 ms
	Integration:            51.876 ms
	Integration of assets:  0.007 ms
	Thread Wait Time:       0.084 ms
	Total Operation Time:   62.866 ms
Unloading 5494 unused Assets / (22.4 MB). Loaded Objects now: 6051.
Memory consumption went from 494.9 MB to 472.4 MB.
Total: 51.386700 ms (FindLiveObjects: 1.766000 ms CreateObjectMapping: 1.160500 ms MarkObjects: 34.208400 ms  DeleteObjects: 13.449500 ms)

[LAYOUT] About to load C:/Users/esims/AppData/Roaming/Unity/Editor-5.x/Preferences\Layouts\current\default-6000.dwlt, keepMainWindow=False
Loading style catalogs (8)
	StyleSheets/Extensions/base/common.uss
	UIPackageResources/StyleSheets/Default/Variables/Public/common.uss
	StyleSheets/Northstar/common.uss
	StyleSheets/Extensions/fonts/inter.uss
	StyleSheets/Extensions/base/dark.uss
	UIPackageResources/StyleSheets/Default/Northstar/Palette/dark.uss
	Packages/com.unity.timeline/Editor/StyleSheets/Extensions/dark.uss
	Packages/com.unity.timeline/Editor/StyleSheets/Extensions/common.uss
[LAYOUT] About to save layout C:\Users\esims\movindacube\UserSettings\Layouts\default-6000.dwlt
[LAYOUT] About to save layout C:/Users/esims/AppData/Roaming/Unity/Editor-5.x/Preferences\Layouts\current\default-6000.dwlt
[MODES] ModeService[default].InitializeCurrentMode
[MODES] ModeService[default].RaiseModeChanged(default, default)
<RI> Initializing input.
Using Windows.Gaming.Input
[Project] Loading completed in 264.326 seconds ( ** New project created with template 'C:\Users\esims\AppData\Roaming\UnityHub\Templates\com.unity.template.urp-blank-17.2.5.tgz' ** )
	Project init time: 				259.865 seconds
		Template init time: 		7.150 seconds
		Package Manager init time: 		0.013 seconds
		Asset Database init time: 		1.982 seconds
		Global illumination init time: 	0.015 seconds
		Assemblies load time: 			3.570 seconds
		Unity extensions init time: 	0.032 seconds
		Asset Database refresh time: 	244.146 seconds
	Scene opening time: 			3.515 seconds
##utp:{"type":"ProjectInfo","version":2,"phase":"Immediate","time":1789579001070,"processId":28980,"projectLoad":264.3261957,"projectInit":259.8645727,"templateInit":7.1498075,"packageManagerInit":0.012733,"assetDatabaseInit":1.9824885,"globalIlluminationInit":0.0153148,"assembliesLoad":3.5700553,"unityExtensionsInit":0.032244,"assetDatabaseRefresh":244.1464666,"sceneOpening":3.5148888}
##utp:{"type":"EditorInfo","version":2,"phase":"Immediate","time":1789579001071,"processId":28980,"editorVersion":"6000.6.0f1 (f7f8ed4d1e24)","branch":"6000.6/respin/6000.6.0f1-fa21a270ab12","buildType":"Release","platform":"Windows"}
Starting new worker id: 1 with log in C:/Users/esims/movindacube/Logs/AssetImportWorkerHW1.log
[Licensing::Client] Successfully resolved entitlement details
[Worker0] Imported GUID: 052faaac586de48259a63d0c4782560b - Path: Assets/InputSystem_Actions.inputactions - Importer: PreviewImporter -> (ImportResultId: '5b01c428a266d1a89d6f46c57ac3e85e') in 0.2570412 seconds
[MODES] ModeService[default].LoadModes
[Worker0] Imported GUID: 8105016687592461f977c054a80ce2f2 - Path: Assets/Readme.asset - Importer: PreviewImporter -> (ImportResultId: 'ab285575b1056c4f813b57a0aaec4304') in 0.1040845 seconds
[Licensing::Client] Successfully resolved entitlement details
[Licensing::Client] Successfully resolved entitlement details
Created GICache directory at C:/Users/esims/AppData/LocalLow/Unity/Caches/GiCache. Took: 0.120s, timestamps: [268.912 - 269.031]
[Licensing::Client] Successfully resolved entitlement details
[Licensing::Client] Successfully resolved entitlement details
[Licensing::Client] Successfully updated the access token
[Licensing::Module] Successfully updated access token: "kxe3cqGy"... (expires: 2026-09-16T19:10:54Z)
AcceleratorClientConnectionCallback - disconnected - :0
Importing 'GUID: 0000000000000000c000000000000000 - Path: ProjectSettings/EditorSettings.asset' with importer (LibraryAssetImporter)
Imported 'GUID: 0000000000000000c000000000000000' -> (Import Result ID: '7bda09bcf21d239609cee0ee0a13735f') in 0.002 seconds [static dependencies only]. Details - ImportResultOutputID=9bf1f3a6d7407228d033acb548d88253 DependenciesID=78d97dc7c176ad9a105c03ec28adfba0 StaticDependenciesID=ece369d0d153e1f976e6421ba1161f93 
Refreshing native plugins compatible for Editor in 6.78 ms, found 3 plugins.
Asset Pipeline Refresh (id=5663f3ebf75546b43a7cb2e23c0feaa8): Total: 0.285 seconds - Initiated by RefreshV2(AllowForceSynchronousImport)
Start Indexing on Editor startup
[Indexing] Starting Initial Indexing for Assets
MonoPathRemapper: Attempts to remap: 21631; Successful remaps: 3444
Serialized file version minimum: 22, current 23
[LAYOUT] About to save layout C:\Users\esims\movindacube\UserSettings\Layouts\default-6000.dwlt
[LAYOUT] About to save layout C:/Users/esims/AppData/Roaming/Unity/Editor-5.x/Preferences\Layouts\current\default-6000.dwlt
AcceleratorClientConnectionCallback - disconnected - :0
Importing 'GUID: 00000000000000009000000000000000 - Path: ProjectSettings/QualitySettings.asset' with importer (LibraryAssetImporter)
Imported 'GUID: 00000000000000009000000000000000' -> (Import Result ID: '8151b601d05d3e12de314c2aa1f82962') in 0.006 seconds [static dependencies only]. Details - ImportResultOutputID=2a108b3da874f726c62fbe5f12be4a8a DependenciesID=6180c49ef29638684367d2893c04e070 StaticDependenciesID=5b19720d9149525484b40148944c8e26 
Refreshing native plugins compatible for Editor in 8.87 ms, found 3 plugins.

Asset Pipeline Refresh (id=1eb79bbaa99a7ce48ad117f9e4e3b929): Total: 0.320 seconds - Initiated by StopAssetImportingV2(NoUpdateAssetOptions)
	(Values over 0.05ms)
	Summary:
		Imports: total=1 (actual=1, local cache=0, cache server=0)
		Asset DB Process Time: managed=0 ms, native=299 ms
		Asset DB Callback time: managed=7 ms, native=13 ms
		Scripting: domain reloads=0, domain reload time=0 ms, compile time=0 ms, other=0 ms
		Project Asset Count: scripts=1157, non-scripts=2270
		Asset File Changes: new=0, changed=1, moved=0, deleted=0
		Scan Filter Count: 1
	ApplyChangesToAssetFolders: 1.019ms
	Scan: 117.933ms
	Collect global state as custom dependencies: 4.955ms
	OnSourceAssetsModified: 0.149ms
	ProcessAssetsWithTransientArtifactChanges: 0.076ms
	CategorizeAssets: 129.502ms
	ImportOutOfDateAssets: 18.260ms (4.848ms without children)
		ImportManagerImport: 8.487ms (0.613ms without children)
			UpdateCategorizedAssets: 0.102ms
		ReloadNativeAssets: 0.126ms
		UnloadImportedAssets: 0.956ms
		EnsureUptoDateAssetsAreRegisteredWithGuidPM: 2.398ms
		ImportSchedulerStart: 1.429ms
	PostProcessAllAssets: 10.645ms
		XRBuildSystem.XRAssetImported 3.008ms
		MonoPostProcessAllAssets: 6.933ms
			ConfigAssetsTracker.OnPostprocessAllAssets 3.187ms
			SyncVS.PostprocessSyncProject 1.559ms
			RenderPipelineGlobalSettingsPostprocessor.OnPostprocessAllAssets 0.434ms
			ShaderGraphAssetPostProcessor.OnPostprocessAllAssets 0.267ms
			AssetPostprocessor.OnPostprocessAllAssets 0.197ms
			AssetChangedListener.OnPostprocessAllAssets 0.082ms
			ShaderReflectionAssetPostProcessor.OnPostprocessAllAssets 0.080ms
			PostProcessor.OnPostprocessAllAssets 0.066ms
			BuilderAssetPostprocessor.OnPostprocessAllAssets 0.051ms
	PostAssetChangesProfiler: 9.450ms
	GatherAllCurrentPrimaryImportResultRevisions: 1.361ms
	UnloadStreamsBegin: 8.210ms
	PersistCurrentRevisions: 0.721ms
	Untracked: 13.221ms

Input System module state changed to: ShutdownInProgress.
Input Polling Thread exited.
Input System module state changed to: Shutdown.
Worker ready: AssetImportWorkerHW1 1
[Physics::Module] Cleanup current backend.
[Physics::Module] Id: 0xf2b8ea05
[Licensing::IpcConnector] LicenseClient-erik1984-notifications channel disconnected successfully.
[Licensing::IpcConnector] LicenseClient-erik1984 channel disconnected successfully.
Worker process still running after shutdown timeout - Worker ID: 1, Name: AssetImportWorkerHW1
Waited for 2 workers to exit gracefully, force killed 1 workers
WorkerManagerASIO did not receive session closed signal from shut down worker (1/2 closed)
Lingering sessions upon destruction of worker manager
Unity Data Store service was successfully shut down
UDS shutting down local client system
Shut down UDS service system complete
AcceleratorClientConnectionCallback - disconnected - :0
Cleanup mono
CodeReloadManager destroyed
abort_threads: Failed aborting id: 0000000000006A9C, mono_thread_manage will ignore it

abort_threads: Failed aborting id: 00000000000043E0, mono_thread_manage will ignore it

abort_threads: Failed aborting id: 0000000000003C5C, mono_thread_manage will ignore it

abort_threads: Failed aborting id: 0000000000006A9C, mono_thread_manage will ignore it

abort_threads: Failed aborting id: 00000000000043E0, mono_thread_manage will ignore it

abort_threads: Failed aborting id: 0000000000003C5C, mono_thread_manage will ignore it

debugger-agent: Unable to listen on 3840
Checking for leaked weakptr:
  Found no leaked weakptrs.
[Package Manager] Server process was shutdown
Internal: There are remaining Allocations on the JobTempAlloc. This is a leak, and will impact performance
To Debug, run app with -diag-job-temp-memory-leak-validation cmd line argument. This will output the callstacks of the leaked allocations.
Internal: There are remaining Allocations on the JobTempAlloc. This is a leak, and will impact performance
To Debug, run app with -diag-job-temp-memory-leak-validation cmd line argument. This will output the callstacks of the leaked allocations.
##utp:{"type":"MemoryLeaks","version":2,"phase":"Immediate","time":1789579038743,"processId":28980,"allocatedMemory":16699067,"memoryLabels":[{"Default":248446},{"Permanent":15516},{"NewDelete":68613},{"Thread":4197840},{"Manager":818789},{"VertexData":8},{"Geometry":816},{"Texture":24},{"Shader":906198},{"Material":24},{"GfxDevice":55968},{"Animation":952},{"Audio":984},{"FreeType":8},{"FontEngine":736},{"Physics":1970},{"Physics2D":16},{"Serialization":33688},{"Input":45280},{"JobScheduler":256},{"TextLib":17293},{"Mono":48},{"MonoCode":64},{"ScriptingNativeRuntime":1341384},{"BaseObject":13856},{"Resource":1208},{"Renderer":2376},{"Transform":4685},{"File":28192},{"WebCam":616},{"Culling":32},{"Terrain":11442},{"Wind":24},{"STL":40},{"String":980076},{"StaticString":3808},{"Utility":2673882},{"Curl":48},{"PoolAlloc":2360},{"AI":80},{"TypeTree":14869},{"ScriptManager":12640},{"CodeReload":448},{"RuntimeInitializeOnLoadManager":64},{"Sprites":102},{"SpriteAtlas":120},{"GI":7816},{"Director":8296},{"CloudService":7584},{"WebRequest":9576},{"VR":49650},{"SceneManager":608},{"Video":208},{"LazyScriptCache":32},{"NativeArray":5280},{"Camera":729},{"Secure":265},{"SerializationCache":9256},{"APIUpdating":10320},{"Subsystems":336},{"VirtualTexturing":57888},{"StaticSafetyDebugInfo":278528},{"Analytics":768},{"Hierarchy":1188},{"UIElements":40},{"CoreStats":14456},{"Identifiers":7152},{"Gui":128},{"EditorUtility":125614},{"VersionControl":8},{"Undo":931},{"AssetDatabase":4530207},{"AssetImporter":40},{"EditorGi":328},{"UnityConnect":36842},{"Upm":1988},{"UpmDiagnostics":8},{"AssetCompliance":96},{"DrivenProperties":72},{"LocalIPC":266},{"ProfilerEditor":9746},{"CoreBusinessMetrics":3600},{"Windowing":456},{"Licensing":12808},{"AssetReference":32},{"IPCStream":32}]}
Internal: There are remaining Allocations on the JobTempAlloc. This is a leak, and will impact performance
To Debug, run app with -diag-job-temp-memory-leak-validation cmd line argument. This will output the callstacks of the leaked allocations.
